timestamp,kw
2026-04-01 00:00:00,260.409
2026-04-01 00:30:00,279.258
2026-04-01 01:00:00,298.917
2026-04-01 01:30:00,295.371
2026-04-01 02:00:00,306.374
2026-04-01 02:30:00,266.733
2026-04-01 03:00:00,281.151
2026-04-01 03:30:00,310.429
2026-04-01 04:00:00,261.898
2026-04-01 04:30:00,294.344
2026-04-01 05:00:00,275.346
2026-04-01 05:30:00,287.201
2026-04-01 06:00:00,286.032
2026-04-01 06:30:00,266.975
2026-04-01 07:00:00,284.172
2026-04-01 07:30:00,299.995
2026-04-01 08:00:00,301.682
2026-04-01 08:30:00,354.244
2026-04-01 09:00:00,354.309
2026-04-01 09:30:00,354.584
2026-04-01 10:00:00,351.321
2026-04-01 10:30:00,378.2
2026-04-01 11:00:00,482.236
2026-04-01 11:30:00,447.498
2026-04-01 12:00:00,520.918
2026-04-01 12:30:00,577.168
2026-04-01 13:00:00,613.982
2026-04-01 13:30:00,652.218
2026-04-01 14:00:00,712.974
2026-04-01 14:30:00,771.703
2026-04-01 15:00:00,815.336
2026-04-01 15:30:00,906.457
2026-04-01 16:00:00,903.516
2026-04-01 16:30:00,909.683
2026-04-01 17:00:00,931.924
2026-04-01 17:30:00,939.477
2026-04-01 18:00:00,895.129
2026-04-01 18:30:00,895.814
2026-04-01 19:00:00,801.295
2026-04-01 19:30:00,814.648
2026-04-01 20:00:00,732.372
2026-04-01 20:30:00,676.073
2026-04-01 21:00:00,604.44
2026-04-01 21:30:00,537.448
2026-04-01 22:00:00,476.405
2026-04-01 22:30:00,453.675
2026-04-01 23:00:00,447.582
2026-04-01 23:30:00,374.768
2026-04-02 00:00:00,240.07
2026-04-02 00:30:00,256.06
2026-04-02 01:00:00,269.177
2026-04-02 01:30:00,270.181
2026-04-02 02:00:00,275.633
2026-04-02 02:30:00,304.735
2026-04-02 03:00:00,310.262
2026-04-02 03:30:00,329.355
2026-04-02 04:00:00,238.906
2026-04-02 04:30:00,258.634
2026-04-02 05:00:00,298.287
2026-04-02 05:30:00,270.704
2026-04-02 06:00:00,305.438
2026-04-02 06:30:00,291.859
2026-04-02 07:00:00,330.169
2026-04-02 07:30:00,322.439
2026-04-02 08:00:00,330.776
2026-04-02 08:30:00,304.629
2026-04-02 09:00:00,326.623
2026-04-02 09:30:00,339.703
2026-04-02 10:00:00,332.753
2026-04-02 10:30:00,435.595
2026-04-02 11:00:00,451.525
2026-04-02 11:30:00,464.119
2026-04-02 12:00:00,550.686
2026-04-02 12:30:00,552.385
2026-04-02 13:00:00,575.812
2026-04-02 13:30:00,702.457
2026-04-02 14:00:00,700.632
2026-04-02 14:30:00,780.471
2026-04-02 15:00:00,838.226
2026-04-02 15:30:00,882.901
2026-04-02 16:00:00,924.955
2026-04-02 16:30:00,937.299
2026-04-02 17:00:00,942.997
2026-04-02 17:30:00,903.009
2026-04-02 18:00:00,911.101
2026-04-02 18:30:00,835.626
2026-04-02 19:00:00,872.127
2026-04-02 19:30:00,750.301
2026-04-02 20:00:00,723.935
2026-04-02 20:30:00,644.301
2026-04-02 21:00:00,603.511
2026-04-02 21:30:00,568.48
2026-04-02 22:00:00,504.852
2026-04-02 22:30:00,501.351
2026-04-02 23:00:00,438.563
2026-04-02 23:30:00,387.228
2026-04-03 00:00:00,275.442
2026-04-03 00:30:00,309.28
2026-04-03 01:00:00,301.52
2026-04-03 01:30:00,250.349
2026-04-03 02:00:00,261.839
2026-04-03 02:30:00,290.79
2026-04-03 03:00:00,287.865
2026-04-03 03:30:00,252.959
2026-04-03 04:00:00,298.257
2026-04-03 04:30:00,257.759
2026-04-03 05:00:00,313.42
2026-04-03 05:30:00,295.291
2026-04-03 06:00:00,255.62
2026-04-03 06:30:00,273.455
2026-04-03 07:00:00,277.027
2026-04-03 07:30:00,300.368
2026-04-03 08:00:00,299.151
2026-04-03 08:30:00,286.289
2026-04-03 09:00:00,294.203
2026-04-03 09:30:00,361.06
2026-04-03 10:00:00,377.556
2026-04-03 10:30:00,401.439
2026-04-03 11:00:00,439.659
2026-04-03 11:30:00,457.272
2026-04-03 12:00:00,522.671
2026-04-03 12:30:00,631.607
2026-04-03 13:00:00,651.13
2026-04-03 13:30:00,670.063
2026-04-03 14:00:00,719.512
2026-04-03 14:30:00,713.854
2026-04-03 15:00:00,859.791
2026-04-03 15:30:00,892.93
2026-04-03 16:00:00,890.149
2026-04-03 16:30:00,886.985
2026-04-03 17:00:00,900.368
2026-04-03 17:30:00,933.888
2026-04-03 18:00:00,901.511
2026-04-03 18:30:00,890.554
2026-04-03 19:00:00,835.234
2026-04-03 19:30:00,809.534
2026-04-03 20:00:00,741.835
2026-04-03 20:30:00,697.993
2026-04-03 21:00:00,569.523
2026-04-03 21:30:00,537.285
2026-04-03 22:00:00,508.963
2026-04-03 22:30:00,499.734
2026-04-03 23:00:00,479.904
2026-04-03 23:30:00,394.694
2026-04-04 00:00:00,129.677
2026-04-04 00:30:00,96.095
2026-04-04 01:00:00,166.564
2026-04-04 01:30:00,131.231
2026-04-04 02:00:00,218.963
2026-04-04 02:30:00,126.553
2026-04-04 03:00:00,197.728
2026-04-04 03:30:00,163.903
2026-04-04 04:00:00,119.648
2026-04-04 04:30:00,151.42
2026-04-04 05:00:00,165.313
2026-04-04 05:30:00,141.037
2026-04-04 06:00:00,168.587
2026-04-04 06:30:00,169.473
2026-04-04 07:00:00,166.067
2026-04-04 07:30:00,153.701
2026-04-04 08:00:00,128.837
2026-04-04 08:30:00,161.842
2026-04-04 09:00:00,175.513
2026-04-04 09:30:00,133.713
2026-04-04 10:00:00,196.839
2026-04-04 10:30:00,204.956
2026-04-04 11:00:00,192.687
2026-04-04 11:30:00,237.502
2026-04-04 12:00:00,261.601
2026-04-04 12:30:00,343.687
2026-04-04 13:00:00,328.821
2026-04-04 13:30:00,378.083
2026-04-04 14:00:00,378.005
2026-04-04 14:30:00,361.542
2026-04-04 15:00:00,450.007
2026-04-04 15:30:00,437.643
2026-04-04 16:00:00,461.557
2026-04-04 16:30:00,453.52
2026-04-04 17:00:00,485.029
2026-04-04 17:30:00,506.474
2026-04-04 18:00:00,493.266
2026-04-04 18:30:00,493.752
2026-04-04 19:00:00,476.397
2026-04-04 19:30:00,357.243
2026-04-04 20:00:00,351.109
2026-04-04 20:30:00,306.977
2026-04-04 21:00:00,339.116
2026-04-04 21:30:00,278.108
2026-04-04 22:00:00,257.168
2026-04-04 22:30:00,240.412
2026-04-04 23:00:00,234.667
2026-04-04 23:30:00,170.243
2026-04-05 00:00:00,113.495
2026-04-05 00:30:00,145.002
2026-04-05 01:00:00,174.944
2026-04-05 01:30:00,144.351
2026-04-05 02:00:00,125.213
2026-04-05 02:30:00,91.333
2026-04-05 03:00:00,168.913
2026-04-05 03:30:00,126.796
2026-04-05 04:00:00,116.669
2026-04-05 04:30:00,102.733
2026-04-05 05:00:00,110.051
2026-04-05 05:30:00,122.638
2026-04-05 06:00:00,141.666
2026-04-05 06:30:00,118.856
2026-04-05 07:00:00,155.801
2026-04-05 07:30:00,147.952
2026-04-05 08:00:00,213.76
2026-04-05 08:30:00,121.15
2026-04-05 09:00:00,175.148
2026-04-05 09:30:00,184.964
2026-04-05 10:00:00,166.844
2026-04-05 10:30:00,209.757
2026-04-05 11:00:00,244.343
2026-04-05 11:30:00,248.24
2026-04-05 12:00:00,304.009
2026-04-05 12:30:00,240.993
2026-04-05 13:00:00,302.262
2026-04-05 13:30:00,389.058
2026-04-05 14:00:00,403.751
2026-04-05 14:30:00,421.903
2026-04-05 15:00:00,464.028
2026-04-05 15:30:00,406.184
2026-04-05 16:00:00,489.837
2026-04-05 16:30:00,506.454
2026-04-05 17:00:00,466.742
2026-04-05 17:30:00,545.575
2026-04-05 18:00:00,474.856
2026-04-05 18:30:00,399.278
2026-04-05 19:00:00,442.73
2026-04-05 19:30:00,390.394
2026-04-05 20:00:00,410.075
2026-04-05 20:30:00,365.881
2026-04-05 21:00:00,308.37
2026-04-05 21:30:00,332.996
2026-04-05 22:00:00,292.883
2026-04-05 22:30:00,225.129
2026-04-05 23:00:00,221.302
2026-04-05 23:30:00,220.299
2026-04-06 00:00:00,269.675
2026-04-06 00:30:00,270.427
2026-04-06 01:00:00,279.716
2026-04-06 01:30:00,252.174
2026-04-06 02:00:00,223.036
2026-04-06 02:30:00,284.898
2026-04-06 03:00:00,229.309
2026-04-06 03:30:00,254.393
2026-04-06 04:00:00,235.239
2026-04-06 04:30:00,238.82
2026-04-06 05:00:00,291.484
2026-04-06 05:30:00,276.497
2026-04-06 06:00:00,277.458
2026-04-06 06:30:00,253.784
2026-04-06 07:00:00,274.293
2026-04-06 07:30:00,305.783
2026-04-06 08:00:00,302.948
2026-04-06 08:30:00,335.493
2026-04-06 09:00:00,353.187
2026-04-06 09:30:00,341.029
2026-04-06 10:00:00,324.094
2026-04-06 10:30:00,379.884
2026-04-06 11:00:00,430.448
2026-04-06 11:30:00,453.333
2026-04-06 12:00:00,491.706
2026-04-06 12:30:00,569.888
2026-04-06 13:00:00,682.523
2026-04-06 13:30:00,665.068
2026-04-06 14:00:00,732.526
2026-04-06 14:30:00,752.565
2026-04-06 15:00:00,864.158
2026-04-06 15:30:00,895.133
2026-04-06 16:00:00,923.888
2026-04-06 16:30:00,956.773
2026-04-06 17:00:00,918.566
2026-04-06 17:30:00,915.217
2026-04-06 18:00:00,946.491
2026-04-06 18:30:00,889.083
2026-04-06 19:00:00,777.593
2026-04-06 19:30:00,796.736
2026-04-06 20:00:00,718.054
2026-04-06 20:30:00,699.727
2026-04-06 21:00:00,631.97
2026-04-06 21:30:00,524.63
2026-04-06 22:00:00,524.792
2026-04-06 22:30:00,478.011
2026-04-06 23:00:00,441.977
2026-04-06 23:30:00,413.189
2026-04-07 00:00:00,316.18
2026-04-07 00:30:00,289.134
2026-04-07 01:00:00,279.371
2026-04-07 01:30:00,307.518
2026-04-07 02:00:00,334.924
2026-04-07 02:30:00,301.797
2026-04-07 03:00:00,284.186
2026-04-07 03:30:00,290.032
2026-04-07 04:00:00,285.93
2026-04-07 04:30:00,280.494
2026-04-07 05:00:00,334.954
2026-04-07 05:30:00,263.328
2026-04-07 06:00:00,312.791
2026-04-07 06:30:00,283.535
2026-04-07 07:00:00,253.678
2026-04-07 07:30:00,291.664
2026-04-07 08:00:00,290.581
2026-04-07 08:30:00,329.365
2026-04-07 09:00:00,331.342
2026-04-07 09:30:00,321.784
2026-04-07 10:00:00,407.175
2026-04-07 10:30:00,426.054
2026-04-07 11:00:00,472.542
2026-04-07 11:30:00,478.669
2026-04-07 12:00:00,517.178
2026-04-07 12:30:00,585.733
2026-04-07 13:00:00,607.329
2026-04-07 13:30:00,680.525
2026-04-07 14:00:00,728.204
2026-04-07 14:30:00,748.84
2026-04-07 15:00:00,836.26
2026-04-07 15:30:00,862.24
2026-04-07 16:00:00,897.681
2026-04-07 16:30:00,931.872
2026-04-07 17:00:00,961.063
2026-04-07 17:30:00,901.558
2026-04-07 18:00:00,895.331
2026-04-07 18:30:00,854.137
2026-04-07 19:00:00,812.319
2026-04-07 19:30:00,770.501
2026-04-07 20:00:00,727.685
2026-04-07 20:30:00,691.92
2026-04-07 21:00:00,629.777
2026-04-07 21:30:00,541.723
2026-04-07 22:00:00,550.425
2026-04-07 22:30:00,496.355
2026-04-07 23:00:00,410.361
2026-04-07 23:30:00,429.403
2026-04-08 00:00:00,286.955
2026-04-08 00:30:00,274.876
2026-04-08 01:00:00,287.75
2026-04-08 01:30:00,278.174
2026-04-08 02:00:00,292.482
2026-04-08 02:30:00,283.603
2026-04-08 03:00:00,270.595
2026-04-08 03:30:00,228.573
2026-04-08 04:00:00,292.709
2026-04-08 04:30:00,270.689
2026-04-08 05:00:00,300.273
2026-04-08 05:30:00,294.096
2026-04-08 06:00:00,275.227
2026-04-08 06:30:00,312.256
2026-04-08 07:00:00,295.81
2026-04-08 07:30:00,300.463
2026-04-08 08:00:00,300.797
2026-04-08 08:30:00,357.015
2026-04-08 09:00:00,311.228
2026-04-08 09:30:00,339.268
2026-04-08 10:00:00,339.467
2026-04-08 10:30:00,416.969
2026-04-08 11:00:00,418.337
2026-04-08 11:30:00,460.994
2026-04-08 12:00:00,505.148
2026-04-08 12:30:00,569.712
2026-04-08 13:00:00,590.497
2026-04-08 13:30:00,621.192
2026-04-08 14:00:00,744.039
2026-04-08 14:30:00,732.526
2026-04-08 15:00:00,854.427
2026-04-08 15:30:00,912.228
2026-04-08 16:00:00,899.639
2026-04-08 16:30:00,955.265
2026-04-08 17:00:00,928.644
2026-04-08 17:30:00,962.759
2026-04-08 18:00:00,892.339
2026-04-08 18:30:00,814.142
2026-04-08 19:00:00,831.075
2026-04-08 19:30:00,828.065
2026-04-08 20:00:00,745.97
2026-04-08 20:30:00,664.39
2026-04-08 21:00:00,629.988
2026-04-08 21:30:00,592.422
2026-04-08 22:00:00,515.931
2026-04-08 22:30:00,538.405
2026-04-08 23:00:00,419.955
2026-04-08 23:30:00,423.863
2026-04-09 00:00:00,297.83
2026-04-09 00:30:00,261.291
2026-04-09 01:00:00,268.187
2026-04-09 01:30:00,304.271
2026-04-09 02:00:00,282.475
2026-04-09 02:30:00,287.372
2026-04-09 03:00:00,238.132
2026-04-09 03:30:00,295.619
2026-04-09 04:00:00,286.711
2026-04-09 04:30:00,278.433
2026-04-09 05:00:00,289.847
2026-04-09 05:30:00,271.824
2026-04-09 06:00:00,269.121
2026-04-09 06:30:00,280.635
2026-04-09 07:00:00,279.084
2026-04-09 07:30:00,350.885
2026-04-09 08:00:00,327.047
2026-04-09 08:30:00,290.714
2026-04-09 09:00:00,379.967
2026-04-09 09:30:00,336.513
2026-04-09 10:00:00,371.136
2026-04-09 10:30:00,421.236
2026-04-09 11:00:00,383.641
2026-04-09 11:30:00,466.819
2026-04-09 12:00:00,503.738
2026-04-09 12:30:00,573.271
2026-04-09 13:00:00,631.017
2026-04-09 13:30:00,675.342
2026-04-09 14:00:00,729.505
2026-04-09 14:30:00,811.994
2026-04-09 15:00:00,840.61
2026-04-09 15:30:00,874.3
2026-04-09 16:00:00,907.441
2026-04-09 16:30:00,968.675
2026-04-09 17:00:00,933.567
2026-04-09 17:30:00,909.916
2026-04-09 18:00:00,856.02
2026-04-09 18:30:00,837.416
2026-04-09 19:00:00,821.398
2026-04-09 19:30:00,782.656
2026-04-09 20:00:00,718.705
2026-04-09 20:30:00,686.052
2026-04-09 21:00:00,607.553
2026-04-09 21:30:00,545.282
2026-04-09 22:00:00,533.387
2026-04-09 22:30:00,506.98
2026-04-09 23:00:00,405.211
2026-04-09 23:30:00,404.893
2026-04-10 00:00:00,231.156
2026-04-10 00:30:00,241.924
2026-04-10 01:00:00,264.079
2026-04-10 01:30:00,307.191
2026-04-10 02:00:00,259.388
2026-04-10 02:30:00,258.517
2026-04-10 03:00:00,279.933
2026-04-10 03:30:00,280.146
2026-04-10 04:00:00,259.901
2026-04-10 04:30:00,329.686
2026-04-10 05:00:00,274.191
2026-04-10 05:30:00,284.894
2026-04-10 06:00:00,273.874
2026-04-10 06:30:00,297.681
2026-04-10 07:00:00,321.563
2026-04-10 07:30:00,337.963
2026-04-10 08:00:00,285.193
2026-04-10 08:30:00,342.446
2026-04-10 09:00:00,342.802
2026-04-10 09:30:00,371.698
2026-04-10 10:00:00,368.103
2026-04-10 10:30:00,394.124
2026-04-10 11:00:00,456.283
2026-04-10 11:30:00,496.612
2026-04-10 12:00:00,557.214
2026-04-10 12:30:00,573.108
2026-04-10 13:00:00,619.093
2026-04-10 13:30:00,615.777
2026-04-10 14:00:00,692.314
2026-04-10 14:30:00,775.509
2026-04-10 15:00:00,805.547
2026-04-10 15:30:00,893.618
2026-04-10 16:00:00,870.994
2026-04-10 16:30:00,910.245
2026-04-10 17:00:00,917.699
2026-04-10 17:30:00,952.896
2026-04-10 18:00:00,888.539
2026-04-10 18:30:00,884.575
2026-04-10 19:00:00,837.966
2026-04-10 19:30:00,807.948
2026-04-10 20:00:00,753.851
2026-04-10 20:30:00,676.437
2026-04-10 21:00:00,579.358
2026-04-10 21:30:00,562.351
2026-04-10 22:00:00,517.572
2026-04-10 22:30:00,479.895
2026-04-10 23:00:00,414.452
2026-04-10 23:30:00,427.323
2026-04-11 00:00:00,145.307
2026-04-11 00:30:00,121.957
2026-04-11 01:00:00,133.519
2026-04-11 01:30:00,193.199
2026-04-11 02:00:00,161.614
2026-04-11 02:30:00,171.25
2026-04-11 03:00:00,119.056
2026-04-11 03:30:00,127.973
2026-04-11 04:00:00,128.32
2026-04-11 04:30:00,150.226
2026-04-11 05:00:00,141.679
2026-04-11 05:30:00,134.431
2026-04-11 06:00:00,138.536
2026-04-11 06:30:00,129.224
2026-04-11 07:00:00,146.662
2026-04-11 07:30:00,181.944
2026-04-11 08:00:00,120.382
2026-04-11 08:30:00,172.423
2026-04-11 09:00:00,205.613
2026-04-11 09:30:00,176.034
2026-04-11 10:00:00,179.386
2026-04-11 10:30:00,230.482
2026-04-11 11:00:00,200.498
2026-04-11 11:30:00,245.26
2026-04-11 12:00:00,243.401
2026-04-11 12:30:00,248.682
2026-04-11 13:00:00,319.518
2026-04-11 13:30:00,320.597
2026-04-11 14:00:00,380.658
2026-04-11 14:30:00,436.266
2026-04-11 15:00:00,479.554
2026-04-11 15:30:00,456.436
2026-04-11 16:00:00,495.428
2026-04-11 16:30:00,489.818
2026-04-11 17:00:00,473.632
2026-04-11 17:30:00,431.725
2026-04-11 18:00:00,510.609
2026-04-11 18:30:00,427.87
2026-04-11 19:00:00,467.767
2026-04-11 19:30:00,421.81
2026-04-11 20:00:00,356.55
2026-04-11 20:30:00,359.982
2026-04-11 21:00:00,376.641
2026-04-11 21:30:00,333.826
2026-04-11 22:00:00,256.579
2026-04-11 22:30:00,228.028
2026-04-11 23:00:00,227.608
2026-04-11 23:30:00,203.238
2026-04-12 00:00:00,174.96
2026-04-12 00:30:00,163.459
2026-04-12 01:00:00,102.669
2026-04-12 01:30:00,156.453
2026-04-12 02:00:00,140.527
2026-04-12 02:30:00,145.966
2026-04-12 03:00:00,151.32
2026-04-12 03:30:00,175.162
2026-04-12 04:00:00,169.8
2026-04-12 04:30:00,126.872
2026-04-12 05:00:00,144.564
2026-04-12 05:30:00,135.455
2026-04-12 06:00:00,105.591
2026-04-12 06:30:00,146.34
2026-04-12 07:00:00,197.277
2026-04-12 07:30:00,111.312
2026-04-12 08:00:00,157.609
2026-04-12 08:30:00,162.358
2026-04-12 09:00:00,178.304
2026-04-12 09:30:00,156.546
2026-04-12 10:00:00,156.98
2026-04-12 10:30:00,172.911
2026-04-12 11:00:00,258.376
2026-04-12 11:30:00,221.26
2026-04-12 12:00:00,256.908
2026-04-12 12:30:00,348.051
2026-04-12 13:00:00,304.962
2026-04-12 13:30:00,360.742
2026-04-12 14:00:00,407.545
2026-04-12 14:30:00,433.783
2026-04-12 15:00:00,399.909
2026-04-12 15:30:00,436.264
2026-04-12 16:00:00,477.506
2026-04-12 16:30:00,528.07
2026-04-12 17:00:00,464.172
2026-04-12 17:30:00,467.504
2026-04-12 18:00:00,480.437
2026-04-12 18:30:00,469.589
2026-04-12 19:00:00,450.204
2026-04-12 19:30:00,387.231
2026-04-12 20:00:00,367.649
2026-04-12 20:30:00,357.57
2026-04-12 21:00:00,354.876
2026-04-12 21:30:00,289.473
2026-04-12 22:00:00,268.84
2026-04-12 22:30:00,220.179
2026-04-12 23:00:00,271.684
2026-04-12 23:30:00,211.233
2026-04-13 00:00:00,305.725
2026-04-13 00:30:00,279.535
2026-04-13 01:00:00,280.93
2026-04-13 01:30:00,241.311
2026-04-13 02:00:00,225.086
2026-04-13 02:30:00,310.217
2026-04-13 03:00:00,280.983
2026-04-13 03:30:00,284.38
2026-04-13 04:00:00,248.303
2026-04-13 04:30:00,257.454
2026-04-13 05:00:00,307.382
2026-04-13 05:30:00,325.558
2026-04-13 06:00:00,268.386
2026-04-13 06:30:00,303.469
2026-04-13 07:00:00,295.439
2026-04-13 07:30:00,293.358
2026-04-13 08:00:00,350.549
2026-04-13 08:30:00,303.596
2026-04-13 09:00:00,360.078
2026-04-13 09:30:00,356.87
2026-04-13 10:00:00,369.978
2026-04-13 10:30:00,433.101
2026-04-13 11:00:00,440.144
2026-04-13 11:30:00,470.334
2026-04-13 12:00:00,552.557
2026-04-13 12:30:00,599.376
2026-04-13 13:00:00,651.815
2026-04-13 13:30:00,580.078
2026-04-13 14:00:00,743.6
2026-04-13 14:30:00,790.668
2026-04-13 15:00:00,832.202
2026-04-13 15:30:00,888.509
2026-04-13 16:00:00,910.258
2026-04-13 16:30:00,939.723
2026-04-13 17:00:00,922.551
2026-04-13 17:30:00,960.232
2026-04-13 18:00:00,923.218
2026-04-13 18:30:00,886.828
2026-04-13 19:00:00,845.416
2026-04-13 19:30:00,814.297
2026-04-13 20:00:00,758.138
2026-04-13 20:30:00,674.454
2026-04-13 21:00:00,646.523
2026-04-13 21:30:00,572.495
2026-04-13 22:00:00,565.995
2026-04-13 22:30:00,500.188
2026-04-13 23:00:00,417.25
2026-04-13 23:30:00,457.068
2026-04-14 00:00:00,226.23
2026-04-14 00:30:00,294.721
2026-04-14 01:00:00,261.392
2026-04-14 01:30:00,325.873
2026-04-14 02:00:00,285.175
2026-04-14 02:30:00,259.075
2026-04-14 03:00:00,272.369
2026-04-14 03:30:00,261.371
2026-04-14 04:00:00,271.885
2026-04-14 04:30:00,271.815
2026-04-14 05:00:00,262.046
2026-04-14 05:30:00,288.806
2026-04-14 06:00:00,293.699
2026-04-14 06:30:00,261.774
2026-04-14 07:00:00,249.232
2026-04-14 07:30:00,304.145
2026-04-14 08:00:00,317.548
2026-04-14 08:30:00,333.181
2026-04-14 09:00:00,342.839
2026-04-14 09:30:00,386.652
2026-04-14 10:00:00,395.327
2026-04-14 10:30:00,465.796
2026-04-14 11:00:00,510.407
2026-04-14 11:30:00,428.792
2026-04-14 12:00:00,463.143
2026-04-14 12:30:00,567.959
2026-04-14 13:00:00,634.371
2026-04-14 13:30:00,675.376
2026-04-14 14:00:00,750.186
2026-04-14 14:30:00,778.609
2026-04-14 15:00:00,815.724
2026-04-14 15:30:00,859.692
2026-04-14 16:00:00,898.74
2026-04-14 16:30:00,943.865
2026-04-14 17:00:00,917.081
2026-04-14 17:30:00,915.553
2026-04-14 18:00:00,918.0
2026-04-14 18:30:00,868.294
2026-04-14 19:00:00,860.991
2026-04-14 19:30:00,762.378
2026-04-14 20:00:00,704.187
2026-04-14 20:30:00,684.889
2026-04-14 21:00:00,631.873
2026-04-14 21:30:00,546.52
2026-04-14 22:00:00,551.661
2026-04-14 22:30:00,520.868
2026-04-14 23:00:00,417.194
2026-04-14 23:30:00,435.983
2026-04-15 00:00:00,219.228
2026-04-15 00:30:00,305.69
2026-04-15 01:00:00,257.354
2026-04-15 01:30:00,303.22
2026-04-15 02:00:00,254.823
2026-04-15 02:30:00,277.208
2026-04-15 03:00:00,258.778
2026-04-15 03:30:00,273.872
2026-04-15 04:00:00,325.277
2026-04-15 04:30:00,277.332
2026-04-15 05:00:00,333.582
2026-04-15 05:30:00,272.409
2026-04-15 06:00:00,321.212
2026-04-15 06:30:00,246.039
2026-04-15 07:00:00,283.526
2026-04-15 07:30:00,282.969
2026-04-15 08:00:00,342.693
2026-04-15 08:30:00,319.557
2026-04-15 09:00:00,276.858
2026-04-15 09:30:00,314.581
2026-04-15 10:00:00,345.083
2026-04-15 10:30:00,422.152
2026-04-15 11:00:00,453.016
2026-04-15 11:30:00,465.235
2026-04-15 12:00:00,504.359
2026-04-15 12:30:00,586.054
2026-04-15 13:00:00,593.527
2026-04-15 13:30:00,688.715
2026-04-15 14:00:00,741.909
2026-04-15 14:30:00,778.501
2026-04-15 15:00:00,843.015
2026-04-15 15:30:00,875.817
2026-04-15 16:00:00,916.18
2026-04-15 16:30:00,889.425
2026-04-15 17:00:00,944.613
2026-04-15 17:30:00,948.443
2026-04-15 18:00:00,911.768
2026-04-15 18:30:00,888.295
2026-04-15 19:00:00,830.325
2026-04-15 19:30:00,807.649
2026-04-15 20:00:00,734.227
2026-04-15 20:30:00,648.575
2026-04-15 21:00:00,642.271
2026-04-15 21:30:00,527.29
2026-04-15 22:00:00,525.141
2026-04-15 22:30:00,463.139
2026-04-15 23:00:00,421.687
2026-04-15 23:30:00,403.1
2026-04-16 00:00:00,261.049
2026-04-16 00:30:00,291.592
2026-04-16 01:00:00,280.218
2026-04-16 01:30:00,263.386
2026-04-16 02:00:00,312.31
2026-04-16 02:30:00,284.039
2026-04-16 03:00:00,294.801
2026-04-16 03:30:00,314.634
2026-04-16 04:00:00,314.534
2026-04-16 04:30:00,294.525
2026-04-16 05:00:00,273.258
2026-04-16 05:30:00,246.312
2026-04-16 06:00:00,289.086
2026-04-16 06:30:00,314.046
2026-04-16 07:00:00,299.547
2026-04-16 07:30:00,210.257
2026-04-16 08:00:00,326.002
2026-04-16 08:30:00,338.213
2026-04-16 09:00:00,321.529
2026-04-16 09:30:00,372.044
2026-04-16 10:00:00,386.099
2026-04-16 10:30:00,381.663
2026-04-16 11:00:00,464.673
2026-04-16 11:30:00,441.058
2026-04-16 12:00:00,516.64
2026-04-16 12:30:00,564.219
2026-04-16 13:00:00,601.13
2026-04-16 13:30:00,684.868
2026-04-16 14:00:00,765.355
2026-04-16 14:30:00,816.559
2026-04-16 15:00:00,851.165
2026-04-16 15:30:00,830.866
2026-04-16 16:00:00,870.346
2026-04-16 16:30:00,926.932
2026-04-16 17:00:00,928.394
2026-04-16 17:30:00,910.326
2026-04-16 18:00:00,951.378
2026-04-16 18:30:00,875.911
2026-04-16 19:00:00,846.634
2026-04-16 19:30:00,810.063
2026-04-16 20:00:00,733.97
2026-04-16 20:30:00,742.05
2026-04-16 21:00:00,598.256
2026-04-16 21:30:00,552.992
2026-04-16 22:00:00,494.501
2026-04-16 22:30:00,511.811
2026-04-16 23:00:00,452.943
2026-04-16 23:30:00,385.197
2026-04-17 00:00:00,257.184
2026-04-17 00:30:00,313.409
2026-04-17 01:00:00,287.84
2026-04-17 01:30:00,314.079
2026-04-17 02:00:00,277.352
2026-04-17 02:30:00,291.708
2026-04-17 03:00:00,286.537
2026-04-17 03:30:00,263.616
2026-04-17 04:00:00,275.925
2026-04-17 04:30:00,250.423
2026-04-17 05:00:00,293.177
2026-04-17 05:30:00,301.086
2026-04-17 06:00:00,308.672
2026-04-17 06:30:00,303.345
2026-04-17 07:00:00,287.484
2026-04-17 07:30:00,335.171
2026-04-17 08:00:00,326.558
2026-04-17 08:30:00,349.64
2026-04-17 09:00:00,365.342
2026-04-17 09:30:00,344.195
2026-04-17 10:00:00,380.097
2026-04-17 10:30:00,418.164
2026-04-17 11:00:00,404.162
2026-04-17 11:30:00,444.571
2026-04-17 12:00:00,485.589
2026-04-17 12:30:00,565.442
2026-04-17 13:00:00,613.433
2026-04-17 13:30:00,641.381
2026-04-17 14:00:00,736.33
2026-04-17 14:30:00,782.975
2026-04-17 15:00:00,862.629
2026-04-17 15:30:00,923.589
2026-04-17 16:00:00,915.156
2026-04-17 16:30:00,905.362
2026-04-17 17:00:00,945.418
2026-04-17 17:30:00,923.01
2026-04-17 18:00:00,897.741
2026-04-17 18:30:00,851.724
2026-04-17 19:00:00,821.468
2026-04-17 19:30:00,780.921
2026-04-17 20:00:00,752.698
2026-04-17 20:30:00,690.049
2026-04-17 21:00:00,667.405
2026-04-17 21:30:00,585.003
2026-04-17 22:00:00,528.679
2026-04-17 22:30:00,465.089
2026-04-17 23:00:00,406.954
2026-04-17 23:30:00,384.553
2026-04-18 00:00:00,127.47
2026-04-18 00:30:00,80.947
2026-04-18 01:00:00,119.759
2026-04-18 01:30:00,185.041
2026-04-18 02:00:00,154.22
2026-04-18 02:30:00,135.625
2026-04-18 03:00:00,155.058
2026-04-18 03:30:00,96.359
2026-04-18 04:00:00,152.408
2026-04-18 04:30:00,177.553
2026-04-18 05:00:00,143.001
2026-04-18 05:30:00,102.369
2026-04-18 06:00:00,137.289
2026-04-18 06:30:00,181.056
2026-04-18 07:00:00,157.624
2026-04-18 07:30:00,118.655
2026-04-18 08:00:00,217.401
2026-04-18 08:30:00,132.416
2026-04-18 09:00:00,165.038
2026-04-18 09:30:00,154.679
2026-04-18 10:00:00,166.708
2026-04-18 10:30:00,196.072
2026-04-18 11:00:00,241.007
2026-04-18 11:30:00,278.091
2026-04-18 12:00:00,259.743
2026-04-18 12:30:00,270.181
2026-04-18 13:00:00,335.284
2026-04-18 13:30:00,364.881
2026-04-18 14:00:00,386.959
2026-04-18 14:30:00,415.284
2026-04-18 15:00:00,430.384
2026-04-18 15:30:00,456.551
2026-04-18 16:00:00,465.406
2026-04-18 16:30:00,506.6
2026-04-18 17:00:00,538.921
2026-04-18 17:30:00,484.336
2026-04-18 18:00:00,469.783
2026-04-18 18:30:00,460.494
2026-04-18 19:00:00,416.75
2026-04-18 19:30:00,427.514
2026-04-18 20:00:00,391.979
2026-04-18 20:30:00,341.67
2026-04-18 21:00:00,345.87
2026-04-18 21:30:00,295.91
2026-04-18 22:00:00,245.146
2026-04-18 22:30:00,254.617
2026-04-18 23:00:00,231.028
2026-04-18 23:30:00,231.387
2026-04-19 00:00:00,165.755
2026-04-19 00:30:00,142.239
2026-04-19 01:00:00,133.173
2026-04-19 01:30:00,145.029
2026-04-19 02:00:00,154.087
2026-04-19 02:30:00,157.132
2026-04-19 03:00:00,152.631
2026-04-19 03:30:00,142.925
2026-04-19 04:00:00,170.276
2026-04-19 04:30:00,128.758
2026-04-19 05:00:00,208.014
2026-04-19 05:30:00,165.745
2026-04-19 06:00:00,119.45
2026-04-19 06:30:00,153.705
2026-04-19 07:00:00,170.475
2026-04-19 07:30:00,145.379
2026-04-19 08:00:00,120.831
2026-04-19 08:30:00,137.785
2026-04-19 09:00:00,184.663
2026-04-19 09:30:00,136.749
2026-04-19 10:00:00,156.374
2026-04-19 10:30:00,220.797
2026-04-19 11:00:00,219.539
2026-04-19 11:30:00,228.433
2026-04-19 12:00:00,257.029
2026-04-19 12:30:00,258.665
2026-04-19 13:00:00,335.429
2026-04-19 13:30:00,332.018
2026-04-19 14:00:00,367.556
2026-04-19 14:30:00,417.06
2026-04-19 15:00:00,426.782
2026-04-19 15:30:00,436.481
2026-04-19 16:00:00,420.211
2026-04-19 16:30:00,489.03
2026-04-19 17:00:00,485.185
2026-04-19 17:30:00,466.91
2026-04-19 18:00:00,444.012
2026-04-19 18:30:00,454.417
2026-04-19 19:00:00,445.21
2026-04-19 19:30:00,410.834
2026-04-19 20:00:00,421.902
2026-04-19 20:30:00,369.801
2026-04-19 21:00:00,320.636
2026-04-19 21:30:00,313.892
2026-04-19 22:00:00,270.614
2026-04-19 22:30:00,246.957
2026-04-19 23:00:00,257.512
2026-04-19 23:30:00,184.925
2026-04-20 00:00:00,279.364
2026-04-20 00:30:00,308.53
2026-04-20 01:00:00,286.523
2026-04-20 01:30:00,269.592
2026-04-20 02:00:00,236.201
2026-04-20 02:30:00,222.161
2026-04-20 03:00:00,330.936
2026-04-20 03:30:00,286.932
2026-04-20 04:00:00,264.927
2026-04-20 04:30:00,288.767
2026-04-20 05:00:00,257.133
2026-04-20 05:30:00,273.775
2026-04-20 06:00:00,260.395
2026-04-20 06:30:00,251.35
2026-04-20 07:00:00,238.064
2026-04-20 07:30:00,256.43
2026-04-20 08:00:00,329.782
2026-04-20 08:30:00,290.254
2026-04-20 09:00:00,342.432
2026-04-20 09:30:00,371.251
2026-04-20 10:00:00,370.814
2026-04-20 10:30:00,391.336
2026-04-20 11:00:00,436.216
2026-04-20 11:30:00,462.329
2026-04-20 12:00:00,548.169
2026-04-20 12:30:00,615.057
2026-04-20 13:00:00,658.011
2026-04-20 13:30:00,623.484
2026-04-20 14:00:00,721.67
2026-04-20 14:30:00,785.469
2026-04-20 15:00:00,844.65
2026-04-20 15:30:00,830.082
2026-04-20 16:00:00,860.158
2026-04-20 16:30:00,955.447
2026-04-20 17:00:00,915.272
2026-04-20 17:30:00,885.593
2026-04-20 18:00:00,876.153
2026-04-20 18:30:00,883.026
2026-04-20 19:00:00,812.51
2026-04-20 19:30:00,791.406
2026-04-20 20:00:00,708.128
2026-04-20 20:30:00,633.668
2026-04-20 21:00:00,657.375
2026-04-20 21:30:00,578.099
2026-04-20 22:00:00,509.728
2026-04-20 22:30:00,459.711
2026-04-20 23:00:00,469.513
2026-04-20 23:30:00,413.589
2026-04-21 00:00:00,307.452
2026-04-21 00:30:00,264.195
2026-04-21 01:00:00,280.065
2026-04-21 01:30:00,288.874
2026-04-21 02:00:00,265.104
2026-04-21 02:30:00,276.532
2026-04-21 03:00:00,264.441
2026-04-21 03:30:00,289.195
2026-04-21 04:00:00,246.494
2026-04-21 04:30:00,294.33
2026-04-21 05:00:00,288.593
2026-04-21 05:30:00,276.972
2026-04-21 06:00:00,295.156
2026-04-21 06:30:00,277.558
2026-04-21 07:00:00,273.936
2026-04-21 07:30:00,309.965
2026-04-21 08:00:00,318.925
2026-04-21 08:30:00,302.244
2026-04-21 09:00:00,314.233
2026-04-21 09:30:00,342.76
2026-04-21 10:00:00,356.6
2026-04-21 10:30:00,436.928
2026-04-21 11:00:00,440.802
2026-04-21 11:30:00,473.11
2026-04-21 12:00:00,494.753
2026-04-21 12:30:00,586.619
2026-04-21 13:00:00,606.475
2026-04-21 13:30:00,660.954
2026-04-21 14:00:00,751.911
2026-04-21 14:30:00,795.049
2026-04-21 15:00:00,770.487
2026-04-21 15:30:00,869.32
2026-04-21 16:00:00,906.883
2026-04-21 16:30:00,914.288
2026-04-21 17:00:00,933.259
2026-04-21 17:30:00,877.535
2026-04-21 18:00:00,832.969
2026-04-21 18:30:00,848.878
2026-04-21 19:00:00,840.129
2026-04-21 19:30:00,704.742
2026-04-21 20:00:00,711.507
2026-04-21 20:30:00,629.204
2026-04-21 21:00:00,615.7
2026-04-21 21:30:00,617.092
2026-04-21 22:00:00,512.642
2026-04-21 22:30:00,470.057
2026-04-21 23:00:00,453.871
2026-04-21 23:30:00,399.333
2026-04-22 00:00:00,273.406
2026-04-22 00:30:00,301.953
2026-04-22 01:00:00,290.595
2026-04-22 01:30:00,286.034
2026-04-22 02:00:00,275.386
2026-04-22 02:30:00,270.268
2026-04-22 03:00:00,301.96
2026-04-22 03:30:00,270.807
2026-04-22 04:00:00,310.31
2026-04-22 04:30:00,253.852
2026-04-22 05:00:00,316.669
2026-04-22 05:30:00,293.856
2026-04-22 06:00:00,259.705
2026-04-22 06:30:00,299.406
2026-04-22 07:00:00,274.431
2026-04-22 07:30:00,297.207
2026-04-22 08:00:00,292.084
2026-04-22 08:30:00,311.603
2026-04-22 09:00:00,352.596
2026-04-22 09:30:00,360.297
2026-04-22 10:00:00,342.266
2026-04-22 10:30:00,372.098
2026-04-22 11:00:00,439.66
2026-04-22 11:30:00,481.325
2026-04-22 12:00:00,501.21
2026-04-22 12:30:00,607.927
2026-04-22 13:00:00,642.103
2026-04-22 13:30:00,661.634
2026-04-22 14:00:00,714.54
2026-04-22 14:30:00,779.67
2026-04-22 15:00:00,824.777
2026-04-22 15:30:00,904.668
2026-04-22 16:00:00,928.358
2026-04-22 16:30:00,923.654
2026-04-22 17:00:00,946.198
2026-04-22 17:30:00,943.352
2026-04-22 18:00:00,905.201
2026-04-22 18:30:00,883.33
2026-04-22 19:00:00,847.928
2026-04-22 19:30:00,797.556
2026-04-22 20:00:00,713.126
2026-04-22 20:30:00,660.33
2026-04-22 21:00:00,614.551
2026-04-22 21:30:00,550.477
2026-04-22 22:00:00,481.244
2026-04-22 22:30:00,489.644
2026-04-22 23:00:00,441.551
2026-04-22 23:30:00,365.316
2026-04-23 00:00:00,272.758
2026-04-23 00:30:00,274.18
2026-04-23 01:00:00,283.347
2026-04-23 01:30:00,251.771
2026-04-23 02:00:00,245.005
2026-04-23 02:30:00,291.913
2026-04-23 03:00:00,240.682
2026-04-23 03:30:00,273.402
2026-04-23 04:00:00,271.377
2026-04-23 04:30:00,276.949
2026-04-23 05:00:00,287.143
2026-04-23 05:30:00,322.019
2026-04-23 06:00:00,243.931
2026-04-23 06:30:00,308.596
2026-04-23 07:00:00,227.885
2026-04-23 07:30:00,331.214
2026-04-23 08:00:00,253.178
2026-04-23 08:30:00,375.836
2026-04-23 09:00:00,319.316
2026-04-23 09:30:00,379.594
2026-04-23 10:00:00,397.504
2026-04-23 10:30:00,387.888
2026-04-23 11:00:00,423.897
2026-04-23 11:30:00,451.816
2026-04-23 12:00:00,537.756
2026-04-23 12:30:00,557.557
2026-04-23 13:00:00,601.291
2026-04-23 13:30:00,690.705
2026-04-23 14:00:00,710.167
2026-04-23 14:30:00,777.141
2026-04-23 15:00:00,835.751
2026-04-23 15:30:00,857.204
2026-04-23 16:00:00,891.456
2026-04-23 16:30:00,961.152
2026-04-23 17:00:00,924.144
2026-04-23 17:30:00,913.787
2026-04-23 18:00:00,899.366
2026-04-23 18:30:00,884.626
2026-04-23 19:00:00,807.227
2026-04-23 19:30:00,796.046
2026-04-23 20:00:00,738.992
2026-04-23 20:30:00,632.557
2026-04-23 21:00:00,666.622
2026-04-23 21:30:00,604.664
2026-04-23 22:00:00,498.057
2026-04-23 22:30:00,444.684
2026-04-23 23:00:00,438.592
2026-04-23 23:30:00,363.154
2026-04-24 00:00:00,312.888
2026-04-24 00:30:00,267.076
2026-04-24 01:00:00,319.343
2026-04-24 01:30:00,258.209
2026-04-24 02:00:00,276.05
2026-04-24 02:30:00,310.6
2026-04-24 03:00:00,270.95
2026-04-24 03:30:00,286.021
2026-04-24 04:00:00,306.846
2026-04-24 04:30:00,266.13
2026-04-24 05:00:00,249.281
2026-04-24 05:30:00,245.587
2026-04-24 06:00:00,298.504
2026-04-24 06:30:00,296.401
2026-04-24 07:00:00,317.23
2026-04-24 07:30:00,289.52
2026-04-24 08:00:00,268.482
2026-04-24 08:30:00,256.107
2026-04-24 09:00:00,400.759
2026-04-24 09:30:00,360.508
2026-04-24 10:00:00,373.82
2026-04-24 10:30:00,405.766
2026-04-24 11:00:00,397.107
2026-04-24 11:30:00,452.873
2026-04-24 12:00:00,561.655
2026-04-24 12:30:00,584.603
2026-04-24 13:00:00,602.676
2026-04-24 13:30:00,646.603
2026-04-24 14:00:00,719.704
2026-04-24 14:30:00,777.48
2026-04-24 15:00:00,884.302
2026-04-24 15:30:00,868.558
2026-04-24 16:00:00,874.006
2026-04-24 16:30:00,921.313
2026-04-24 17:00:00,935.858
2026-04-24 17:30:00,890.764
2026-04-24 18:00:00,913.799
2026-04-24 18:30:00,903.487
2026-04-24 19:00:00,836.54
2026-04-24 19:30:00,765.439
2026-04-24 20:00:00,719.374
2026-04-24 20:30:00,635.802
2026-04-24 21:00:00,618.42
2026-04-24 21:30:00,575.914
2026-04-24 22:00:00,495.656
2026-04-24 22:30:00,521.237
2026-04-24 23:00:00,452.698
2026-04-24 23:30:00,353.981
2026-04-25 00:00:00,100.66
2026-04-25 00:30:00,120.369
2026-04-25 01:00:00,184.305
2026-04-25 01:30:00,167.259
2026-04-25 02:00:00,185.598
2026-04-25 02:30:00,145.294
2026-04-25 03:00:00,139.859
2026-04-25 03:30:00,114.006
2026-04-25 04:00:00,154.097
2026-04-25 04:30:00,140.712
2026-04-25 05:00:00,140.162
2026-04-25 05:30:00,187.12
2026-04-25 06:00:00,144.479
2026-04-25 06:30:00,182.349
2026-04-25 07:00:00,111.456
2026-04-25 07:30:00,221.316
2026-04-25 08:00:00,148.878
2026-04-25 08:30:00,181.441
2026-04-25 09:00:00,192.768
2026-04-25 09:30:00,168.18
2026-04-25 10:00:00,213.084
2026-04-25 10:30:00,229.151
2026-04-25 11:00:00,207.274
2026-04-25 11:30:00,228.295
2026-04-25 12:00:00,270.53
2026-04-25 12:30:00,292.548
2026-04-25 13:00:00,358.146
2026-04-25 13:30:00,369.749
2026-04-25 14:00:00,379.189
2026-04-25 14:30:00,423.542
2026-04-25 15:00:00,382.032
2026-04-25 15:30:00,438.715
2026-04-25 16:00:00,477.143
2026-04-25 16:30:00,507.729
2026-04-25 17:00:00,488.204
2026-04-25 17:30:00,516.3
2026-04-25 18:00:00,491.646
2026-04-25 18:30:00,441.889
2026-04-25 19:00:00,429.697
2026-04-25 19:30:00,418.601
2026-04-25 20:00:00,369.734
2026-04-25 20:30:00,390.464
2026-04-25 21:00:00,295.6
2026-04-25 21:30:00,303.338
2026-04-25 22:00:00,287.783
2026-04-25 22:30:00,237.991
2026-04-25 23:00:00,211.633
2026-04-25 23:30:00,205.474
2026-04-26 00:00:00,165.266
2026-04-26 00:30:00,132.473
2026-04-26 01:00:00,118.252
2026-04-26 01:30:00,173.75
2026-04-26 02:00:00,154.987
2026-04-26 02:30:00,170.235
2026-04-26 03:00:00,164.079
2026-04-26 03:30:00,199.691
2026-04-26 04:00:00,173.229
2026-04-26 04:30:00,127.514
2026-04-26 05:00:00,157.786
2026-04-26 05:30:00,132.731
2026-04-26 06:00:00,136.284
2026-04-26 06:30:00,113.762
2026-04-26 07:00:00,144.005
2026-04-26 07:30:00,167.739
2026-04-26 08:00:00,156.56
2026-04-26 08:30:00,136.277
2026-04-26 09:00:00,133.036
2026-04-26 09:30:00,233.41
2026-04-26 10:00:00,200.737
2026-04-26 10:30:00,186.774
2026-04-26 11:00:00,236.648
2026-04-26 11:30:00,300.557
2026-04-26 12:00:00,284.909
2026-04-26 12:30:00,225.758
2026-04-26 13:00:00,389.625
2026-04-26 13:30:00,305.951
2026-04-26 14:00:00,375.8
2026-04-26 14:30:00,380.055
2026-04-26 15:00:00,414.698
2026-04-26 15:30:00,461.208
2026-04-26 16:00:00,418.172
2026-04-26 16:30:00,477.588
2026-04-26 17:00:00,511.894
2026-04-26 17:30:00,458.763
2026-04-26 18:00:00,435.19
2026-04-26 18:30:00,450.615
2026-04-26 19:00:00,424.74
2026-04-26 19:30:00,393.509
2026-04-26 20:00:00,351.241
2026-04-26 20:30:00,365.162
2026-04-26 21:00:00,338.2
2026-04-26 21:30:00,268.794
2026-04-26 22:00:00,246.216
2026-04-26 22:30:00,249.24
2026-04-26 23:00:00,200.979
2026-04-26 23:30:00,211.843
2026-04-27 00:00:00,315.482
2026-04-27 00:30:00,277.292
2026-04-27 01:00:00,248.458
2026-04-27 01:30:00,288.621
2026-04-27 02:00:00,274.414
2026-04-27 02:30:00,275.166
2026-04-27 03:00:00,290.914
2026-04-27 03:30:00,296.495
2026-04-27 04:00:00,280.417
2026-04-27 04:30:00,278.514
2026-04-27 05:00:00,332.413
2026-04-27 05:30:00,312.068
2026-04-27 06:00:00,304.757
2026-04-27 06:30:00,289.962
2026-04-27 07:00:00,265.545
2026-04-27 07:30:00,324.556
2026-04-27 08:00:00,307.857
2026-04-27 08:30:00,300.497
2026-04-27 09:00:00,322.981
2026-04-27 09:30:00,323.18
2026-04-27 10:00:00,396.833
2026-04-27 10:30:00,415.876
2026-04-27 11:00:00,437.431
2026-04-27 11:30:00,471.675
2026-04-27 12:00:00,501.055
2026-04-27 12:30:00,514.892
2026-04-27 13:00:00,586.442
2026-04-27 13:30:00,658.707
2026-04-27 14:00:00,710.272
2026-04-27 14:30:00,792.599
2026-04-27 15:00:00,853.361
2026-04-27 15:30:00,870.053
2026-04-27 16:00:00,938.967
2026-04-27 16:30:00,903.205
2026-04-27 17:00:00,925.862
2026-04-27 17:30:00,921.503
2026-04-27 18:00:00,931.049
2026-04-27 18:30:00,875.912
2026-04-27 19:00:00,836.412
2026-04-27 19:30:00,743.994
2026-04-27 20:00:00,710.098
2026-04-27 20:30:00,704.672
2026-04-27 21:00:00,569.882
2026-04-27 21:30:00,601.719
2026-04-27 22:00:00,530.563
2026-04-27 22:30:00,454.057
2026-04-27 23:00:00,412.089
2026-04-27 23:30:00,446.199
2026-04-28 00:00:00,314.066
2026-04-28 00:30:00,275.801
2026-04-28 01:00:00,282.163
2026-04-28 01:30:00,262.664
2026-04-28 02:00:00,282.225
2026-04-28 02:30:00,262.072
2026-04-28 03:00:00,277.067
2026-04-28 03:30:00,324.477
2026-04-28 04:00:00,277.139
2026-04-28 04:30:00,253.83
2026-04-28 05:00:00,246.665
2026-04-28 05:30:00,285.232
2026-04-28 06:00:00,264.896
2026-04-28 06:30:00,292.847
2026-04-28 07:00:00,250.201
2026-04-28 07:30:00,313.628
2026-04-28 08:00:00,277.746
2026-04-28 08:30:00,316.083
2026-04-28 09:00:00,320.602
2026-04-28 09:30:00,390.294
2026-04-28 10:00:00,374.687
2026-04-28 10:30:00,447.437
2026-04-28 11:00:00,446.909
2026-04-28 11:30:00,508.38
2026-04-28 12:00:00,512.851
2026-04-28 12:30:00,576.782
2026-04-28 13:00:00,652.232
2026-04-28 13:30:00,699.897
2026-04-28 14:00:00,745.871
2026-04-28 14:30:00,777.167
2026-04-28 15:00:00,829.104
2026-04-28 15:30:00,901.706
2026-04-28 16:00:00,937.392
2026-04-28 16:30:00,907.956
2026-04-28 17:00:00,910.656
2026-04-28 17:30:00,900.174
2026-04-28 18:00:00,924.487
2026-04-28 18:30:00,850.028
2026-04-28 19:00:00,853.513
2026-04-28 19:30:00,799.008
2026-04-28 20:00:00,718.969
2026-04-28 20:30:00,716.37
2026-04-28 21:00:00,585.209
2026-04-28 21:30:00,609.632
2026-04-28 22:00:00,526.044
2026-04-28 22:30:00,420.908
2026-04-28 23:00:00,472.688
2026-04-28 23:30:00,423.106
2026-04-29 00:00:00,268.076
2026-04-29 00:30:00,254.669
2026-04-29 01:00:00,239.572
2026-04-29 01:30:00,339.205
2026-04-29 02:00:00,255.771
2026-04-29 02:30:00,247.33
2026-04-29 03:00:00,285.729
2026-04-29 03:30:00,238.272
2026-04-29 04:00:00,254.99
2026-04-29 04:30:00,304.905
2026-04-29 05:00:00,292.43
2026-04-29 05:30:00,272.395
2026-04-29 06:00:00,284.376
2026-04-29 06:30:00,275.62
2026-04-29 07:00:00,289.139
2026-04-29 07:30:00,277.326
2026-04-29 08:00:00,289.744
2026-04-29 08:30:00,299.659
2026-04-29 09:00:00,310.913
2026-04-29 09:30:00,373.432
2026-04-29 10:00:00,389.653
2026-04-29 10:30:00,375.491
2026-04-29 11:00:00,403.031
2026-04-29 11:30:00,468.813
2026-04-29 12:00:00,571.954
2026-04-29 12:30:00,542.451
2026-04-29 13:00:00,617.735
2026-04-29 13:30:00,679.491
2026-04-29 14:00:00,729.88
2026-04-29 14:30:00,773.91
2026-04-29 15:00:00,861.95
2026-04-29 15:30:00,884.626
2026-04-29 16:00:00,924.89
2026-04-29 16:30:00,937.512
2026-04-29 17:00:00,951.599
2026-04-29 17:30:00,962.388
2026-04-29 18:00:00,937.021
2026-04-29 18:30:00,931.384
2026-04-29 19:00:00,863.507
2026-04-29 19:30:00,768.629
2026-04-29 20:00:00,753.779
2026-04-29 20:30:00,695.034
2026-04-29 21:00:00,669.773
2026-04-29 21:30:00,543.965
2026-04-29 22:00:00,532.02
2026-04-29 22:30:00,455.718
2026-04-29 23:00:00,445.704
2026-04-29 23:30:00,393.432
2026-04-30 00:00:00,290.768
2026-04-30 00:30:00,243.529
2026-04-30 01:00:00,298.629
2026-04-30 01:30:00,283.97
2026-04-30 02:00:00,282.66
2026-04-30 02:30:00,327.676
2026-04-30 03:00:00,269.469
2026-04-30 03:30:00,287.775
2026-04-30 04:00:00,282.036
2026-04-30 04:30:00,284.982
2026-04-30 05:00:00,336.37
2026-04-30 05:30:00,283.65
2026-04-30 06:00:00,269.736
2026-04-30 06:30:00,333.454
2026-04-30 07:00:00,282.997
2026-04-30 07:30:00,256.242
2026-04-30 08:00:00,285.729
2026-04-30 08:30:00,283.761
2026-04-30 09:00:00,284.061
2026-04-30 09:30:00,338.259
2026-04-30 10:00:00,368.644
2026-04-30 10:30:00,428.314
2026-04-30 11:00:00,448.626
2026-04-30 11:30:00,487.341
2026-04-30 12:00:00,495.741
2026-04-30 12:30:00,590.267
2026-04-30 13:00:00,656.546
2026-04-30 13:30:00,687.137
2026-04-30 14:00:00,743.159
2026-04-30 14:30:00,753.748
2026-04-30 15:00:00,859.434
2026-04-30 15:30:00,917.785
2026-04-30 16:00:00,911.818
2026-04-30 16:30:00,907.919
2026-04-30 17:00:00,925.2
2026-04-30 17:30:00,912.267
2026-04-30 18:00:00,894.733
2026-04-30 18:30:00,889.464
2026-04-30 19:00:00,840.06
2026-04-30 19:30:00,810.464
2026-04-30 20:00:00,741.869
2026-04-30 20:30:00,655.671
2026-04-30 21:00:00,609.248
2026-04-30 21:30:00,554.073
2026-04-30 22:00:00,513.41
2026-04-30 22:30:00,517.613
2026-04-30 23:00:00,481.763
2026-04-30 23:30:00,419.715
2026-05-01 00:00:00,317.976
2026-05-01 00:30:00,280.972
2026-05-01 01:00:00,320.526
2026-05-01 01:30:00,295.299
2026-05-01 02:00:00,355.854
2026-05-01 02:30:00,275.011
2026-05-01 03:00:00,324.901
2026-05-01 03:30:00,293.646
2026-05-01 04:00:00,315.614
2026-05-01 04:30:00,333.071
2026-05-01 05:00:00,342.865
2026-05-01 05:30:00,317.188
2026-05-01 06:00:00,339.842
2026-05-01 06:30:00,307.372
2026-05-01 07:00:00,334.6
2026-05-01 07:30:00,359.938
2026-05-01 08:00:00,352.088
2026-05-01 08:30:00,342.615
2026-05-01 09:00:00,364.843
2026-05-01 09:30:00,417.86
2026-05-01 10:00:00,391.235
2026-05-01 10:30:00,427.014
2026-05-01 11:00:00,504.182
2026-05-01 11:30:00,523.196
2026-05-01 12:00:00,549.065
2026-05-01 12:30:00,675.741
2026-05-01 13:00:00,675.07
2026-05-01 13:30:00,760.295
2026-05-01 14:00:00,812.304
2026-05-01 14:30:00,879.976
2026-05-01 15:00:00,919.21
2026-05-01 15:30:00,1004.596
2026-05-01 16:00:00,1023.951
2026-05-01 16:30:00,1067.278
2026-05-01 17:00:00,1034.771
2026-05-01 17:30:00,1096.012
2026-05-01 18:00:00,973.564
2026-05-01 18:30:00,947.111
2026-05-01 19:00:00,985.153
2026-05-01 19:30:00,899.27
2026-05-01 20:00:00,836.327
2026-05-01 20:30:00,776.062
2026-05-01 21:00:00,716.84
2026-05-01 21:30:00,649.465
2026-05-01 22:00:00,561.244
2026-05-01 22:30:00,554.63
2026-05-01 23:00:00,505.659
2026-05-01 23:30:00,486.333
2026-05-02 00:00:00,207.91
2026-05-02 00:30:00,172.069
2026-05-02 01:00:00,133.125
2026-05-02 01:30:00,208.139
2026-05-02 02:00:00,138.393
2026-05-02 02:30:00,172.334
2026-05-02 03:00:00,157.532
2026-05-02 03:30:00,153.295
2026-05-02 04:00:00,183.351
2026-05-02 04:30:00,170.649
2026-05-02 05:00:00,177.835
2026-05-02 05:30:00,145.335
2026-05-02 06:00:00,162.47
2026-05-02 06:30:00,149.207
2026-05-02 07:00:00,165.823
2026-05-02 07:30:00,171.17
2026-05-02 08:00:00,224.876
2026-05-02 08:30:00,178.557
2026-05-02 09:00:00,140.206
2026-05-02 09:30:00,238.961
2026-05-02 10:00:00,228.868
2026-05-02 10:30:00,231.048
2026-05-02 11:00:00,243.423
2026-05-02 11:30:00,254.098
2026-05-02 12:00:00,352.855
2026-05-02 12:30:00,335.121
2026-05-02 13:00:00,321.887
2026-05-02 13:30:00,406.139
2026-05-02 14:00:00,460.606
2026-05-02 14:30:00,465.369
2026-05-02 15:00:00,466.95
2026-05-02 15:30:00,488.328
2026-05-02 16:00:00,508.081
2026-05-02 16:30:00,580.238
2026-05-02 17:00:00,544.208
2026-05-02 17:30:00,500.229
2026-05-02 18:00:00,540.617
2026-05-02 18:30:00,516.63
2026-05-02 19:00:00,478.267
2026-05-02 19:30:00,435.947
2026-05-02 20:00:00,403.855
2026-05-02 20:30:00,425.112
2026-05-02 21:00:00,371.519
2026-05-02 21:30:00,345.791
2026-05-02 22:00:00,310.522
2026-05-02 22:30:00,285.963
2026-05-02 23:00:00,242.644
2026-05-02 23:30:00,229.178
2026-05-03 00:00:00,192.926
2026-05-03 00:30:00,199.172
2026-05-03 01:00:00,133.261
2026-05-03 01:30:00,158.619
2026-05-03 02:00:00,184.829
2026-05-03 02:30:00,210.937
2026-05-03 03:00:00,208.499
2026-05-03 03:30:00,144.167
2026-05-03 04:00:00,196.119
2026-05-03 04:30:00,166.004
2026-05-03 05:00:00,191.115
2026-05-03 05:30:00,185.434
2026-05-03 06:00:00,135.223
2026-05-03 06:30:00,182.195
2026-05-03 07:00:00,195.943
2026-05-03 07:30:00,173.635
2026-05-03 08:00:00,172.611
2026-05-03 08:30:00,145.75
2026-05-03 09:00:00,210.436
2026-05-03 09:30:00,209.302
2026-05-03 10:00:00,194.581
2026-05-03 10:30:00,226.177
2026-05-03 11:00:00,258.216
2026-05-03 11:30:00,263.805
2026-05-03 12:00:00,304.47
2026-05-03 12:30:00,290.076
2026-05-03 13:00:00,399.067
2026-05-03 13:30:00,398.344
2026-05-03 14:00:00,402.968
2026-05-03 14:30:00,399.965
2026-05-03 15:00:00,515.218
2026-05-03 15:30:00,527.057
2026-05-03 16:00:00,536.281
2026-05-03 16:30:00,563.788
2026-05-03 17:00:00,567.522
2026-05-03 17:30:00,547.058
2026-05-03 18:00:00,524.658
2026-05-03 18:30:00,502.676
2026-05-03 19:00:00,500.013
2026-05-03 19:30:00,496.383
2026-05-03 20:00:00,427.879
2026-05-03 20:30:00,434.858
2026-05-03 21:00:00,374.66
2026-05-03 21:30:00,343.342
2026-05-03 22:00:00,364.531
2026-05-03 22:30:00,319.088
2026-05-03 23:00:00,296.319
2026-05-03 23:30:00,214.383
2026-05-04 00:00:00,369.812
2026-05-04 00:30:00,312.958
2026-05-04 01:00:00,309.339
2026-05-04 01:30:00,261.068
2026-05-04 02:00:00,323.248
2026-05-04 02:30:00,288.08
2026-05-04 03:00:00,325.496
2026-05-04 03:30:00,286.462
2026-05-04 04:00:00,360.795
2026-05-04 04:30:00,330.208
2026-05-04 05:00:00,374.313
2026-05-04 05:30:00,293.13
2026-05-04 06:00:00,359.541
2026-05-04 06:30:00,278.866
2026-05-04 07:00:00,333.664
2026-05-04 07:30:00,319.093
2026-05-04 08:00:00,332.587
2026-05-04 08:30:00,342.936
2026-05-04 09:00:00,348.951
2026-05-04 09:30:00,360.976
2026-05-04 10:00:00,407.47
2026-05-04 10:30:00,453.523
2026-05-04 11:00:00,518.234
2026-05-04 11:30:00,541.559
2026-05-04 12:00:00,614.555
2026-05-04 12:30:00,605.016
2026-05-04 13:00:00,691.736
2026-05-04 13:30:00,783.056
2026-05-04 14:00:00,836.372
2026-05-04 14:30:00,865.889
2026-05-04 15:00:00,964.677
2026-05-04 15:30:00,973.458
2026-05-04 16:00:00,1001.746
2026-05-04 16:30:00,1054.86
2026-05-04 17:00:00,1050.154
2026-05-04 17:30:00,1029.614
2026-05-04 18:00:00,1007.259
2026-05-04 18:30:00,959.995
2026-05-04 19:00:00,931.432
2026-05-04 19:30:00,914.919
2026-05-04 20:00:00,833.906
2026-05-04 20:30:00,789.245
2026-05-04 21:00:00,715.462
2026-05-04 21:30:00,626.665
2026-05-04 22:00:00,544.163
2026-05-04 22:30:00,511.004
2026-05-04 23:00:00,472.361
2026-05-04 23:30:00,431.907
2026-05-05 00:00:00,339.533
2026-05-05 00:30:00,339.278
2026-05-05 01:00:00,370.323
2026-05-05 01:30:00,295.956
2026-05-05 02:00:00,355.027
2026-05-05 02:30:00,354.945
2026-05-05 03:00:00,309.483
2026-05-05 03:30:00,327.34
2026-05-05 04:00:00,346.87
2026-05-05 04:30:00,314.946
2026-05-05 05:00:00,313.906
2026-05-05 05:30:00,303.022
2026-05-05 06:00:00,261.811
2026-05-05 06:30:00,325.696
2026-05-05 07:00:00,310.715
2026-05-05 07:30:00,307.999
2026-05-05 08:00:00,354.34
2026-05-05 08:30:00,319.566
2026-05-05 09:00:00,391.971
2026-05-05 09:30:00,404.558
2026-05-05 10:00:00,408.526
2026-05-05 10:30:00,449.039
2026-05-05 11:00:00,459.386
2026-05-05 11:30:00,552.933
2026-05-05 12:00:00,590.075
2026-05-05 12:30:00,648.517
2026-05-05 13:00:00,715.107
2026-05-05 13:30:00,749.22
2026-05-05 14:00:00,789.816
2026-05-05 14:30:00,911.352
2026-05-05 15:00:00,958.544
2026-05-05 15:30:00,973.355
2026-05-05 16:00:00,1031.408
2026-05-05 16:30:00,1074.136
2026-05-05 17:00:00,1078.468
2026-05-05 17:30:00,1028.573
2026-05-05 18:00:00,983.961
2026-05-05 18:30:00,953.809
2026-05-05 19:00:00,933.533
2026-05-05 19:30:00,923.977
2026-05-05 20:00:00,809.581
2026-05-05 20:30:00,750.372
2026-05-05 21:00:00,687.137
2026-05-05 21:30:00,628.677
2026-05-05 22:00:00,585.111
2026-05-05 22:30:00,502.174
2026-05-05 23:00:00,516.251
2026-05-05 23:30:00,447.001
2026-05-06 00:00:00,376.985
2026-05-06 00:30:00,285.674
2026-05-06 01:00:00,354.773
2026-05-06 01:30:00,349.833
2026-05-06 02:00:00,304.799
2026-05-06 02:30:00,305.287
2026-05-06 03:00:00,292.257
2026-05-06 03:30:00,292.756
2026-05-06 04:00:00,315.837
2026-05-06 04:30:00,316.936
2026-05-06 05:00:00,277.257
2026-05-06 05:30:00,376.043
2026-05-06 06:00:00,314.324
2026-05-06 06:30:00,325.574
2026-05-06 07:00:00,312.806
2026-05-06 07:30:00,328.208
2026-05-06 08:00:00,334.839
2026-05-06 08:30:00,355.775
2026-05-06 09:00:00,371.454
2026-05-06 09:30:00,412.59
2026-05-06 10:00:00,424.211
2026-05-06 10:30:00,468.229
2026-05-06 11:00:00,488.897
2026-05-06 11:30:00,539.956
2026-05-06 12:00:00,579.359
2026-05-06 12:30:00,667.048
2026-05-06 13:00:00,710.625
2026-05-06 13:30:00,761.329
2026-05-06 14:00:00,823.094
2026-05-06 14:30:00,884.688
2026-05-06 15:00:00,942.087
2026-05-06 15:30:00,985.33
2026-05-06 16:00:00,1007.209
2026-05-06 16:30:00,1061.809
2026-05-06 17:00:00,1070.702
2026-05-06 17:30:00,1087.283
2026-05-06 18:00:00,1006.089
2026-05-06 18:30:00,1003.4
2026-05-06 19:00:00,893.597
2026-05-06 19:30:00,908.145
2026-05-06 20:00:00,791.378
2026-05-06 20:30:00,740.672
2026-05-06 21:00:00,710.866
2026-05-06 21:30:00,626.433
2026-05-06 22:00:00,566.433
2026-05-06 22:30:00,522.055
2026-05-06 23:00:00,507.383
2026-05-06 23:30:00,427.3
2026-05-07 00:00:00,313.653
2026-05-07 00:30:00,305.547
2026-05-07 01:00:00,335.524
2026-05-07 01:30:00,336.247
2026-05-07 02:00:00,269.209
2026-05-07 02:30:00,341.291
2026-05-07 03:00:00,300.02
2026-05-07 03:30:00,321.409
2026-05-07 04:00:00,292.379
2026-05-07 04:30:00,325.697
2026-05-07 05:00:00,381.1
2026-05-07 05:30:00,321.885
2026-05-07 06:00:00,309.315
2026-05-07 06:30:00,318.13
2026-05-07 07:00:00,291.736
2026-05-07 07:30:00,371.107
2026-05-07 08:00:00,351.608
2026-05-07 08:30:00,329.626
2026-05-07 09:00:00,346.411
2026-05-07 09:30:00,392.85
2026-05-07 10:00:00,441.831
2026-05-07 10:30:00,421.847
2026-05-07 11:00:00,516.977
2026-05-07 11:30:00,531.884
2026-05-07 12:00:00,562.135
2026-05-07 12:30:00,630.278
2026-05-07 13:00:00,746.274
2026-05-07 13:30:00,730.575
2026-05-07 14:00:00,809.495
2026-05-07 14:30:00,911.233
2026-05-07 15:00:00,946.737
2026-05-07 15:30:00,966.958
2026-05-07 16:00:00,1045.3
2026-05-07 16:30:00,1067.994
2026-05-07 17:00:00,1058.285
2026-05-07 17:30:00,1027.377
2026-05-07 18:00:00,1009.723
2026-05-07 18:30:00,993.856
2026-05-07 19:00:00,908.527
2026-05-07 19:30:00,920.613
2026-05-07 20:00:00,870.297
2026-05-07 20:30:00,759.382
2026-05-07 21:00:00,711.463
2026-05-07 21:30:00,671.616
2026-05-07 22:00:00,634.28
2026-05-07 22:30:00,573.1
2026-05-07 23:00:00,445.753
2026-05-07 23:30:00,442.733
2026-05-08 00:00:00,327.524
2026-05-08 00:30:00,302.658
2026-05-08 01:00:00,359.595
2026-05-08 01:30:00,355.784
2026-05-08 02:00:00,294.692
2026-05-08 02:30:00,311.104
2026-05-08 03:00:00,296.55
2026-05-08 03:30:00,310.623
2026-05-08 04:00:00,310.216
2026-05-08 04:30:00,340.275
2026-05-08 05:00:00,295.104
2026-05-08 05:30:00,253.287
2026-05-08 06:00:00,280.698
2026-05-08 06:30:00,298.227
2026-05-08 07:00:00,312.07
2026-05-08 07:30:00,339.562
2026-05-08 08:00:00,316.791
2026-05-08 08:30:00,325.571
2026-05-08 09:00:00,348.583
2026-05-08 09:30:00,364.577
2026-05-08 10:00:00,404.669
2026-05-08 10:30:00,435.69
2026-05-08 11:00:00,506.368
2026-05-08 11:30:00,509.437
2026-05-08 12:00:00,576.451
2026-05-08 12:30:00,628.345
2026-05-08 13:00:00,722.782
2026-05-08 13:30:00,761.423
2026-05-08 14:00:00,854.06
2026-05-08 14:30:00,858.609
2026-05-08 15:00:00,940.092
2026-05-08 15:30:00,972.342
2026-05-08 16:00:00,990.529
2026-05-08 16:30:00,1040.999
2026-05-08 17:00:00,1093.323
2026-05-08 17:30:00,1021.364
2026-05-08 18:00:00,1017.994
2026-05-08 18:30:00,953.934
2026-05-08 19:00:00,904.845
2026-05-08 19:30:00,867.737
2026-05-08 20:00:00,816.543
2026-05-08 20:30:00,755.141
2026-05-08 21:00:00,696.909
2026-05-08 21:30:00,600.762
2026-05-08 22:00:00,569.743
2026-05-08 22:30:00,546.719
2026-05-08 23:00:00,455.186
2026-05-08 23:30:00,441.743
2026-05-09 00:00:00,171.125
2026-05-09 00:30:00,144.25
2026-05-09 01:00:00,172.352
2026-05-09 01:30:00,125.797
2026-05-09 02:00:00,186.058
2026-05-09 02:30:00,173.03
2026-05-09 03:00:00,165.342
2026-05-09 03:30:00,192.181
2026-05-09 04:00:00,156.009
2026-05-09 04:30:00,149.091
2026-05-09 05:00:00,199.318
2026-05-09 05:30:00,211.746
2026-05-09 06:00:00,149.486
2026-05-09 06:30:00,165.602
2026-05-09 07:00:00,196.926
2026-05-09 07:30:00,172.186
2026-05-09 08:00:00,193.633
2026-05-09 08:30:00,204.551
2026-05-09 09:00:00,179.288
2026-05-09 09:30:00,214.565
2026-05-09 10:00:00,217.481
2026-05-09 10:30:00,203.902
2026-05-09 11:00:00,229.612
2026-05-09 11:30:00,261.461
2026-05-09 12:00:00,327.617
2026-05-09 12:30:00,357.859
2026-05-09 13:00:00,384.079
2026-05-09 13:30:00,408.949
2026-05-09 14:00:00,440.773
2026-05-09 14:30:00,468.397
2026-05-09 15:00:00,499.679
2026-05-09 15:30:00,524.989
2026-05-09 16:00:00,495.903
2026-05-09 16:30:00,522.441
2026-05-09 17:00:00,520.277
2026-05-09 17:30:00,569.876
2026-05-09 18:00:00,572.366
2026-05-09 18:30:00,458.878
2026-05-09 19:00:00,528.61
2026-05-09 19:30:00,463.626
2026-05-09 20:00:00,455.77
2026-05-09 20:30:00,410.607
2026-05-09 21:00:00,401.341
2026-05-09 21:30:00,339.068
2026-05-09 22:00:00,270.317
2026-05-09 22:30:00,275.129
2026-05-09 23:00:00,267.245
2026-05-09 23:30:00,228.924
2026-05-10 00:00:00,180.247
2026-05-10 00:30:00,162.165
2026-05-10 01:00:00,148.926
2026-05-10 01:30:00,136.676
2026-05-10 02:00:00,154.052
2026-05-10 02:30:00,168.999
2026-05-10 03:00:00,114.966
2026-05-10 03:30:00,144.559
2026-05-10 04:00:00,114.326
2026-05-10 04:30:00,149.111
2026-05-10 05:00:00,194.937
2026-05-10 05:30:00,136.074
2026-05-10 06:00:00,184.401
2026-05-10 06:30:00,239.666
2026-05-10 07:00:00,207.139
2026-05-10 07:30:00,177.477
2026-05-10 08:00:00,200.229
2026-05-10 08:30:00,150.799
2026-05-10 09:00:00,154.011
2026-05-10 09:30:00,204.801
2026-05-10 10:00:00,227.601
2026-05-10 10:30:00,261.683
2026-05-10 11:00:00,240.135
2026-05-10 11:30:00,282.606
2026-05-10 12:00:00,308.381
2026-05-10 12:30:00,330.54
2026-05-10 13:00:00,363.519
2026-05-10 13:30:00,376.578
2026-05-10 14:00:00,437.445
2026-05-10 14:30:00,466.334
2026-05-10 15:00:00,478.489
2026-05-10 15:30:00,529.749
2026-05-10 16:00:00,556.71
2026-05-10 16:30:00,559.131
2026-05-10 17:00:00,519.939
2026-05-10 17:30:00,544.688
2026-05-10 18:00:00,508.228
2026-05-10 18:30:00,515.518
2026-05-10 19:00:00,466.801
2026-05-10 19:30:00,493.387
2026-05-10 20:00:00,450.035
2026-05-10 20:30:00,426.771
2026-05-10 21:00:00,391.624
2026-05-10 21:30:00,327.06
2026-05-10 22:00:00,293.763
2026-05-10 22:30:00,321.314
2026-05-10 23:00:00,250.226
2026-05-10 23:30:00,200.459
2026-05-11 00:00:00,340.194
2026-05-11 00:30:00,318.608
2026-05-11 01:00:00,352.675
2026-05-11 01:30:00,321.124
2026-05-11 02:00:00,314.591
2026-05-11 02:30:00,353.317
2026-05-11 03:00:00,276.828
2026-05-11 03:30:00,300.867
2026-05-11 04:00:00,293.668
2026-05-11 04:30:00,261.542
2026-05-11 05:00:00,339.145
2026-05-11 05:30:00,304.77
2026-05-11 06:00:00,343.446
2026-05-11 06:30:00,333.661
2026-05-11 07:00:00,343.641
2026-05-11 07:30:00,323.498
2026-05-11 08:00:00,324.679
2026-05-11 08:30:00,358.093
2026-05-11 09:00:00,394.798
2026-05-11 09:30:00,391.209
2026-05-11 10:00:00,400.983
2026-05-11 10:30:00,420.646
2026-05-11 11:00:00,494.246
2026-05-11 11:30:00,520.323
2026-05-11 12:00:00,583.598
2026-05-11 12:30:00,636.001
2026-05-11 13:00:00,691.449
2026-05-11 13:30:00,772.625
2026-05-11 14:00:00,841.655
2026-05-11 14:30:00,936.551
2026-05-11 15:00:00,960.275
2026-05-11 15:30:00,1026.581
2026-05-11 16:00:00,1000.715
2026-05-11 16:30:00,1002.663
2026-05-11 17:00:00,1049.639
2026-05-11 17:30:00,1064.137
2026-05-11 18:00:00,1038.709
2026-05-11 18:30:00,1017.024
2026-05-11 19:00:00,877.912
2026-05-11 19:30:00,918.743
2026-05-11 20:00:00,836.179
2026-05-11 20:30:00,726.68
2026-05-11 21:00:00,720.648
2026-05-11 21:30:00,646.208
2026-05-11 22:00:00,594.922
2026-05-11 22:30:00,559.153
2026-05-11 23:00:00,499.899
2026-05-11 23:30:00,413.801
2026-05-12 00:00:00,311.431
2026-05-12 00:30:00,274.573
2026-05-12 01:00:00,331.253
2026-05-12 01:30:00,349.999
2026-05-12 02:00:00,284.054
2026-05-12 02:30:00,298.377
2026-05-12 03:00:00,293.23
2026-05-12 03:30:00,304.154
2026-05-12 04:00:00,326.163
2026-05-12 04:30:00,305.342
2026-05-12 05:00:00,333.629
2026-05-12 05:30:00,345.34
2026-05-12 06:00:00,348.356
2026-05-12 06:30:00,295.98
2026-05-12 07:00:00,363.11
2026-05-12 07:30:00,371.535
2026-05-12 08:00:00,382.602
2026-05-12 08:30:00,351.903
2026-05-12 09:00:00,353.023
2026-05-12 09:30:00,367.862
2026-05-12 10:00:00,390.986
2026-05-12 10:30:00,450.914
2026-05-12 11:00:00,510.338
2026-05-12 11:30:00,566.839
2026-05-12 12:00:00,573.252
2026-05-12 12:30:00,641.003
2026-05-12 13:00:00,699.955
2026-05-12 13:30:00,749.398
2026-05-12 14:00:00,846.186
2026-05-12 14:30:00,896.49
2026-05-12 15:00:00,944.871
2026-05-12 15:30:00,995.697
2026-05-12 16:00:00,1036.567
2026-05-12 16:30:00,1057.823
2026-05-12 17:00:00,1029.038
2026-05-12 17:30:00,1065.095
2026-05-12 18:00:00,1027.564
2026-05-12 18:30:00,975.874
2026-05-12 19:00:00,947.181
2026-05-12 19:30:00,896.031
2026-05-12 20:00:00,854.837
2026-05-12 20:30:00,739.127
2026-05-12 21:00:00,735.685
2026-05-12 21:30:00,642.55
2026-05-12 22:00:00,572.738
2026-05-12 22:30:00,520.756
2026-05-12 23:00:00,464.108
2026-05-12 23:30:00,407.099
2026-05-13 00:00:00,331.942
2026-05-13 00:30:00,364.536
2026-05-13 01:00:00,274.586
2026-05-13 01:30:00,291.289
2026-05-13 02:00:00,333.88
2026-05-13 02:30:00,314.023
2026-05-13 03:00:00,336.15
2026-05-13 03:30:00,312.958
2026-05-13 04:00:00,301.336
2026-05-13 04:30:00,310.773
2026-05-13 05:00:00,257.764
2026-05-13 05:30:00,290.119
2026-05-13 06:00:00,344.519
2026-05-13 06:30:00,353.732
2026-05-13 07:00:00,363.616
2026-05-13 07:30:00,345.905
2026-05-13 08:00:00,287.384
2026-05-13 08:30:00,339.973
2026-05-13 09:00:00,404.935
2026-05-13 09:30:00,433.045
2026-05-13 10:00:00,452.597
2026-05-13 10:30:00,444.716
2026-05-13 11:00:00,456.478
2026-05-13 11:30:00,533.159
2026-05-13 12:00:00,585.762
2026-05-13 12:30:00,681.11
2026-05-13 13:00:00,708.255
2026-05-13 13:30:00,765.697
2026-05-13 14:00:00,829.629
2026-05-13 14:30:00,897.415
2026-05-13 15:00:00,956.987
2026-05-13 15:30:00,968.626
2026-05-13 16:00:00,994.74
2026-05-13 16:30:00,1076.951
2026-05-13 17:00:00,1008.974
2026-05-13 17:30:00,1083.63
2026-05-13 18:00:00,973.413
2026-05-13 18:30:00,972.126
2026-05-13 19:00:00,965.622
2026-05-13 19:30:00,887.427
2026-05-13 20:00:00,794.88
2026-05-13 20:30:00,775.941
2026-05-13 21:00:00,704.235
2026-05-13 21:30:00,636.569
2026-05-13 22:00:00,569.793
2026-05-13 22:30:00,533.31
2026-05-13 23:00:00,474.594
2026-05-13 23:30:00,511.485
2026-05-14 00:00:00,309.007
2026-05-14 00:30:00,305.67
2026-05-14 01:00:00,301.485
2026-05-14 01:30:00,359.473
2026-05-14 02:00:00,274.114
2026-05-14 02:30:00,324.149
2026-05-14 03:00:00,309.307
2026-05-14 03:30:00,279.917
2026-05-14 04:00:00,295.375
2026-05-14 04:30:00,324.343
2026-05-14 05:00:00,295.706
2026-05-14 05:30:00,325.195
2026-05-14 06:00:00,364.041
2026-05-14 06:30:00,328.199
2026-05-14 07:00:00,292.124
2026-05-14 07:30:00,313.713
2026-05-14 08:00:00,336.65
2026-05-14 08:30:00,347.043
2026-05-14 09:00:00,375.619
2026-05-14 09:30:00,400.28
2026-05-14 10:00:00,461.794
2026-05-14 10:30:00,450.529
2026-05-14 11:00:00,460.337
2026-05-14 11:30:00,563.02
2026-05-14 12:00:00,616.967
2026-05-14 12:30:00,647.782
2026-05-14 13:00:00,696.4
2026-05-14 13:30:00,780.844
2026-05-14 14:00:00,822.515
2026-05-14 14:30:00,836.026
2026-05-14 15:00:00,955.413
2026-05-14 15:30:00,1009.046
2026-05-14 16:00:00,1057.207
2026-05-14 16:30:00,1024.418
2026-05-14 17:00:00,1055.654
2026-05-14 17:30:00,1048.882
2026-05-14 18:00:00,1023.315
2026-05-14 18:30:00,989.611
2026-05-14 19:00:00,942.254
2026-05-14 19:30:00,892.712
2026-05-14 20:00:00,846.309
2026-05-14 20:30:00,795.788
2026-05-14 21:00:00,683.652
2026-05-14 21:30:00,637.663
2026-05-14 22:00:00,574.826
2026-05-14 22:30:00,520.033
2026-05-14 23:00:00,448.741
2026-05-14 23:30:00,451.227
2026-05-15 00:00:00,326.99
2026-05-15 00:30:00,311.136
2026-05-15 01:00:00,314.802
2026-05-15 01:30:00,325.51
2026-05-15 02:00:00,350.369
2026-05-15 02:30:00,304.67
2026-05-15 03:00:00,285.999
2026-05-15 03:30:00,313.241
2026-05-15 04:00:00,362.941
2026-05-15 04:30:00,287.396
2026-05-15 05:00:00,333.569
2026-05-15 05:30:00,347.654
2026-05-15 06:00:00,261.673
2026-05-15 06:30:00,334.19
2026-05-15 07:00:00,343.547
2026-05-15 07:30:00,328.2
2026-05-15 08:00:00,327.624
2026-05-15 08:30:00,341.082
2026-05-15 09:00:00,363.605
2026-05-15 09:30:00,384.916
2026-05-15 10:00:00,406.262
2026-05-15 10:30:00,442.01
2026-05-15 11:00:00,518.912
2026-05-15 11:30:00,503.814
2026-05-15 12:00:00,541.665
2026-05-15 12:30:00,672.14
2026-05-15 13:00:00,697.759
2026-05-15 13:30:00,755.575
2026-05-15 14:00:00,825.012
2026-05-15 14:30:00,892.65
2026-05-15 15:00:00,928.224
2026-05-15 15:30:00,999.388
2026-05-15 16:00:00,997.124
2026-05-15 16:30:00,1035.141
2026-05-15 17:00:00,994.633
2026-05-15 17:30:00,1071.993
2026-05-15 18:00:00,1016.778
2026-05-15 18:30:00,1003.492
2026-05-15 19:00:00,953.24
2026-05-15 19:30:00,901.164
2026-05-15 20:00:00,827.598
2026-05-15 20:30:00,774.986
2026-05-15 21:00:00,678.528
2026-05-15 21:30:00,612.691
2026-05-15 22:00:00,582.864
2026-05-15 22:30:00,517.181
2026-05-15 23:00:00,524.779
2026-05-15 23:30:00,460.0
2026-05-16 00:00:00,145.892
2026-05-16 00:30:00,157.019
2026-05-16 01:00:00,167.139
2026-05-16 01:30:00,162.126
2026-05-16 02:00:00,170.641
2026-05-16 02:30:00,165.601
2026-05-16 03:00:00,129.184
2026-05-16 03:30:00,110.288
2026-05-16 04:00:00,154.903
2026-05-16 04:30:00,178.55
2026-05-16 05:00:00,155.945
2026-05-16 05:30:00,196.641
2026-05-16 06:00:00,165.65
2026-05-16 06:30:00,202.376
2026-05-16 07:00:00,199.598
2026-05-16 07:30:00,200.421
2026-05-16 08:00:00,148.681
2026-05-16 08:30:00,185.47
2026-05-16 09:00:00,223.915
2026-05-16 09:30:00,210.892
2026-05-16 10:00:00,231.495
2026-05-16 10:30:00,199.626
2026-05-16 11:00:00,302.324
2026-05-16 11:30:00,257.987
2026-05-16 12:00:00,254.543
2026-05-16 12:30:00,325.047
2026-05-16 13:00:00,304.144
2026-05-16 13:30:00,370.818
2026-05-16 14:00:00,494.415
2026-05-16 14:30:00,451.957
2026-05-16 15:00:00,453.795
2026-05-16 15:30:00,513.737
2026-05-16 16:00:00,508.569
2026-05-16 16:30:00,563.81
2026-05-16 17:00:00,523.761
2026-05-16 17:30:00,548.965
2026-05-16 18:00:00,502.337
2026-05-16 18:30:00,578.08
2026-05-16 19:00:00,502.08
2026-05-16 19:30:00,457.82
2026-05-16 20:00:00,423.128
2026-05-16 20:30:00,384.106
2026-05-16 21:00:00,346.308
2026-05-16 21:30:00,314.115
2026-05-16 22:00:00,346.362
2026-05-16 22:30:00,263.956
2026-05-16 23:00:00,201.118
2026-05-16 23:30:00,205.174
2026-05-17 00:00:00,186.997
2026-05-17 00:30:00,157.499
2026-05-17 01:00:00,160.462
2026-05-17 01:30:00,193.071
2026-05-17 02:00:00,144.418
2026-05-17 02:30:00,179.696
2026-05-17 03:00:00,147.253
2026-05-17 03:30:00,178.458
2026-05-17 04:00:00,154.465
2026-05-17 04:30:00,158.499
2026-05-17 05:00:00,185.508
2026-05-17 05:30:00,184.428
2026-05-17 06:00:00,162.686
2026-05-17 06:30:00,156.655
2026-05-17 07:00:00,210.779
2026-05-17 07:30:00,188.872
2026-05-17 08:00:00,168.99
2026-05-17 08:30:00,168.714
2026-05-17 09:00:00,218.968
2026-05-17 09:30:00,206.969
2026-05-17 10:00:00,213.547
2026-05-17 10:30:00,237.198
2026-05-17 11:00:00,262.799
2026-05-17 11:30:00,276.354
2026-05-17 12:00:00,334.496
2026-05-17 12:30:00,365.308
2026-05-17 13:00:00,378.628
2026-05-17 13:30:00,432.314
2026-05-17 14:00:00,430.664
2026-05-17 14:30:00,478.716
2026-05-17 15:00:00,514.601
2026-05-17 15:30:00,538.58
2026-05-17 16:00:00,553.914
2026-05-17 16:30:00,557.977
2026-05-17 17:00:00,594.928
2026-05-17 17:30:00,528.705
2026-05-17 18:00:00,527.133
2026-05-17 18:30:00,507.742
2026-05-17 19:00:00,480.288
2026-05-17 19:30:00,411.738
2026-05-17 20:00:00,464.824
2026-05-17 20:30:00,372.295
2026-05-17 21:00:00,369.577
2026-05-17 21:30:00,298.278
2026-05-17 22:00:00,319.921
2026-05-17 22:30:00,258.136
2026-05-17 23:00:00,225.955
2026-05-17 23:30:00,239.182
2026-05-18 00:00:00,297.489
2026-05-18 00:30:00,300.66
2026-05-18 01:00:00,319.321
2026-05-18 01:30:00,335.049
2026-05-18 02:00:00,294.631
2026-05-18 02:30:00,290.384
2026-05-18 03:00:00,315.876
2026-05-18 03:30:00,328.983
2026-05-18 04:00:00,352.421
2026-05-18 04:30:00,289.636
2026-05-18 05:00:00,309.367
2026-05-18 05:30:00,348.1
2026-05-18 06:00:00,370.139
2026-05-18 06:30:00,299.107
2026-05-18 07:00:00,309.992
2026-05-18 07:30:00,344.411
2026-05-18 08:00:00,329.342
2026-05-18 08:30:00,336.868
2026-05-18 09:00:00,377.931
2026-05-18 09:30:00,431.204
2026-05-18 10:00:00,385.794
2026-05-18 10:30:00,488.08
2026-05-18 11:00:00,474.773
2026-05-18 11:30:00,542.82
2026-05-18 12:00:00,625.163
2026-05-18 12:30:00,650.104
2026-05-18 13:00:00,695.123
2026-05-18 13:30:00,783.235
2026-05-18 14:00:00,823.463
2026-05-18 14:30:00,900.452
2026-05-18 15:00:00,936.209
2026-05-18 15:30:00,1008.268
2026-05-18 16:00:00,986.324
2026-05-18 16:30:00,1017.349
2026-05-18 17:00:00,1014.777
2026-05-18 17:30:00,1041.276
2026-05-18 18:00:00,982.942
2026-05-18 18:30:00,969.444
2026-05-18 19:00:00,913.638
2026-05-18 19:30:00,924.41
2026-05-18 20:00:00,803.025
2026-05-18 20:30:00,733.117
2026-05-18 21:00:00,708.768
2026-05-18 21:30:00,684.141
2026-05-18 22:00:00,582.49
2026-05-18 22:30:00,533.207
2026-05-18 23:00:00,521.411
2026-05-18 23:30:00,472.578
2026-05-19 00:00:00,325.642
2026-05-19 00:30:00,300.455
2026-05-19 01:00:00,326.425
2026-05-19 01:30:00,281.03
2026-05-19 02:00:00,299.499
2026-05-19 02:30:00,350.95
2026-05-19 03:00:00,347.839
2026-05-19 03:30:00,326.439
2026-05-19 04:00:00,267.618
2026-05-19 04:30:00,286.213
2026-05-19 05:00:00,300.329
2026-05-19 05:30:00,314.413
2026-05-19 06:00:00,289.551
2026-05-19 06:30:00,317.776
2026-05-19 07:00:00,372.644
2026-05-19 07:30:00,344.904
2026-05-19 08:00:00,349.256
2026-05-19 08:30:00,330.41
2026-05-19 09:00:00,330.844
2026-05-19 09:30:00,361.764
2026-05-19 10:00:00,376.546
2026-05-19 10:30:00,452.498
2026-05-19 11:00:00,498.739
2026-05-19 11:30:00,510.043
2026-05-19 12:00:00,589.089
2026-05-19 12:30:00,678.696
2026-05-19 13:00:00,751.502
2026-05-19 13:30:00,784.541
2026-05-19 14:00:00,823.421
2026-05-19 14:30:00,905.871
2026-05-19 15:00:00,975.121
2026-05-19 15:30:00,936.559
2026-05-19 16:00:00,1058.232
2026-05-19 16:30:00,1029.072
2026-05-19 17:00:00,1036.626
2026-05-19 17:30:00,1033.813
2026-05-19 18:00:00,1029.182
2026-05-19 18:30:00,958.958
2026-05-19 19:00:00,934.205
2026-05-19 19:30:00,900.551
2026-05-19 20:00:00,833.256
2026-05-19 20:30:00,774.801
2026-05-19 21:00:00,694.461
2026-05-19 21:30:00,659.313
2026-05-19 22:00:00,611.802
2026-05-19 22:30:00,559.086
2026-05-19 23:00:00,499.832
2026-05-19 23:30:00,474.094
2026-05-20 00:00:00,336.784
2026-05-20 00:30:00,381.926
2026-05-20 01:00:00,345.478
2026-05-20 01:30:00,312.831
2026-05-20 02:00:00,292.299
2026-05-20 02:30:00,308.635
2026-05-20 03:00:00,306.995
2026-05-20 03:30:00,328.287
2026-05-20 04:00:00,298.346
2026-05-20 04:30:00,346.223
2026-05-20 05:00:00,282.577
2026-05-20 05:30:00,277.893
2026-05-20 06:00:00,317.434
2026-05-20 06:30:00,302.87
2026-05-20 07:00:00,297.006
2026-05-20 07:30:00,318.956
2026-05-20 08:00:00,324.748
2026-05-20 08:30:00,356.102
2026-05-20 09:00:00,356.307
2026-05-20 09:30:00,378.99
2026-05-20 10:00:00,418.409
2026-05-20 10:30:00,475.978
2026-05-20 11:00:00,525.911
2026-05-20 11:30:00,537.869
2026-05-20 12:00:00,591.03
2026-05-20 12:30:00,637.391
2026-05-20 13:00:00,714.591
2026-05-20 13:30:00,775.036
2026-05-20 14:00:00,860.938
2026-05-20 14:30:00,840.201
2026-05-20 15:00:00,935.463
2026-05-20 15:30:00,995.219
2026-05-20 16:00:00,1020.523
2026-05-20 16:30:00,1019.207
2026-05-20 17:00:00,1017.516
2026-05-20 17:30:00,1062.845
2026-05-20 18:00:00,1002.257
2026-05-20 18:30:00,942.867
2026-05-20 19:00:00,962.74
2026-05-20 19:30:00,898.893
2026-05-20 20:00:00,824.895
2026-05-20 20:30:00,742.417
2026-05-20 21:00:00,699.724
2026-05-20 21:30:00,672.36
2026-05-20 22:00:00,545.024
2026-05-20 22:30:00,495.076
2026-05-20 23:00:00,473.448
2026-05-20 23:30:00,449.956
2026-05-21 00:00:00,302.6
2026-05-21 00:30:00,331.084
2026-05-21 01:00:00,342.247
2026-05-21 01:30:00,322.019
2026-05-21 02:00:00,329.102
2026-05-21 02:30:00,321.966
2026-05-21 03:00:00,315.527
2026-05-21 03:30:00,283.163
2026-05-21 04:00:00,290.152
2026-05-21 04:30:00,282.646
2026-05-21 05:00:00,313.603
2026-05-21 05:30:00,324.513
2026-05-21 06:00:00,284.58
2026-05-21 06:30:00,325.749
2026-05-21 07:00:00,306.582
2026-05-21 07:30:00,308.153
2026-05-21 08:00:00,328.152
2026-05-21 08:30:00,327.837
2026-05-21 09:00:00,386.985
2026-05-21 09:30:00,388.268
2026-05-21 10:00:00,438.911
2026-05-21 10:30:00,439.534
2026-05-21 11:00:00,479.0
2026-05-21 11:30:00,581.01
2026-05-21 12:00:00,544.815
2026-05-21 12:30:00,674.083
2026-05-21 13:00:00,743.923
2026-05-21 13:30:00,784.426
2026-05-21 14:00:00,819.53
2026-05-21 14:30:00,923.091
2026-05-21 15:00:00,933.282
2026-05-21 15:30:00,969.095
2026-05-21 16:00:00,1011.474
2026-05-21 16:30:00,1028.432
2026-05-21 17:00:00,1026.334
2026-05-21 17:30:00,1070.437
2026-05-21 18:00:00,1001.844
2026-05-21 18:30:00,985.998
2026-05-21 19:00:00,905.231
2026-05-21 19:30:00,888.189
2026-05-21 20:00:00,798.894
2026-05-21 20:30:00,735.768
2026-05-21 21:00:00,699.828
2026-05-21 21:30:00,668.395
2026-05-21 22:00:00,596.402
2026-05-21 22:30:00,546.903
2026-05-21 23:00:00,485.894
2026-05-21 23:30:00,442.231
2026-05-22 00:00:00,334.786
2026-05-22 00:30:00,300.934
2026-05-22 01:00:00,335.887
2026-05-22 01:30:00,345.948
2026-05-22 02:00:00,294.056
2026-05-22 02:30:00,297.802
2026-05-22 03:00:00,301.647
2026-05-22 03:30:00,278.827
2026-05-22 04:00:00,304.117
2026-05-22 04:30:00,348.955
2026-05-22 05:00:00,291.177
2026-05-22 05:30:00,351.836
2026-05-22 06:00:00,309.976
2026-05-22 06:30:00,376.785
2026-05-22 07:00:00,311.417
2026-05-22 07:30:00,331.284
2026-05-22 08:00:00,321.031
2026-05-22 08:30:00,338.656
2026-05-22 09:00:00,405.273
2026-05-22 09:30:00,404.332
2026-05-22 10:00:00,444.251
2026-05-22 10:30:00,417.732
2026-05-22 11:00:00,505.513
2026-05-22 11:30:00,509.889
2026-05-22 12:00:00,551.958
2026-05-22 12:30:00,647.94
2026-05-22 13:00:00,708.273
2026-05-22 13:30:00,766.614
2026-05-22 14:00:00,845.731
2026-05-22 14:30:00,909.258
2026-05-22 15:00:00,978.069
2026-05-22 15:30:00,956.981
2026-05-22 16:00:00,1058.731
2026-05-22 16:30:00,1089.744
2026-05-22 17:00:00,1040.844
2026-05-22 17:30:00,1000.974
2026-05-22 18:00:00,986.593
2026-05-22 18:30:00,975.193
2026-05-22 19:00:00,991.679
2026-05-22 19:30:00,887.846
2026-05-22 20:00:00,812.362
2026-05-22 20:30:00,748.145
2026-05-22 21:00:00,669.492
2026-05-22 21:30:00,663.835
2026-05-22 22:00:00,583.09
2026-05-22 22:30:00,586.671
2026-05-22 23:00:00,504.847
2026-05-22 23:30:00,471.37
2026-05-23 00:00:00,157.751
2026-05-23 00:30:00,136.531
2026-05-23 01:00:00,141.974
2026-05-23 01:30:00,129.594
2026-05-23 02:00:00,186.607
2026-05-23 02:30:00,154.262
2026-05-23 03:00:00,187.763
2026-05-23 03:30:00,167.459
2026-05-23 04:00:00,156.923
2026-05-23 04:30:00,135.298
2026-05-23 05:00:00,172.545
2026-05-23 05:30:00,160.261
2026-05-23 06:00:00,189.377
2026-05-23 06:30:00,150.56
2026-05-23 07:00:00,186.203
2026-05-23 07:30:00,215.16
2026-05-23 08:00:00,185.582
2026-05-23 08:30:00,204.674
2026-05-23 09:00:00,207.643
2026-05-23 09:30:00,251.536
2026-05-23 10:00:00,226.925
2026-05-23 10:30:00,251.822
2026-05-23 11:00:00,253.447
2026-05-23 11:30:00,258.411
2026-05-23 12:00:00,274.199
2026-05-23 12:30:00,365.498
2026-05-23 13:00:00,340.122
2026-05-23 13:30:00,416.592
2026-05-23 14:00:00,440.852
2026-05-23 14:30:00,484.402
2026-05-23 15:00:00,476.622
2026-05-23 15:30:00,493.336
2026-05-23 16:00:00,540.473
2026-05-23 16:30:00,534.889
2026-05-23 17:00:00,515.224
2026-05-23 17:30:00,590.66
2026-05-23 18:00:00,511.229
2026-05-23 18:30:00,488.264
2026-05-23 19:00:00,483.436
2026-05-23 19:30:00,492.779
2026-05-23 20:00:00,376.284
2026-05-23 20:30:00,427.193
2026-05-23 21:00:00,342.544
2026-05-23 21:30:00,340.438
2026-05-23 22:00:00,287.503
2026-05-23 22:30:00,327.569
2026-05-23 23:00:00,257.469
2026-05-23 23:30:00,216.621
2026-05-24 00:00:00,156.276
2026-05-24 00:30:00,166.048
2026-05-24 01:00:00,168.256
2026-05-24 01:30:00,174.795
2026-05-24 02:00:00,163.812
2026-05-24 02:30:00,129.456
2026-05-24 03:00:00,155.444
2026-05-24 03:30:00,179.227
2026-05-24 04:00:00,147.496
2026-05-24 04:30:00,181.357
2026-05-24 05:00:00,165.797
2026-05-24 05:30:00,160.283
2026-05-24 06:00:00,196.676
2026-05-24 06:30:00,124.992
2026-05-24 07:00:00,153.917
2026-05-24 07:30:00,204.95
2026-05-24 08:00:00,224.52
2026-05-24 08:30:00,242.191
2026-05-24 09:00:00,194.605
2026-05-24 09:30:00,215.531
2026-05-24 10:00:00,238.072
2026-05-24 10:30:00,266.2
2026-05-24 11:00:00,262.181
2026-05-24 11:30:00,300.925
2026-05-24 12:00:00,315.898
2026-05-24 12:30:00,346.88
2026-05-24 13:00:00,342.372
2026-05-24 13:30:00,389.715
2026-05-24 14:00:00,417.383
2026-05-24 14:30:00,431.735
2026-05-24 15:00:00,448.199
2026-05-24 15:30:00,502.514
2026-05-24 16:00:00,524.417
2026-05-24 16:30:00,544.823
2026-05-24 17:00:00,559.893
2026-05-24 17:30:00,546.9
2026-05-24 18:00:00,524.591
2026-05-24 18:30:00,490.226
2026-05-24 19:00:00,511.416
2026-05-24 19:30:00,458.912
2026-05-24 20:00:00,419.607
2026-05-24 20:30:00,393.284
2026-05-24 21:00:00,347.013
2026-05-24 21:30:00,320.558
2026-05-24 22:00:00,290.342
2026-05-24 22:30:00,270.588
2026-05-24 23:00:00,270.748
2026-05-24 23:30:00,244.501
2026-05-25 00:00:00,353.675
2026-05-25 00:30:00,345.307
2026-05-25 01:00:00,363.937
2026-05-25 01:30:00,329.028
2026-05-25 02:00:00,328.668
2026-05-25 02:30:00,302.978
2026-05-25 03:00:00,335.94
2026-05-25 03:30:00,299.099
2026-05-25 04:00:00,279.091
2026-05-25 04:30:00,354.577
2026-05-25 05:00:00,286.087
2026-05-25 05:30:00,329.677
2026-05-25 06:00:00,298.803
2026-05-25 06:30:00,352.101
2026-05-25 07:00:00,360.036
2026-05-25 07:30:00,348.113
2026-05-25 08:00:00,374.945
2026-05-25 08:30:00,356.032
2026-05-25 09:00:00,427.673
2026-05-25 09:30:00,411.123
2026-05-25 10:00:00,396.017
2026-05-25 10:30:00,452.362
2026-05-25 11:00:00,485.329
2026-05-25 11:30:00,527.914
2026-05-25 12:00:00,543.963
2026-05-25 12:30:00,651.642
2026-05-25 13:00:00,667.916
2026-05-25 13:30:00,702.145
2026-05-25 14:00:00,819.192
2026-05-25 14:30:00,868.521
2026-05-25 15:00:00,919.787
2026-05-25 15:30:00,909.162
2026-05-25 16:00:00,999.909
2026-05-25 16:30:00,1038.346
2026-05-25 17:00:00,1034.146
2026-05-25 17:30:00,1052.37
2026-05-25 18:00:00,1055.997
2026-05-25 18:30:00,999.649
2026-05-25 19:00:00,966.986
2026-05-25 19:30:00,915.147
2026-05-25 20:00:00,802.321
2026-05-25 20:30:00,776.258
2026-05-25 21:00:00,727.439
2026-05-25 21:30:00,631.072
2026-05-25 22:00:00,565.626
2026-05-25 22:30:00,547.435
2026-05-25 23:00:00,452.101
2026-05-25 23:30:00,423.422
2026-05-26 00:00:00,298.338
2026-05-26 00:30:00,326.277
2026-05-26 01:00:00,320.499
2026-05-26 01:30:00,340.859
2026-05-26 02:00:00,292.044
2026-05-26 02:30:00,290.777
2026-05-26 03:00:00,328.387
2026-05-26 03:30:00,295.535
2026-05-26 04:00:00,300.764
2026-05-26 04:30:00,270.0
2026-05-26 05:00:00,324.587
2026-05-26 05:30:00,357.238
2026-05-26 06:00:00,295.079
2026-05-26 06:30:00,349.477
2026-05-26 07:00:00,326.977
2026-05-26 07:30:00,290.748
2026-05-26 08:00:00,321.417
2026-05-26 08:30:00,331.937
2026-05-26 09:00:00,363.906
2026-05-26 09:30:00,402.956
2026-05-26 10:00:00,464.754
2026-05-26 10:30:00,414.843
2026-05-26 11:00:00,477.022
2026-05-26 11:30:00,511.775
2026-05-26 12:00:00,553.692
2026-05-26 12:30:00,644.357
2026-05-26 13:00:00,702.597
2026-05-26 13:30:00,719.935
2026-05-26 14:00:00,828.246
2026-05-26 14:30:00,857.284
2026-05-26 15:00:00,941.621
2026-05-26 15:30:00,1018.477
2026-05-26 16:00:00,1032.757
2026-05-26 16:30:00,1047.125
2026-05-26 17:00:00,1036.781
2026-05-26 17:30:00,1044.358
2026-05-26 18:00:00,1035.262
2026-05-26 18:30:00,998.344
2026-05-26 19:00:00,938.845
2026-05-26 19:30:00,892.853
2026-05-26 20:00:00,794.878
2026-05-26 20:30:00,746.922
2026-05-26 21:00:00,720.249
2026-05-26 21:30:00,663.022
2026-05-26 22:00:00,587.731
2026-05-26 22:30:00,571.149
2026-05-26 23:00:00,501.842
2026-05-26 23:30:00,444.794
2026-05-27 00:00:00,284.513
2026-05-27 00:30:00,350.982
2026-05-27 01:00:00,334.284
2026-05-27 01:30:00,360.007
2026-05-27 02:00:00,369.262
2026-05-27 02:30:00,282.99
2026-05-27 03:00:00,283.181
2026-05-27 03:30:00,243.922
2026-05-27 04:00:00,338.811
2026-05-27 04:30:00,332.831
2026-05-27 05:00:00,319.761
2026-05-27 05:30:00,288.052
2026-05-27 06:00:00,318.586
2026-05-27 06:30:00,328.552
2026-05-27 07:00:00,348.03
2026-05-27 07:30:00,341.708
2026-05-27 08:00:00,360.38
2026-05-27 08:30:00,352.745
2026-05-27 09:00:00,401.356
2026-05-27 09:30:00,408.262
2026-05-27 10:00:00,388.858
2026-05-27 10:30:00,485.352
2026-05-27 11:00:00,519.781
2026-05-27 11:30:00,545.812
2026-05-27 12:00:00,592.409
2026-05-27 12:30:00,683.436
2026-05-27 13:00:00,661.727
2026-05-27 13:30:00,796.311
2026-05-27 14:00:00,815.887
2026-05-27 14:30:00,914.798
2026-05-27 15:00:00,944.335
2026-05-27 15:30:00,955.666
2026-05-27 16:00:00,1008.767
2026-05-27 16:30:00,1068.23
2026-05-27 17:00:00,1044.745
2026-05-27 17:30:00,1027.149
2026-05-27 18:00:00,1005.476
2026-05-27 18:30:00,1002.796
2026-05-27 19:00:00,985.092
2026-05-27 19:30:00,833.896
2026-05-27 20:00:00,897.809
2026-05-27 20:30:00,770.374
2026-05-27 21:00:00,717.066
2026-05-27 21:30:00,631.064
2026-05-27 22:00:00,585.304
2026-05-27 22:30:00,538.988
2026-05-27 23:00:00,462.915
2026-05-27 23:30:00,430.48
2026-05-28 00:00:00,344.621
2026-05-28 00:30:00,276.205
2026-05-28 01:00:00,326.052
2026-05-28 01:30:00,305.786
2026-05-28 02:00:00,291.073
2026-05-28 02:30:00,364.462
2026-05-28 03:00:00,291.427
2026-05-28 03:30:00,287.249
2026-05-28 04:00:00,311.178
2026-05-28 04:30:00,297.205
2026-05-28 05:00:00,317.476
2026-05-28 05:30:00,322.591
2026-05-28 06:00:00,326.678
2026-05-28 06:30:00,320.837
2026-05-28 07:00:00,310.908
2026-05-28 07:30:00,350.968
2026-05-28 08:00:00,340.993
2026-05-28 08:30:00,343.458
2026-05-28 09:00:00,408.819
2026-05-28 09:30:00,389.436
2026-05-28 10:00:00,445.831
2026-05-28 10:30:00,481.293
2026-05-28 11:00:00,521.334
2026-05-28 11:30:00,551.454
2026-05-28 12:00:00,585.376
2026-05-28 12:30:00,640.37
2026-05-28 13:00:00,696.457
2026-05-28 13:30:00,711.108
2026-05-28 14:00:00,845.762
2026-05-28 14:30:00,893.53
2026-05-28 15:00:00,961.964
2026-05-28 15:30:00,983.814
2026-05-28 16:00:00,1037.801
2026-05-28 16:30:00,1008.249
2026-05-28 17:00:00,1020.768
2026-05-28 17:30:00,980.781
2026-05-28 18:00:00,1017.822
2026-05-28 18:30:00,967.426
2026-05-28 19:00:00,918.741
2026-05-28 19:30:00,895.785
2026-05-28 20:00:00,817.154
2026-05-28 20:30:00,729.453
2026-05-28 21:00:00,766.179
2026-05-28 21:30:00,641.045
2026-05-28 22:00:00,558.312
2026-05-28 22:30:00,517.429
2026-05-28 23:00:00,484.813
2026-05-28 23:30:00,446.241
2026-05-29 00:00:00,347.561
2026-05-29 00:30:00,313.028
2026-05-29 01:00:00,361.406
2026-05-29 01:30:00,304.239
2026-05-29 02:00:00,325.752
2026-05-29 02:30:00,340.713
2026-05-29 03:00:00,345.168
2026-05-29 03:30:00,348.298
2026-05-29 04:00:00,309.052
2026-05-29 04:30:00,316.282
2026-05-29 05:00:00,255.331
2026-05-29 05:30:00,313.805
2026-05-29 06:00:00,348.093
2026-05-29 06:30:00,346.355
2026-05-29 07:00:00,326.3
2026-05-29 07:30:00,377.362
2026-05-29 08:00:00,334.185
2026-05-29 08:30:00,337.945
2026-05-29 09:00:00,360.115
2026-05-29 09:30:00,364.407
2026-05-29 10:00:00,434.091
2026-05-29 10:30:00,457.834
2026-05-29 11:00:00,504.391
2026-05-29 11:30:00,523.816
2026-05-29 12:00:00,583.94
2026-05-29 12:30:00,587.51
2026-05-29 13:00:00,711.966
2026-05-29 13:30:00,767.751
2026-05-29 14:00:00,800.279
2026-05-29 14:30:00,884.802
2026-05-29 15:00:00,934.879
2026-05-29 15:30:00,1030.847
2026-05-29 16:00:00,994.652
2026-05-29 16:30:00,1050.972
2026-05-29 17:00:00,1022.731
2026-05-29 17:30:00,1028.74
2026-05-29 18:00:00,1028.101
2026-05-29 18:30:00,981.455
2026-05-29 19:00:00,941.176
2026-05-29 19:30:00,895.737
2026-05-29 20:00:00,815.45
2026-05-29 20:30:00,787.384
2026-05-29 21:00:00,694.923
2026-05-29 21:30:00,639.532
2026-05-29 22:00:00,594.424
2026-05-29 22:30:00,539.85
2026-05-29 23:00:00,505.248
2026-05-29 23:30:00,458.546
2026-05-30 00:00:00,175.529
2026-05-30 00:30:00,155.673
2026-05-30 01:00:00,137.094
2026-05-30 01:30:00,128.135
2026-05-30 02:00:00,122.079
2026-05-30 02:30:00,207.953
2026-05-30 03:00:00,108.631
2026-05-30 03:30:00,193.904
2026-05-30 04:00:00,143.721
2026-05-30 04:30:00,194.199
2026-05-30 05:00:00,109.941
2026-05-30 05:30:00,159.85
2026-05-30 06:00:00,203.173
2026-05-30 06:30:00,186.276
2026-05-30 07:00:00,162.369
2026-05-30 07:30:00,125.565
2026-05-30 08:00:00,145.706
2026-05-30 08:30:00,219.77
2026-05-30 09:00:00,184.64
2026-05-30 09:30:00,202.288
2026-05-30 10:00:00,224.724
2026-05-30 10:30:00,201.752
2026-05-30 11:00:00,264.536
2026-05-30 11:30:00,267.281
2026-05-30 12:00:00,311.746
2026-05-30 12:30:00,319.373
2026-05-30 13:00:00,326.003
2026-05-30 13:30:00,387.261
2026-05-30 14:00:00,446.471
2026-05-30 14:30:00,471.309
2026-05-30 15:00:00,490.263
2026-05-30 15:30:00,535.558
2026-05-30 16:00:00,525.924
2026-05-30 16:30:00,543.604
2026-05-30 17:00:00,534.006
2026-05-30 17:30:00,566.112
2026-05-30 18:00:00,538.302
2026-05-30 18:30:00,499.181
2026-05-30 19:00:00,452.264
2026-05-30 19:30:00,489.082
2026-05-30 20:00:00,411.85
2026-05-30 20:30:00,399.747
2026-05-30 21:00:00,424.146
2026-05-30 21:30:00,353.862
2026-05-30 22:00:00,344.682
2026-05-30 22:30:00,264.318
2026-05-30 23:00:00,281.128
2026-05-30 23:30:00,234.99
2026-05-31 00:00:00,172.954
2026-05-31 00:30:00,214.328
2026-05-31 01:00:00,156.848
2026-05-31 01:30:00,164.307
2026-05-31 02:00:00,141.267
2026-05-31 02:30:00,186.097
2026-05-31 03:00:00,149.935
2026-05-31 03:30:00,189.629
2026-05-31 04:00:00,122.995
2026-05-31 04:30:00,178.254
2026-05-31 05:00:00,148.912
2026-05-31 05:30:00,183.99
2026-05-31 06:00:00,166.483
2026-05-31 06:30:00,155.062
2026-05-31 07:00:00,161.136
2026-05-31 07:30:00,152.88
2026-05-31 08:00:00,199.713
2026-05-31 08:30:00,158.825
2026-05-31 09:00:00,186.669
2026-05-31 09:30:00,212.715
2026-05-31 10:00:00,257.973
2026-05-31 10:30:00,234.091
2026-05-31 11:00:00,248.291
2026-05-31 11:30:00,284.612
2026-05-31 12:00:00,252.567
2026-05-31 12:30:00,303.859
2026-05-31 13:00:00,355.947
2026-05-31 13:30:00,380.122
2026-05-31 14:00:00,390.431
2026-05-31 14:30:00,482.902
2026-05-31 15:00:00,495.983
2026-05-31 15:30:00,516.611
2026-05-31 16:00:00,513.664
2026-05-31 16:30:00,544.182
2026-05-31 17:00:00,558.861
2026-05-31 17:30:00,535.575
2026-05-31 18:00:00,542.128
2026-05-31 18:30:00,493.203
2026-05-31 19:00:00,491.926
2026-05-31 19:30:00,490.02
2026-05-31 20:00:00,461.252
2026-05-31 20:30:00,431.136
2026-05-31 21:00:00,372.47
2026-05-31 21:30:00,334.615
2026-05-31 22:00:00,293.184
2026-05-31 22:30:00,232.584
2026-05-31 23:00:00,220.731
2026-05-31 23:30:00,230.122
2026-06-01 00:00:00,348.526
2026-06-01 00:30:00,386.546
2026-06-01 01:00:00,384.124
2026-06-01 01:30:00,334.118
2026-06-01 02:00:00,371.784
2026-06-01 02:30:00,339.481
2026-06-01 03:00:00,368.613
2026-06-01 03:30:00,371.935
2026-06-01 04:00:00,383.227
2026-06-01 04:30:00,340.491
2026-06-01 05:00:00,379.165
2026-06-01 05:30:00,308.536
2026-06-01 06:00:00,390.11
2026-06-01 06:30:00,360.561
2026-06-01 07:00:00,366.142
2026-06-01 07:30:00,322.459
2026-06-01 08:00:00,373.604
2026-06-01 08:30:00,430.658
2026-06-01 09:00:00,403.911
2026-06-01 09:30:00,455.439
2026-06-01 10:00:00,467.526
2026-06-01 10:30:00,529.01
2026-06-01 11:00:00,550.181
2026-06-01 11:30:00,572.31
2026-06-01 12:00:00,654.123
2026-06-01 12:30:00,755.828
2026-06-01 13:00:00,795.795
2026-06-01 13:30:00,850.376
2026-06-01 14:00:00,979.382
2026-06-01 14:30:00,1018.452
2026-06-01 15:00:00,1069.996
2026-06-01 15:30:00,1108.148
2026-06-01 16:00:00,1156.873
2026-06-01 16:30:00,1181.664
2026-06-01 17:00:00,1116.18
2026-06-01 17:30:00,1172.469
2026-06-01 18:00:00,1134.596
2026-06-01 18:30:00,1087.72
2026-06-01 19:00:00,1044.692
2026-06-01 19:30:00,950.575
2026-06-01 20:00:00,877.873
2026-06-01 20:30:00,884.45
2026-06-01 21:00:00,794.908
2026-06-01 21:30:00,655.472
2026-06-01 22:00:00,638.302
2026-06-01 22:30:00,617.619
2026-06-01 23:00:00,538.393
2026-06-01 23:30:00,533.568
2026-06-02 00:00:00,377.477
2026-06-02 00:30:00,317.322
2026-06-02 01:00:00,347.671
2026-06-02 01:30:00,340.078
2026-06-02 02:00:00,316.595
2026-06-02 02:30:00,315.051
2026-06-02 03:00:00,331.397
2026-06-02 03:30:00,335.761
2026-06-02 04:00:00,359.256
2026-06-02 04:30:00,378.912
2026-06-02 05:00:00,366.649
2026-06-02 05:30:00,374.116
2026-06-02 06:00:00,351.04
2026-06-02 06:30:00,376.261
2026-06-02 07:00:00,362.526
2026-06-02 07:30:00,362.358
2026-06-02 08:00:00,430.748
2026-06-02 08:30:00,338.509
2026-06-02 09:00:00,367.746
2026-06-02 09:30:00,447.17
2026-06-02 10:00:00,460.037
2026-06-02 10:30:00,466.519
2026-06-02 11:00:00,519.028
2026-06-02 11:30:00,572.495
2026-06-02 12:00:00,675.02
2026-06-02 12:30:00,746.108
2026-06-02 13:00:00,824.343
2026-06-02 13:30:00,813.562
2026-06-02 14:00:00,888.81
2026-06-02 14:30:00,953.581
2026-06-02 15:00:00,1081.8
2026-06-02 15:30:00,1110.645
2026-06-02 16:00:00,1140.621
2026-06-02 16:30:00,1168.336
2026-06-02 17:00:00,1169.331
2026-06-02 17:30:00,1134.567
2026-06-02 18:00:00,1151.445
2026-06-02 18:30:00,1095.561
2026-06-02 19:00:00,1019.57
2026-06-02 19:30:00,1003.829
2026-06-02 20:00:00,912.344
2026-06-02 20:30:00,858.975
2026-06-02 21:00:00,780.23
2026-06-02 21:30:00,738.082
2026-06-02 22:00:00,658.215
2026-06-02 22:30:00,573.513
2026-06-02 23:00:00,553.443
2026-06-02 23:30:00,511.311
2026-06-03 00:00:00,364.016
2026-06-03 00:30:00,377.137
2026-06-03 01:00:00,335.855
2026-06-03 01:30:00,367.978
2026-06-03 02:00:00,308.206
2026-06-03 02:30:00,348.408
2026-06-03 03:00:00,344.681
2026-06-03 03:30:00,387.98
2026-06-03 04:00:00,348.267
2026-06-03 04:30:00,368.007
2026-06-03 05:00:00,309.763
2026-06-03 05:30:00,346.563
2026-06-03 06:00:00,336.546
2026-06-03 06:30:00,423.074
2026-06-03 07:00:00,349.565
2026-06-03 07:30:00,375.227
2026-06-03 08:00:00,386.485
2026-06-03 08:30:00,357.034
2026-06-03 09:00:00,401.427
2026-06-03 09:30:00,447.721
2026-06-03 10:00:00,468.805
2026-06-03 10:30:00,444.933
2026-06-03 11:00:00,531.218
2026-06-03 11:30:00,621.126
2026-06-03 12:00:00,667.417
2026-06-03 12:30:00,746.248
2026-06-03 13:00:00,758.713
2026-06-03 13:30:00,885.311
2026-06-03 14:00:00,921.878
2026-06-03 14:30:00,1029.277
2026-06-03 15:00:00,1049.661
2026-06-03 15:30:00,1049.028
2026-06-03 16:00:00,1159.847
2026-06-03 16:30:00,1151.508
2026-06-03 17:00:00,1161.344
2026-06-03 17:30:00,1126.268
2026-06-03 18:00:00,1179.171
2026-06-03 18:30:00,1087.187
2026-06-03 19:00:00,1088.954
2026-06-03 19:30:00,978.691
2026-06-03 20:00:00,899.795
2026-06-03 20:30:00,886.276
2026-06-03 21:00:00,781.521
2026-06-03 21:30:00,714.208
2026-06-03 22:00:00,620.671
2026-06-03 22:30:00,584.165
2026-06-03 23:00:00,556.111
2026-06-03 23:30:00,469.964
2026-06-04 00:00:00,337.756
2026-06-04 00:30:00,340.729
2026-06-04 01:00:00,352.915
2026-06-04 01:30:00,388.269
2026-06-04 02:00:00,343.827
2026-06-04 02:30:00,334.145
2026-06-04 03:00:00,420.207
2026-06-04 03:30:00,340.955
2026-06-04 04:00:00,347.409
2026-06-04 04:30:00,343.861
2026-06-04 05:00:00,346.888
2026-06-04 05:30:00,357.301
2026-06-04 06:00:00,380.725
2026-06-04 06:30:00,371.286
2026-06-04 07:00:00,393.163
2026-06-04 07:30:00,399.495
2026-06-04 08:00:00,388.535
2026-06-04 08:30:00,406.179
2026-06-04 09:00:00,442.297
2026-06-04 09:30:00,409.822
2026-06-04 10:00:00,529.117
2026-06-04 10:30:00,489.629
2026-06-04 11:00:00,536.619
2026-06-04 11:30:00,565.308
2026-06-04 12:00:00,623.158
2026-06-04 12:30:00,740.148
2026-06-04 13:00:00,840.109
2026-06-04 13:30:00,839.107
2026-06-04 14:00:00,931.671
2026-06-04 14:30:00,994.976
2026-06-04 15:00:00,1074.584
2026-06-04 15:30:00,1155.682
2026-06-04 16:00:00,1176.64
2026-06-04 16:30:00,1156.629
2026-06-04 17:00:00,1183.969
2026-06-04 17:30:00,1178.297
2026-06-04 18:00:00,1138.114
2026-06-04 18:30:00,1072.816
2026-06-04 19:00:00,1029.609
2026-06-04 19:30:00,1018.176
2026-06-04 20:00:00,954.271
2026-06-04 20:30:00,848.098
2026-06-04 21:00:00,789.881
2026-06-04 21:30:00,745.729
2026-06-04 22:00:00,610.105
2026-06-04 22:30:00,584.446
2026-06-04 23:00:00,595.84
2026-06-04 23:30:00,509.926
2026-06-05 00:00:00,323.002
2026-06-05 00:30:00,354.172
2026-06-05 01:00:00,376.79
2026-06-05 01:30:00,287.617
2026-06-05 02:00:00,355.733
2026-06-05 02:30:00,342.097
2026-06-05 03:00:00,310.498
2026-06-05 03:30:00,353.832
2026-06-05 04:00:00,348.763
2026-06-05 04:30:00,352.205
2026-06-05 05:00:00,345.101
2026-06-05 05:30:00,329.823
2026-06-05 06:00:00,321.335
2026-06-05 06:30:00,343.919
2026-06-05 07:00:00,387.716
2026-06-05 07:30:00,379.221
2026-06-05 08:00:00,381.591
2026-06-05 08:30:00,370.777
2026-06-05 09:00:00,405.23
2026-06-05 09:30:00,456.031
2026-06-05 10:00:00,479.282
2026-06-05 10:30:00,490.513
2026-06-05 11:00:00,480.108
2026-06-05 11:30:00,578.734
2026-06-05 12:00:00,640.644
2026-06-05 12:30:00,693.12
2026-06-05 13:00:00,773.025
2026-06-05 13:30:00,873.701
2026-06-05 14:00:00,922.056
2026-06-05 14:30:00,1014.214
2026-06-05 15:00:00,1011.869
2026-06-05 15:30:00,1092.588
2026-06-05 16:00:00,1090.14
2026-06-05 16:30:00,1151.931
2026-06-05 17:00:00,1144.609
2026-06-05 17:30:00,1194.627
2026-06-05 18:00:00,1148.859
2026-06-05 18:30:00,1125.585
2026-06-05 19:00:00,1038.844
2026-06-05 19:30:00,963.979
2026-06-05 20:00:00,896.699
2026-06-05 20:30:00,859.924
2026-06-05 21:00:00,828.608
2026-06-05 21:30:00,726.107
2026-06-05 22:00:00,643.342
2026-06-05 22:30:00,590.886
2026-06-05 23:00:00,544.611
2026-06-05 23:30:00,553.109
2026-06-06 00:00:00,213.481
2026-06-06 00:30:00,189.144
2026-06-06 01:00:00,185.396
2026-06-06 01:30:00,190.149
2026-06-06 02:00:00,195.046
2026-06-06 02:30:00,172.402
2026-06-06 03:00:00,161.703
2026-06-06 03:30:00,208.733
2026-06-06 04:00:00,183.681
2026-06-06 04:30:00,207.178
2026-06-06 05:00:00,225.134
2026-06-06 05:30:00,197.801
2026-06-06 06:00:00,194.97
2026-06-06 06:30:00,267.823
2026-06-06 07:00:00,195.618
2026-06-06 07:30:00,166.902
2026-06-06 08:00:00,192.296
2026-06-06 08:30:00,245.113
2026-06-06 09:00:00,183.226
2026-06-06 09:30:00,208.742
2026-06-06 10:00:00,270.325
2026-06-06 10:30:00,254.48
2026-06-06 11:00:00,280.848
2026-06-06 11:30:00,336.549
2026-06-06 12:00:00,321.489
2026-06-06 12:30:00,335.5
2026-06-06 13:00:00,372.622
2026-06-06 13:30:00,458.254
2026-06-06 14:00:00,486.432
2026-06-06 14:30:00,497.211
2026-06-06 15:00:00,516.811
2026-06-06 15:30:00,565.347
2026-06-06 16:00:00,619.993
2026-06-06 16:30:00,583.654
2026-06-06 17:00:00,592.223
2026-06-06 17:30:00,574.787
2026-06-06 18:00:00,582.895
2026-06-06 18:30:00,580.563
2026-06-06 19:00:00,598.66
2026-06-06 19:30:00,519.97
2026-06-06 20:00:00,478.612
2026-06-06 20:30:00,465.283
2026-06-06 21:00:00,424.75
2026-06-06 21:30:00,357.773
2026-06-06 22:00:00,396.961
2026-06-06 22:30:00,309.105
2026-06-06 23:00:00,289.514
2026-06-06 23:30:00,275.054
2026-06-07 00:00:00,191.288
2026-06-07 00:30:00,220.78
2026-06-07 01:00:00,167.905
2026-06-07 01:30:00,202.25
2026-06-07 02:00:00,186.804
2026-06-07 02:30:00,207.3
2026-06-07 03:00:00,177.43
2026-06-07 03:30:00,174.167
2026-06-07 04:00:00,201.433
2026-06-07 04:30:00,192.41
2026-06-07 05:00:00,163.472
2026-06-07 05:30:00,218.426
2026-06-07 06:00:00,204.319
2026-06-07 06:30:00,185.962
2026-06-07 07:00:00,178.736
2026-06-07 07:30:00,203.268
2026-06-07 08:00:00,215.839
2026-06-07 08:30:00,166.469
2026-06-07 09:00:00,224.973
2026-06-07 09:30:00,243.867
2026-06-07 10:00:00,183.853
2026-06-07 10:30:00,266.175
2026-06-07 11:00:00,300.97
2026-06-07 11:30:00,324.237
2026-06-07 12:00:00,359.471
2026-06-07 12:30:00,364.025
2026-06-07 13:00:00,381.347
2026-06-07 13:30:00,398.716
2026-06-07 14:00:00,507.259
2026-06-07 14:30:00,532.102
2026-06-07 15:00:00,574.993
2026-06-07 15:30:00,553.983
2026-06-07 16:00:00,612.176
2026-06-07 16:30:00,566.983
2026-06-07 17:00:00,587.053
2026-06-07 17:30:00,607.699
2026-06-07 18:00:00,608.66
2026-06-07 18:30:00,614.087
2026-06-07 19:00:00,539.779
2026-06-07 19:30:00,492.882
2026-06-07 20:00:00,457.025
2026-06-07 20:30:00,426.513
2026-06-07 21:00:00,462.87
2026-06-07 21:30:00,391.136
2026-06-07 22:00:00,367.223
2026-06-07 22:30:00,303.74
2026-06-07 23:00:00,283.563
2026-06-07 23:30:00,278.752
2026-06-08 00:00:00,338.588
2026-06-08 00:30:00,343.958
2026-06-08 01:00:00,334.387
2026-06-08 01:30:00,340.093
2026-06-08 02:00:00,352.551
2026-06-08 02:30:00,330.865
2026-06-08 03:00:00,358.697
2026-06-08 03:30:00,358.899
2026-06-08 04:00:00,347.694
2026-06-08 04:30:00,332.121
2026-06-08 05:00:00,356.431
2026-06-08 05:30:00,342.734
2026-06-08 06:00:00,358.87
2026-06-08 06:30:00,388.64
2026-06-08 07:00:00,334.912
2026-06-08 07:30:00,427.732
2026-06-08 08:00:00,381.508
2026-06-08 08:30:00,407.067
2026-06-08 09:00:00,395.759
2026-06-08 09:30:00,466.158
2026-06-08 10:00:00,463.521
2026-06-08 10:30:00,492.59
2026-06-08 11:00:00,531.005
2026-06-08 11:30:00,588.893
2026-06-08 12:00:00,663.17
2026-06-08 12:30:00,720.118
2026-06-08 13:00:00,782.358
2026-06-08 13:30:00,835.502
2026-06-08 14:00:00,903.759
2026-06-08 14:30:00,977.95
2026-06-08 15:00:00,1061.085
2026-06-08 15:30:00,1116.771
2026-06-08 16:00:00,1158.542
2026-06-08 16:30:00,1162.559
2026-06-08 17:00:00,1180.339
2026-06-08 17:30:00,1158.384
2026-06-08 18:00:00,1095.059
2026-06-08 18:30:00,1094.816
2026-06-08 19:00:00,1040.195
2026-06-08 19:30:00,963.496
2026-06-08 20:00:00,908.803
2026-06-08 20:30:00,856.665
2026-06-08 21:00:00,755.023
2026-06-08 21:30:00,698.028
2026-06-08 22:00:00,691.409
2026-06-08 22:30:00,555.537
2026-06-08 23:00:00,540.814
2026-06-08 23:30:00,473.286
2026-06-09 00:00:00,332.442
2026-06-09 00:30:00,346.297
2026-06-09 01:00:00,326.565
2026-06-09 01:30:00,365.628
2026-06-09 02:00:00,385.105
2026-06-09 02:30:00,372.449
2026-06-09 03:00:00,377.163
2026-06-09 03:30:00,317.291
2026-06-09 04:00:00,346.098
2026-06-09 04:30:00,364.493
2026-06-09 05:00:00,375.587
2026-06-09 05:30:00,399.191
2026-06-09 06:00:00,384.431
2026-06-09 06:30:00,383.599
2026-06-09 07:00:00,432.075
2026-06-09 07:30:00,375.802
2026-06-09 08:00:00,376.094
2026-06-09 08:30:00,401.205
2026-06-09 09:00:00,391.702
2026-06-09 09:30:00,439.293
2026-06-09 10:00:00,423.491
2026-06-09 10:30:00,489.205
2026-06-09 11:00:00,542.51
2026-06-09 11:30:00,619.346
2026-06-09 12:00:00,680.489
2026-06-09 12:30:00,691.707
2026-06-09 13:00:00,835.255
2026-06-09 13:30:00,856.997
2026-06-09 14:00:00,928.989
2026-06-09 14:30:00,949.029
2026-06-09 15:00:00,1034.077
2026-06-09 15:30:00,1126.46
2026-06-09 16:00:00,1142.86
2026-06-09 16:30:00,1165.291
2026-06-09 17:00:00,1176.429
2026-06-09 17:30:00,1126.515
2026-06-09 18:00:00,1136.201
2026-06-09 18:30:00,1135.423
2026-06-09 19:00:00,1076.746
2026-06-09 19:30:00,986.342
2026-06-09 20:00:00,962.08
2026-06-09 20:30:00,821.81
2026-06-09 21:00:00,759.062
2026-06-09 21:30:00,762.388
2026-06-09 22:00:00,667.161
2026-06-09 22:30:00,588.383
2026-06-09 23:00:00,544.01
2026-06-09 23:30:00,482.278
2026-06-10 00:00:00,358.148
2026-06-10 00:30:00,356.175
2026-06-10 01:00:00,351.751
2026-06-10 01:30:00,322.286
2026-06-10 02:00:00,357.945
2026-06-10 02:30:00,338.17
2026-06-10 03:00:00,326.898
2026-06-10 03:30:00,383.453
2026-06-10 04:00:00,406.418
2026-06-10 04:30:00,401.373
2026-06-10 05:00:00,370.06
2026-06-10 05:30:00,348.717
2026-06-10 06:00:00,355.946
2026-06-10 06:30:00,371.327
2026-06-10 07:00:00,355.729
2026-06-10 07:30:00,406.365
2026-06-10 08:00:00,332.428
2026-06-10 08:30:00,389.378
2026-06-10 09:00:00,434.605
2026-06-10 09:30:00,416.473
2026-06-10 10:00:00,460.658
2026-06-10 10:30:00,517.284
2026-06-10 11:00:00,583.35
2026-06-10 11:30:00,563.257
2026-06-10 12:00:00,618.51
2026-06-10 12:30:00,692.147
2026-06-10 13:00:00,744.916
2026-06-10 13:30:00,816.628
2026-06-10 14:00:00,898.672
2026-06-10 14:30:00,1020.309
2026-06-10 15:00:00,1041.776
2026-06-10 15:30:00,1100.999
2026-06-10 16:00:00,1114.729
2026-06-10 16:30:00,1178.434
2026-06-10 17:00:00,1217.644
2026-06-10 17:30:00,1140.405
2026-06-10 18:00:00,1181.735
2026-06-10 18:30:00,1109.325
2026-06-10 19:00:00,1050.0
2026-06-10 19:30:00,999.475
2026-06-10 20:00:00,932.751
2026-06-10 20:30:00,899.715
2026-06-10 21:00:00,796.36
2026-06-10 21:30:00,729.325
2026-06-10 22:00:00,642.174
2026-06-10 22:30:00,616.582
2026-06-10 23:00:00,521.472
2026-06-10 23:30:00,505.168
2026-06-11 00:00:00,423.315
2026-06-11 00:30:00,288.636
2026-06-11 01:00:00,357.083
2026-06-11 01:30:00,358.071
2026-06-11 02:00:00,345.624
2026-06-11 02:30:00,346.294
2026-06-11 03:00:00,353.833
2026-06-11 03:30:00,345.484
2026-06-11 04:00:00,357.725
2026-06-11 04:30:00,340.617
2026-06-11 05:00:00,404.367
2026-06-11 05:30:00,349.057
2026-06-11 06:00:00,371.945
2026-06-11 06:30:00,344.461
2026-06-11 07:00:00,389.564
2026-06-11 07:30:00,391.731
2026-06-11 08:00:00,393.802
2026-06-11 08:30:00,371.088
2026-06-11 09:00:00,395.768
2026-06-11 09:30:00,479.757
2026-06-11 10:00:00,447.575
2026-06-11 10:30:00,518.466
2026-06-11 11:00:00,521.776
2026-06-11 11:30:00,620.815
2026-06-11 12:00:00,635.551
2026-06-11 12:30:00,691.718
2026-06-11 13:00:00,765.546
2026-06-11 13:30:00,839.443
2026-06-11 14:00:00,933.105
2026-06-11 14:30:00,991.206
2026-06-11 15:00:00,1022.199
2026-06-11 15:30:00,1099.516
2026-06-11 16:00:00,1110.028
2026-06-11 16:30:00,1178.685
2026-06-11 17:00:00,1191.423
2026-06-11 17:30:00,1161.997
2026-06-11 18:00:00,1145.407
2026-06-11 18:30:00,1144.018
2026-06-11 19:00:00,1045.638
2026-06-11 19:30:00,965.865
2026-06-11 20:00:00,937.468
2026-06-11 20:30:00,824.971
2026-06-11 21:00:00,778.09
2026-06-11 21:30:00,700.823
2026-06-11 22:00:00,635.166
2026-06-11 22:30:00,589.353
2026-06-11 23:00:00,567.891
2026-06-11 23:30:00,530.085
2026-06-12 00:00:00,374.388
2026-06-12 00:30:00,359.649
2026-06-12 01:00:00,344.811
2026-06-12 01:30:00,292.334
2026-06-12 02:00:00,360.518
2026-06-12 02:30:00,294.424
2026-06-12 03:00:00,303.463
2026-06-12 03:30:00,347.742
2026-06-12 04:00:00,358.789
2026-06-12 04:30:00,341.53
2026-06-12 05:00:00,392.196
2026-06-12 05:30:00,366.909
2026-06-12 06:00:00,351.47
2026-06-12 06:30:00,395.844
2026-06-12 07:00:00,405.363
2026-06-12 07:30:00,386.209
2026-06-12 08:00:00,363.939
2026-06-12 08:30:00,383.014
2026-06-12 09:00:00,378.41
2026-06-12 09:30:00,436.542
2026-06-12 10:00:00,440.411
2026-06-12 10:30:00,494.216
2026-06-12 11:00:00,551.908
2026-06-12 11:30:00,546.012
2026-06-12 12:00:00,621.118
2026-06-12 12:30:00,703.126
2026-06-12 13:00:00,782.041
2026-06-12 13:30:00,840.94
2026-06-12 14:00:00,916.225
2026-06-12 14:30:00,971.817
2026-06-12 15:00:00,1013.343
2026-06-12 15:30:00,1086.846
2026-06-12 16:00:00,1133.287
2026-06-12 16:30:00,1154.836
2026-06-12 17:00:00,1173.545
2026-06-12 17:30:00,1173.068
2026-06-12 18:00:00,1155.659
2026-06-12 18:30:00,1084.376
2026-06-12 19:00:00,1010.183
2026-06-12 19:30:00,1021.262
2026-06-12 20:00:00,932.624
2026-06-12 20:30:00,829.421
2026-06-12 21:00:00,790.297
2026-06-12 21:30:00,742.497
2026-06-12 22:00:00,695.941
2026-06-12 22:30:00,601.87
2026-06-12 23:00:00,571.885
2026-06-12 23:30:00,472.203
2026-06-13 00:00:00,181.743
2026-06-13 00:30:00,174.27
2026-06-13 01:00:00,191.216
2026-06-13 01:30:00,222.945
2026-06-13 02:00:00,188.937
2026-06-13 02:30:00,159.29
2026-06-13 03:00:00,151.219
2026-06-13 03:30:00,224.072
2026-06-13 04:00:00,195.976
2026-06-13 04:30:00,194.662
2026-06-13 05:00:00,175.387
2026-06-13 05:30:00,191.482
2026-06-13 06:00:00,161.333
2026-06-13 06:30:00,197.497
2026-06-13 07:00:00,161.071
2026-06-13 07:30:00,185.183
2026-06-13 08:00:00,183.254
2026-06-13 08:30:00,124.887
2026-06-13 09:00:00,206.911
2026-06-13 09:30:00,205.082
2026-06-13 10:00:00,237.404
2026-06-13 10:30:00,261.314
2026-06-13 11:00:00,327.803
2026-06-13 11:30:00,317.332
2026-06-13 12:00:00,347.763
2026-06-13 12:30:00,384.605
2026-06-13 13:00:00,429.139
2026-06-13 13:30:00,455.067
2026-06-13 14:00:00,486.997
2026-06-13 14:30:00,532.306
2026-06-13 15:00:00,485.115
2026-06-13 15:30:00,624.338
2026-06-13 16:00:00,631.824
2026-06-13 16:30:00,609.978
2026-06-13 17:00:00,573.465
2026-06-13 17:30:00,634.808
2026-06-13 18:00:00,574.733
2026-06-13 18:30:00,585.458
2026-06-13 19:00:00,513.708
2026-06-13 19:30:00,570.185
2026-06-13 20:00:00,443.898
2026-06-13 20:30:00,445.434
2026-06-13 21:00:00,354.29
2026-06-13 21:30:00,371.184
2026-06-13 22:00:00,328.778
2026-06-13 22:30:00,338.144
2026-06-13 23:00:00,272.97
2026-06-13 23:30:00,289.736
2026-06-14 00:00:00,157.038
2026-06-14 00:30:00,175.596
2026-06-14 01:00:00,176.104
2026-06-14 01:30:00,195.055
2026-06-14 02:00:00,191.899
2026-06-14 02:30:00,200.788
2026-06-14 03:00:00,189.476
2026-06-14 03:30:00,199.461
2026-06-14 04:00:00,160.684
2026-06-14 04:30:00,193.18
2026-06-14 05:00:00,224.185
2026-06-14 05:30:00,142.786
2026-06-14 06:00:00,198.232
2026-06-14 06:30:00,204.736
2026-06-14 07:00:00,226.972
2026-06-14 07:30:00,212.316
2026-06-14 08:00:00,201.835
2026-06-14 08:30:00,217.073
2026-06-14 09:00:00,197.205
2026-06-14 09:30:00,217.854
2026-06-14 10:00:00,209.272
2026-06-14 10:30:00,298.446
2026-06-14 11:00:00,294.858
2026-06-14 11:30:00,286.812
2026-06-14 12:00:00,346.194
2026-06-14 12:30:00,401.198
2026-06-14 13:00:00,432.164
2026-06-14 13:30:00,420.519
2026-06-14 14:00:00,401.608
2026-06-14 14:30:00,524.41
2026-06-14 15:00:00,523.609
2026-06-14 15:30:00,587.67
2026-06-14 16:00:00,615.837
2026-06-14 16:30:00,632.391
2026-06-14 17:00:00,652.409
2026-06-14 17:30:00,635.459
2026-06-14 18:00:00,635.819
2026-06-14 18:30:00,606.588
2026-06-14 19:00:00,582.436
2026-06-14 19:30:00,513.504
2026-06-14 20:00:00,447.721
2026-06-14 20:30:00,505.766
2026-06-14 21:00:00,408.918
2026-06-14 21:30:00,402.932
2026-06-14 22:00:00,325.653
2026-06-14 22:30:00,333.813
2026-06-14 23:00:00,222.48
2026-06-14 23:30:00,251.009
2026-06-15 00:00:00,348.773
2026-06-15 00:30:00,362.805
2026-06-15 01:00:00,378.055
2026-06-15 01:30:00,323.926
2026-06-15 02:00:00,367.825
2026-06-15 02:30:00,382.074
2026-06-15 03:00:00,410.195
2026-06-15 03:30:00,369.45
2026-06-15 04:00:00,340.687
2026-06-15 04:30:00,321.013
2026-06-15 05:00:00,399.537
2026-06-15 05:30:00,373.79
2026-06-15 06:00:00,357.156
2026-06-15 06:30:00,320.691
2026-06-15 07:00:00,342.956
2026-06-15 07:30:00,389.178
2026-06-15 08:00:00,392.167
2026-06-15 08:30:00,348.113
2026-06-15 09:00:00,430.393
2026-06-15 09:30:00,398.391
2026-06-15 10:00:00,500.512
2026-06-15 10:30:00,507.657
2026-06-15 11:00:00,533.808
2026-06-15 11:30:00,620.359
2026-06-15 12:00:00,661.549
2026-06-15 12:30:00,748.92
2026-06-15 13:00:00,785.366
2026-06-15 13:30:00,856.758
2026-06-15 14:00:00,915.857
2026-06-15 14:30:00,996.046
2026-06-15 15:00:00,1092.027
2026-06-15 15:30:00,1087.645
2026-06-15 16:00:00,1154.815
2026-06-15 16:30:00,1140.585
2026-06-15 17:00:00,1119.082
2026-06-15 17:30:00,1167.782
2026-06-15 18:00:00,1147.876
2026-06-15 18:30:00,1097.463
2026-06-15 19:00:00,1012.179
2026-06-15 19:30:00,997.079
2026-06-15 20:00:00,929.646
2026-06-15 20:30:00,831.068
2026-06-15 21:00:00,749.517
2026-06-15 21:30:00,709.488
2026-06-15 22:00:00,669.035
2026-06-15 22:30:00,606.021
2026-06-15 23:00:00,523.372
2026-06-15 23:30:00,505.866
2026-06-16 00:00:00,373.411
2026-06-16 00:30:00,321.924
2026-06-16 01:00:00,352.833
2026-06-16 01:30:00,384.771
2026-06-16 02:00:00,319.453
2026-06-16 02:30:00,380.296
2026-06-16 03:00:00,392.027
2026-06-16 03:30:00,346.229
2026-06-16 04:00:00,343.6
2026-06-16 04:30:00,378.634
2026-06-16 05:00:00,349.154
2026-06-16 05:30:00,296.529
2026-06-16 06:00:00,355.235
2026-06-16 06:30:00,372.947
2026-06-16 07:00:00,384.737
2026-06-16 07:30:00,351.379
2026-06-16 08:00:00,376.576
2026-06-16 08:30:00,421.194
2026-06-16 09:00:00,413.078
2026-06-16 09:30:00,399.384
2026-06-16 10:00:00,497.603
2026-06-16 10:30:00,497.091
2026-06-16 11:00:00,572.674
2026-06-16 11:30:00,560.719
2026-06-16 12:00:00,649.687
2026-06-16 12:30:00,728.541
2026-06-16 13:00:00,781.176
2026-06-16 13:30:00,823.712
2026-06-16 14:00:00,863.318
2026-06-16 14:30:00,1027.553
2026-06-16 15:00:00,1055.779
2026-06-16 15:30:00,1129.384
2026-06-16 16:00:00,1161.833
2026-06-16 16:30:00,1177.517
2026-06-16 17:00:00,1162.717
2026-06-16 17:30:00,1174.84
2026-06-16 18:00:00,1174.429
2026-06-16 18:30:00,1102.29
2026-06-16 19:00:00,1097.121
2026-06-16 19:30:00,951.986
2026-06-16 20:00:00,882.815
2026-06-16 20:30:00,877.99
2026-06-16 21:00:00,762.886
2026-06-16 21:30:00,766.881
2026-06-16 22:00:00,686.145
2026-06-16 22:30:00,635.294
2026-06-16 23:00:00,567.504
2026-06-16 23:30:00,479.404
2026-06-17 00:00:00,309.749
2026-06-17 00:30:00,388.623
2026-06-17 01:00:00,313.765
2026-06-17 01:30:00,390.902
2026-06-17 02:00:00,368.067
2026-06-17 02:30:00,349.501
2026-06-17 03:00:00,362.599
2026-06-17 03:30:00,363.416
2026-06-17 04:00:00,347.115
2026-06-17 04:30:00,388.449
2026-06-17 05:00:00,388.592
2026-06-17 05:30:00,359.248
2026-06-17 06:00:00,342.705
2026-06-17 06:30:00,393.835
2026-06-17 07:00:00,315.671
2026-06-17 07:30:00,384.492
2026-06-17 08:00:00,401.81
2026-06-17 08:30:00,376.062
2026-06-17 09:00:00,438.923
2026-06-17 09:30:00,436.943
2026-06-17 10:00:00,453.019
2026-06-17 10:30:00,526.524
2026-06-17 11:00:00,518.251
2026-06-17 11:30:00,617.335
2026-06-17 12:00:00,603.153
2026-06-17 12:30:00,722.94
2026-06-17 13:00:00,784.45
2026-06-17 13:30:00,839.795
2026-06-17 14:00:00,932.729
2026-06-17 14:30:00,987.482
2026-06-17 15:00:00,1075.946
2026-06-17 15:30:00,1114.218
2026-06-17 16:00:00,1149.933
2026-06-17 16:30:00,1169.892
2026-06-17 17:00:00,1158.946
2026-06-17 17:30:00,1155.051
2026-06-17 18:00:00,1144.821
2026-06-17 18:30:00,1095.88
2026-06-17 19:00:00,1077.364
2026-06-17 19:30:00,991.808
2026-06-17 20:00:00,932.387
2026-06-17 20:30:00,818.221
2026-06-17 21:00:00,806.935
2026-06-17 21:30:00,701.268
2026-06-17 22:00:00,626.645
2026-06-17 22:30:00,636.76
2026-06-17 23:00:00,562.834
2026-06-17 23:30:00,526.871
2026-06-18 00:00:00,362.595
2026-06-18 00:30:00,348.912
2026-06-18 01:00:00,344.264
2026-06-18 01:30:00,370.758
2026-06-18 02:00:00,379.639
2026-06-18 02:30:00,349.703
2026-06-18 03:00:00,403.361
2026-06-18 03:30:00,346.851
2026-06-18 04:00:00,317.325
2026-06-18 04:30:00,309.769
2026-06-18 05:00:00,311.613
2026-06-18 05:30:00,345.012
2026-06-18 06:00:00,351.905
2026-06-18 06:30:00,378.251
2026-06-18 07:00:00,365.52
2026-06-18 07:30:00,394.479
2026-06-18 08:00:00,384.443
2026-06-18 08:30:00,397.109
2026-06-18 09:00:00,400.14
2026-06-18 09:30:00,473.167
2026-06-18 10:00:00,428.375
2026-06-18 10:30:00,509.976
2026-06-18 11:00:00,540.852
2026-06-18 11:30:00,615.149
2026-06-18 12:00:00,652.191
2026-06-18 12:30:00,716.013
2026-06-18 13:00:00,776.688
2026-06-18 13:30:00,888.119
2026-06-18 14:00:00,923.048
2026-06-18 14:30:00,1038.713
2026-06-18 15:00:00,1056.384
2026-06-18 15:30:00,1100.758
2026-06-18 16:00:00,1134.983
2026-06-18 16:30:00,1176.702
2026-06-18 17:00:00,1156.04
2026-06-18 17:30:00,1166.239
2026-06-18 18:00:00,1138.819
2026-06-18 18:30:00,1108.346
2026-06-18 19:00:00,1058.329
2026-06-18 19:30:00,999.522
2026-06-18 20:00:00,925.361
2026-06-18 20:30:00,892.511
2026-06-18 21:00:00,793.919
2026-06-18 21:30:00,780.947
2026-06-18 22:00:00,653.958
2026-06-18 22:30:00,619.578
2026-06-18 23:00:00,527.242
2026-06-18 23:30:00,537.463
2026-06-19 00:00:00,333.626
2026-06-19 00:30:00,362.637
2026-06-19 01:00:00,344.644
2026-06-19 01:30:00,362.58
2026-06-19 02:00:00,345.456
2026-06-19 02:30:00,331.676
2026-06-19 03:00:00,344.758
2026-06-19 03:30:00,390.324
2026-06-19 04:00:00,363.857
2026-06-19 04:30:00,320.586
2026-06-19 05:00:00,381.192
2026-06-19 05:30:00,333.069
2026-06-19 06:00:00,376.289
2026-06-19 06:30:00,375.016
2026-06-19 07:00:00,381.643
2026-06-19 07:30:00,419.724
2026-06-19 08:00:00,362.605
2026-06-19 08:30:00,412.041
2026-06-19 09:00:00,446.068
2026-06-19 09:30:00,421.519
2026-06-19 10:00:00,448.018
2026-06-19 10:30:00,495.264
2026-06-19 11:00:00,553.512
2026-06-19 11:30:00,560.343
2026-06-19 12:00:00,666.496
2026-06-19 12:30:00,680.588
2026-06-19 13:00:00,815.688
2026-06-19 13:30:00,866.132
2026-06-19 14:00:00,970.817
2026-06-19 14:30:00,1006.191
2026-06-19 15:00:00,1041.959
2026-06-19 15:30:00,1080.248
2026-06-19 16:00:00,1144.588
2026-06-19 16:30:00,1161.839
2026-06-19 17:00:00,1200.403
2026-06-19 17:30:00,1139.38
2026-06-19 18:00:00,1189.139
2026-06-19 18:30:00,1132.084
2026-06-19 19:00:00,1044.49
2026-06-19 19:30:00,1034.417
2026-06-19 20:00:00,903.41
2026-06-19 20:30:00,858.427
2026-06-19 21:00:00,751.443
2026-06-19 21:30:00,761.962
2026-06-19 22:00:00,611.527
2026-06-19 22:30:00,559.594
2026-06-19 23:00:00,529.525
2026-06-19 23:30:00,535.501
2026-06-20 00:00:00,206.512
2026-06-20 00:30:00,185.696
2026-06-20 01:00:00,208.125
2026-06-20 01:30:00,179.78
2026-06-20 02:00:00,193.25
2026-06-20 02:30:00,224.025
2026-06-20 03:00:00,176.639
2026-06-20 03:30:00,163.768
2026-06-20 04:00:00,194.89
2026-06-20 04:30:00,201.967
2026-06-20 05:00:00,186.741
2026-06-20 05:30:00,209.87
2026-06-20 06:00:00,180.975
2026-06-20 06:30:00,191.006
2026-06-20 07:00:00,199.807
2026-06-20 07:30:00,201.349
2026-06-20 08:00:00,239.659
2026-06-20 08:30:00,215.56
2026-06-20 09:00:00,207.983
2026-06-20 09:30:00,240.753
2026-06-20 10:00:00,267.886
2026-06-20 10:30:00,280.626
2026-06-20 11:00:00,301.575
2026-06-20 11:30:00,272.263
2026-06-20 12:00:00,277.097
2026-06-20 12:30:00,404.096
2026-06-20 13:00:00,418.316
2026-06-20 13:30:00,443.17
2026-06-20 14:00:00,497.312
2026-06-20 14:30:00,562.708
2026-06-20 15:00:00,581.119
2026-06-20 15:30:00,596.167
2026-06-20 16:00:00,569.912
2026-06-20 16:30:00,585.63
2026-06-20 17:00:00,549.13
2026-06-20 17:30:00,620.388
2026-06-20 18:00:00,619.796
2026-06-20 18:30:00,601.866
2026-06-20 19:00:00,562.666
2026-06-20 19:30:00,510.674
2026-06-20 20:00:00,465.847
2026-06-20 20:30:00,423.075
2026-06-20 21:00:00,403.259
2026-06-20 21:30:00,347.769
2026-06-20 22:00:00,383.309
2026-06-20 22:30:00,277.155
2026-06-20 23:00:00,278.678
2026-06-20 23:30:00,212.865
2026-06-21 00:00:00,190.055
2026-06-21 00:30:00,182.585
2026-06-21 01:00:00,173.732
2026-06-21 01:30:00,159.346
2026-06-21 02:00:00,182.751
2026-06-21 02:30:00,169.12
2026-06-21 03:00:00,179.383
2026-06-21 03:30:00,231.864
2026-06-21 04:00:00,187.435
2026-06-21 04:30:00,196.781
2026-06-21 05:00:00,172.368
2026-06-21 05:30:00,165.175
2026-06-21 06:00:00,185.433
2026-06-21 06:30:00,250.415
2026-06-21 07:00:00,183.257
2026-06-21 07:30:00,203.201
2026-06-21 08:00:00,178.617
2026-06-21 08:30:00,137.439
2026-06-21 09:00:00,195.835
2026-06-21 09:30:00,287.071
2026-06-21 10:00:00,257.549
2026-06-21 10:30:00,302.294
2026-06-21 11:00:00,274.911
2026-06-21 11:30:00,250.794
2026-06-21 12:00:00,311.692
2026-06-21 12:30:00,382.14
2026-06-21 13:00:00,413.285
2026-06-21 13:30:00,443.449
2026-06-21 14:00:00,466.698
2026-06-21 14:30:00,538.018
2026-06-21 15:00:00,533.247
2026-06-21 15:30:00,579.807
2026-06-21 16:00:00,596.964
2026-06-21 16:30:00,595.337
2026-06-21 17:00:00,586.758
2026-06-21 17:30:00,593.866
2026-06-21 18:00:00,638.921
2026-06-21 18:30:00,599.923
2026-06-21 19:00:00,571.29
2026-06-21 19:30:00,494.864
2026-06-21 20:00:00,444.012
2026-06-21 20:30:00,471.122
2026-06-21 21:00:00,429.963
2026-06-21 21:30:00,375.646
2026-06-21 22:00:00,330.146
2026-06-21 22:30:00,273.116
2026-06-21 23:00:00,305.289
2026-06-21 23:30:00,290.924
2026-06-22 00:00:00,334.256
2026-06-22 00:30:00,332.175
2026-06-22 01:00:00,382.281
2026-06-22 01:30:00,335.233
2026-06-22 02:00:00,395.803
2026-06-22 02:30:00,348.681
2026-06-22 03:00:00,341.884
2026-06-22 03:30:00,352.912
2026-06-22 04:00:00,342.509
2026-06-22 04:30:00,380.962
2026-06-22 05:00:00,375.953
2026-06-22 05:30:00,382.56
2026-06-22 06:00:00,362.318
2026-06-22 06:30:00,349.778
2026-06-22 07:00:00,366.009
2026-06-22 07:30:00,362.752
2026-06-22 08:00:00,419.986
2026-06-22 08:30:00,421.828
2026-06-22 09:00:00,412.29
2026-06-22 09:30:00,414.44
2026-06-22 10:00:00,505.183
2026-06-22 10:30:00,505.86
2026-06-22 11:00:00,542.139
2026-06-22 11:30:00,634.346
2026-06-22 12:00:00,639.963
2026-06-22 12:30:00,707.824
2026-06-22 13:00:00,777.585
2026-06-22 13:30:00,820.373
2026-06-22 14:00:00,930.882
2026-06-22 14:30:00,970.413
2026-06-22 15:00:00,1035.31
2026-06-22 15:30:00,1082.604
2026-06-22 16:00:00,1123.939
2026-06-22 16:30:00,1141.623
2026-06-22 17:00:00,1176.93
2026-06-22 17:30:00,1158.706
2026-06-22 18:00:00,1139.816
2026-06-22 18:30:00,1159.059
2026-06-22 19:00:00,1045.689
2026-06-22 19:30:00,1004.595
2026-06-22 20:00:00,940.957
2026-06-22 20:30:00,851.716
2026-06-22 21:00:00,790.199
2026-06-22 21:30:00,716.315
2026-06-22 22:00:00,657.775
2026-06-22 22:30:00,580.942
2026-06-22 23:00:00,533.038
2026-06-22 23:30:00,502.866
2026-06-23 00:00:00,301.935
2026-06-23 00:30:00,388.642
2026-06-23 01:00:00,405.276
2026-06-23 01:30:00,355.539
2026-06-23 02:00:00,367.963
2026-06-23 02:30:00,378.434
2026-06-23 03:00:00,318.431
2026-06-23 03:30:00,374.991
2026-06-23 04:00:00,341.514
2026-06-23 04:30:00,410.075
2026-06-23 05:00:00,349.101
2026-06-23 05:30:00,378.061
2026-06-23 06:00:00,353.245
2026-06-23 06:30:00,416.104
2026-06-23 07:00:00,353.426
2026-06-23 07:30:00,402.522
2026-06-23 08:00:00,398.988
2026-06-23 08:30:00,406.879
2026-06-23 09:00:00,420.303
2026-06-23 09:30:00,420.927
2026-06-23 10:00:00,402.011
2026-06-23 10:30:00,529.303
2026-06-23 11:00:00,533.172
2026-06-23 11:30:00,624.845
2026-06-23 12:00:00,661.504
2026-06-23 12:30:00,745.804
2026-06-23 13:00:00,803.402
2026-06-23 13:30:00,791.67
2026-06-23 14:00:00,938.361
2026-06-23 14:30:00,980.88
2026-06-23 15:00:00,1078.703
2026-06-23 15:30:00,1114.995
2026-06-23 16:00:00,1153.69
2026-06-23 16:30:00,1155.79
2026-06-23 17:00:00,1147.935
2026-06-23 17:30:00,1151.773
2026-06-23 18:00:00,1093.619
2026-06-23 18:30:00,1085.456
2026-06-23 19:00:00,1012.974
2026-06-23 19:30:00,953.528
2026-06-23 20:00:00,925.9
2026-06-23 20:30:00,866.639
2026-06-23 21:00:00,782.559
2026-06-23 21:30:00,703.328
2026-06-23 22:00:00,629.026
2026-06-23 22:30:00,587.675
2026-06-23 23:00:00,524.838
2026-06-23 23:30:00,500.873
2026-06-24 00:00:00,313.195
2026-06-24 00:30:00,368.773
2026-06-24 01:00:00,337.078
2026-06-24 01:30:00,360.686
2026-06-24 02:00:00,373.507
2026-06-24 02:30:00,359.604
2026-06-24 03:00:00,371.526
2026-06-24 03:30:00,300.118
2026-06-24 04:00:00,339.854
2026-06-24 04:30:00,380.384
2026-06-24 05:00:00,366.538
2026-06-24 05:30:00,401.568
2026-06-24 06:00:00,400.315
2026-06-24 06:30:00,368.676
2026-06-24 07:00:00,359.936
2026-06-24 07:30:00,349.434
2026-06-24 08:00:00,371.426
2026-06-24 08:30:00,386.565
2026-06-24 09:00:00,399.747
2026-06-24 09:30:00,414.644
2026-06-24 10:00:00,476.701
2026-06-24 10:30:00,544.859
2026-06-24 11:00:00,568.725
2026-06-24 11:30:00,587.545
2026-06-24 12:00:00,678.062
2026-06-24 12:30:00,724.464
2026-06-24 13:00:00,782.337
2026-06-24 13:30:00,850.71
2026-06-24 14:00:00,917.99
2026-06-24 14:30:00,1005.748
2026-06-24 15:00:00,1053.07
2026-06-24 15:30:00,1082.004
2026-06-24 16:00:00,1119.195
2026-06-24 16:30:00,1170.243
2026-06-24 17:00:00,1181.466
2026-06-24 17:30:00,1154.767
2026-06-24 18:00:00,1110.316
2026-06-24 18:30:00,1131.489
2026-06-24 19:00:00,1075.543
2026-06-24 19:30:00,939.787
2026-06-24 20:00:00,956.478
2026-06-24 20:30:00,848.063
2026-06-24 21:00:00,788.104
2026-06-24 21:30:00,744.253
2026-06-24 22:00:00,694.025
2026-06-24 22:30:00,620.677
2026-06-24 23:00:00,551.419
2026-06-24 23:30:00,468.052
2026-06-25 00:00:00,300.577
2026-06-25 00:30:00,373.194
2026-06-25 01:00:00,384.805
2026-06-25 01:30:00,330.914
2026-06-25 02:00:00,344.582
2026-06-25 02:30:00,337.476
2026-06-25 03:00:00,336.95
2026-06-25 03:30:00,378.658
2026-06-25 04:00:00,357.634
2026-06-25 04:30:00,347.078
2026-06-25 05:00:00,420.245
2026-06-25 05:30:00,319.496
2026-06-25 06:00:00,371.403
2026-06-25 06:30:00,334.962
2026-06-25 07:00:00,362.299
2026-06-25 07:30:00,377.111
2026-06-25 08:00:00,404.436
2026-06-25 08:30:00,390.242
2026-06-25 09:00:00,405.404
2026-06-25 09:30:00,430.625
2026-06-25 10:00:00,439.663
2026-06-25 10:30:00,518.251
2026-06-25 11:00:00,552.427
2026-06-25 11:30:00,606.484
2026-06-25 12:00:00,650.973
2026-06-25 12:30:00,710.975
2026-06-25 13:00:00,812.744
2026-06-25 13:30:00,878.832
2026-06-25 14:00:00,958.358
2026-06-25 14:30:00,998.787
2026-06-25 15:00:00,1083.395
2026-06-25 15:30:00,1089.812
2026-06-25 16:00:00,1133.595
2026-06-25 16:30:00,1192.473
2026-06-25 17:00:00,1191.836
2026-06-25 17:30:00,1155.334
2026-06-25 18:00:00,1112.46
2026-06-25 18:30:00,1095.115
2026-06-25 19:00:00,1032.456
2026-06-25 19:30:00,1032.584
2026-06-25 20:00:00,941.989
2026-06-25 20:30:00,834.14
2026-06-25 21:00:00,757.23
2026-06-25 21:30:00,696.339
2026-06-25 22:00:00,638.741
2026-06-25 22:30:00,591.438
2026-06-25 23:00:00,573.257
2026-06-25 23:30:00,478.28
2026-06-26 00:00:00,408.471
2026-06-26 00:30:00,327.658
2026-06-26 01:00:00,316.028
2026-06-26 01:30:00,393.488
2026-06-26 02:00:00,384.358
2026-06-26 02:30:00,346.849
2026-06-26 03:00:00,361.081
2026-06-26 03:30:00,361.948
2026-06-26 04:00:00,355.593
2026-06-26 04:30:00,320.395
2026-06-26 05:00:00,291.758
2026-06-26 05:30:00,334.239
2026-06-26 06:00:00,403.109
2026-06-26 06:30:00,407.572
2026-06-26 07:00:00,359.689
2026-06-26 07:30:00,349.446
2026-06-26 08:00:00,390.274
2026-06-26 08:30:00,407.746
2026-06-26 09:00:00,429.596
2026-06-26 09:30:00,374.427
2026-06-26 10:00:00,545.606
2026-06-26 10:30:00,530.755
2026-06-26 11:00:00,540.447
2026-06-26 11:30:00,577.643
2026-06-26 12:00:00,677.394
2026-06-26 12:30:00,728.182
2026-06-26 13:00:00,785.658
2026-06-26 13:30:00,864.746
2026-06-26 14:00:00,920.17
2026-06-26 14:30:00,999.518
2026-06-26 15:00:00,1067.737
2026-06-26 15:30:00,1108.797
2026-06-26 16:00:00,1145.889
2026-06-26 16:30:00,1197.417
2026-06-26 17:00:00,1130.822
2026-06-26 17:30:00,1142.649
2026-06-26 18:00:00,1139.28
2026-06-26 18:30:00,1081.968
2026-06-26 19:00:00,1039.677
2026-06-26 19:30:00,1021.665
2026-06-26 20:00:00,919.264
2026-06-26 20:30:00,807.557
2026-06-26 21:00:00,772.771
2026-06-26 21:30:00,717.25
2026-06-26 22:00:00,653.704
2026-06-26 22:30:00,609.506
2026-06-26 23:00:00,557.253
2026-06-26 23:30:00,498.973
2026-06-27 00:00:00,152.815
2026-06-27 00:30:00,171.616
2026-06-27 01:00:00,167.083
2026-06-27 01:30:00,175.538
2026-06-27 02:00:00,199.969
2026-06-27 02:30:00,192.834
2026-06-27 03:00:00,203.405
2026-06-27 03:30:00,173.326
2026-06-27 04:00:00,220.84
2026-06-27 04:30:00,200.281
2026-06-27 05:00:00,186.786
2026-06-27 05:30:00,199.869
2026-06-27 06:00:00,169.113
2026-06-27 06:30:00,135.098
2026-06-27 07:00:00,175.275
2026-06-27 07:30:00,212.852
2026-06-27 08:00:00,201.332
2026-06-27 08:30:00,202.9
2026-06-27 09:00:00,194.385
2026-06-27 09:30:00,178.658
2026-06-27 10:00:00,278.285
2026-06-27 10:30:00,256.073
2026-06-27 11:00:00,272.866
2026-06-27 11:30:00,292.924
2026-06-27 12:00:00,370.773
2026-06-27 12:30:00,394.248
2026-06-27 13:00:00,383.163
2026-06-27 13:30:00,472.823
2026-06-27 14:00:00,476.327
2026-06-27 14:30:00,499.262
2026-06-27 15:00:00,538.44
2026-06-27 15:30:00,552.529
2026-06-27 16:00:00,559.058
2026-06-27 16:30:00,623.953
2026-06-27 17:00:00,603.272
2026-06-27 17:30:00,619.98
2026-06-27 18:00:00,599.261
2026-06-27 18:30:00,585.825
2026-06-27 19:00:00,494.631
2026-06-27 19:30:00,492.856
2026-06-27 20:00:00,494.188
2026-06-27 20:30:00,411.839
2026-06-27 21:00:00,416.671
2026-06-27 21:30:00,337.447
2026-06-27 22:00:00,339.821
2026-06-27 22:30:00,349.964
2026-06-27 23:00:00,302.969
2026-06-27 23:30:00,215.002
2026-06-28 00:00:00,203.85
2026-06-28 00:30:00,228.201
2026-06-28 01:00:00,252.578
2026-06-28 01:30:00,194.542
2026-06-28 02:00:00,148.579
2026-06-28 02:30:00,193.599
2026-06-28 03:00:00,222.706
2026-06-28 03:30:00,178.251
2026-06-28 04:00:00,209.209
2026-06-28 04:30:00,162.47
2026-06-28 05:00:00,193.289
2026-06-28 05:30:00,122.546
2026-06-28 06:00:00,162.248
2026-06-28 06:30:00,187.664
2026-06-28 07:00:00,181.358
2026-06-28 07:30:00,161.65
2026-06-28 08:00:00,186.835
2026-06-28 08:30:00,214.562
2026-06-28 09:00:00,213.425
2026-06-28 09:30:00,229.077
2026-06-28 10:00:00,260.963
2026-06-28 10:30:00,252.691
2026-06-28 11:00:00,317.584
2026-06-28 11:30:00,284.983
2026-06-28 12:00:00,387.61
2026-06-28 12:30:00,400.041
2026-06-28 13:00:00,398.444
2026-06-28 13:30:00,436.477
2026-06-28 14:00:00,485.122
2026-06-28 14:30:00,529.492
2026-06-28 15:00:00,573.144
2026-06-28 15:30:00,538.597
2026-06-28 16:00:00,603.016
2026-06-28 16:30:00,551.637
2026-06-28 17:00:00,604.357
2026-06-28 17:30:00,640.898
2026-06-28 18:00:00,556.64
2026-06-28 18:30:00,532.131
2026-06-28 19:00:00,551.301
2026-06-28 19:30:00,549.211
2026-06-28 20:00:00,488.089
2026-06-28 20:30:00,396.094
2026-06-28 21:00:00,365.266
2026-06-28 21:30:00,374.658
2026-06-28 22:00:00,309.929
2026-06-28 22:30:00,313.132
2026-06-28 23:00:00,288.504
2026-06-28 23:30:00,249.027
2026-06-29 00:00:00,396.602
2026-06-29 00:30:00,366.002
2026-06-29 01:00:00,381.544
2026-06-29 01:30:00,374.294
2026-06-29 02:00:00,347.574
2026-06-29 02:30:00,346.546
2026-06-29 03:00:00,344.107
2026-06-29 03:30:00,368.812
2026-06-29 04:00:00,335.916
2026-06-29 04:30:00,395.933
2026-06-29 05:00:00,335.161
2026-06-29 05:30:00,360.719
2026-06-29 06:00:00,351.978
2026-06-29 06:30:00,349.917
2026-06-29 07:00:00,420.544
2026-06-29 07:30:00,362.418
2026-06-29 08:00:00,375.703
2026-06-29 08:30:00,380.168
2026-06-29 09:00:00,415.604
2026-06-29 09:30:00,435.07
2026-06-29 10:00:00,438.681
2026-06-29 10:30:00,491.834
2026-06-29 11:00:00,560.635
2026-06-29 11:30:00,621.28
2026-06-29 12:00:00,653.311
2026-06-29 12:30:00,717.272
2026-06-29 13:00:00,774.329
2026-06-29 13:30:00,840.727
2026-06-29 14:00:00,899.999
2026-06-29 14:30:00,950.555
2026-06-29 15:00:00,1032.017
2026-06-29 15:30:00,1122.816
2026-06-29 16:00:00,1128.006
2026-06-29 16:30:00,1153.945
2026-06-29 17:00:00,1161.613
2026-06-29 17:30:00,1193.713
2026-06-29 18:00:00,1115.406
2026-06-29 18:30:00,1107.141
2026-06-29 19:00:00,1047.866
2026-06-29 19:30:00,991.17
2026-06-29 20:00:00,929.097
2026-06-29 20:30:00,854.717
2026-06-29 21:00:00,803.18
2026-06-29 21:30:00,715.066
2026-06-29 22:00:00,696.321
2026-06-29 22:30:00,596.717
2026-06-29 23:00:00,502.807
2026-06-29 23:30:00,518.401
2026-06-30 00:00:00,361.035
2026-06-30 00:30:00,352.054
2026-06-30 01:00:00,344.765
2026-06-30 01:30:00,298.414
2026-06-30 02:00:00,302.655
2026-06-30 02:30:00,392.595
2026-06-30 03:00:00,336.91
2026-06-30 03:30:00,375.925
2026-06-30 04:00:00,312.099
2026-06-30 04:30:00,326.636
2026-06-30 05:00:00,370.773
2026-06-30 05:30:00,352.794
2026-06-30 06:00:00,371.147
2026-06-30 06:30:00,360.846
2026-06-30 07:00:00,361.043
2026-06-30 07:30:00,356.394
2026-06-30 08:00:00,353.471
2026-06-30 08:30:00,431.839
2026-06-30 09:00:00,453.761
2026-06-30 09:30:00,411.635
2026-06-30 10:00:00,439.06
2026-06-30 10:30:00,493.749
2026-06-30 11:00:00,553.904
2026-06-30 11:30:00,591.06
2026-06-30 12:00:00,665.199
2026-06-30 12:30:00,714.566
2026-06-30 13:00:00,780.489
2026-06-30 13:30:00,913.615
2026-06-30 14:00:00,909.858
2026-06-30 14:30:00,1030.47
2026-06-30 15:00:00,1085.75
2026-06-30 15:30:00,1112.817
2026-06-30 16:00:00,1090.463
2026-06-30 16:30:00,1163.372
2026-06-30 17:00:00,1157.883
2026-06-30 17:30:00,1163.098
2026-06-30 18:00:00,1112.042
2026-06-30 18:30:00,1119.121
2026-06-30 19:00:00,1074.203
2026-06-30 19:30:00,1018.722
2026-06-30 20:00:00,913.434
2026-06-30 20:30:00,826.802
2026-06-30 21:00:00,792.146
2026-06-30 21:30:00,759.699
2026-06-30 22:00:00,654.446
2026-06-30 22:30:00,606.913
2026-06-30 23:00:00,539.52
2026-06-30 23:30:00,489.857
