timestamp,kw
2025-07-01 00:00:00,385.37
2025-07-01 00:30:00,351.76
2025-07-01 01:00:00,396.536
2025-07-01 01:30:00,401.317
2025-07-01 02:00:00,329.076
2025-07-01 02:30:00,345.385
2025-07-01 03:00:00,381.287
2025-07-01 03:30:00,370.439
2025-07-01 04:00:00,378.345
2025-07-01 04:30:00,358.119
2025-07-01 05:00:00,402.506
2025-07-01 05:30:00,401.632
2025-07-01 06:00:00,386.364
2025-07-01 06:30:00,416.638
2025-07-01 07:00:00,405.575
2025-07-01 07:30:00,380.105
2025-07-01 08:00:00,421.481
2025-07-01 08:30:00,402.756
2025-07-01 09:00:00,467.841
2025-07-01 09:30:00,469.394
2025-07-01 10:00:00,497.275
2025-07-01 10:30:00,523.356
2025-07-01 11:00:00,617.136
2025-07-01 11:30:00,636.712
2025-07-01 12:00:00,691.285
2025-07-01 12:30:00,761.039
2025-07-01 13:00:00,855.808
2025-07-01 13:30:00,926.85
2025-07-01 14:00:00,1002.995
2025-07-01 14:30:00,1074.95
2025-07-01 15:00:00,1182.366
2025-07-01 15:30:00,1173.124
2025-07-01 16:00:00,1211.779
2025-07-01 16:30:00,1230.031
2025-07-01 17:00:00,1274.545
2025-07-01 17:30:00,1278.599
2025-07-01 18:00:00,1221.736
2025-07-01 18:30:00,1162.28
2025-07-01 19:00:00,1108.212
2025-07-01 19:30:00,1080.445
2025-07-01 20:00:00,1011.258
2025-07-01 20:30:00,931.292
2025-07-01 21:00:00,825.862
2025-07-01 21:30:00,775.646
2025-07-01 22:00:00,704.91
2025-07-01 22:30:00,646.042
2025-07-01 23:00:00,608.358
2025-07-01 23:30:00,545.969
2025-07-02 00:00:00,394.725
2025-07-02 00:30:00,379.449
2025-07-02 01:00:00,385.003
2025-07-02 01:30:00,393.585
2025-07-02 02:00:00,341.423
2025-07-02 02:30:00,369.948
2025-07-02 03:00:00,366.331
2025-07-02 03:30:00,362.373
2025-07-02 04:00:00,371.887
2025-07-02 04:30:00,416.819
2025-07-02 05:00:00,358.875
2025-07-02 05:30:00,406.394
2025-07-02 06:00:00,342.641
2025-07-02 06:30:00,380.085
2025-07-02 07:00:00,397.956
2025-07-02 07:30:00,416.243
2025-07-02 08:00:00,430.043
2025-07-02 08:30:00,446.562
2025-07-02 09:00:00,437.162
2025-07-02 09:30:00,459.084
2025-07-02 10:00:00,523.346
2025-07-02 10:30:00,535.597
2025-07-02 11:00:00,554.68
2025-07-02 11:30:00,612.243
2025-07-02 12:00:00,679.007
2025-07-02 12:30:00,782.271
2025-07-02 13:00:00,846.061
2025-07-02 13:30:00,934.976
2025-07-02 14:00:00,981.995
2025-07-02 14:30:00,1068.143
2025-07-02 15:00:00,1144.464
2025-07-02 15:30:00,1175.55
2025-07-02 16:00:00,1236.004
2025-07-02 16:30:00,1233.827
2025-07-02 17:00:00,1250.069
2025-07-02 17:30:00,1240.832
2025-07-02 18:00:00,1194.689
2025-07-02 18:30:00,1195.458
2025-07-02 19:00:00,1117.089
2025-07-02 19:30:00,1064.492
2025-07-02 20:00:00,1004.695
2025-07-02 20:30:00,928.877
2025-07-02 21:00:00,859.135
2025-07-02 21:30:00,767.38
2025-07-02 22:00:00,691.411
2025-07-02 22:30:00,638.582
2025-07-02 23:00:00,544.389
2025-07-02 23:30:00,504.202
2025-07-03 00:00:00,344.684
2025-07-03 00:30:00,352.829
2025-07-03 01:00:00,387.769
2025-07-03 01:30:00,355.166
2025-07-03 02:00:00,368.398
2025-07-03 02:30:00,410.42
2025-07-03 03:00:00,369.184
2025-07-03 03:30:00,396.783
2025-07-03 04:00:00,355.425
2025-07-03 04:30:00,374.309
2025-07-03 05:00:00,356.77
2025-07-03 05:30:00,373.712
2025-07-03 06:00:00,405.721
2025-07-03 06:30:00,345.274
2025-07-03 07:00:00,404.748
2025-07-03 07:30:00,407.53
2025-07-03 08:00:00,397.409
2025-07-03 08:30:00,390.577
2025-07-03 09:00:00,447.683
2025-07-03 09:30:00,457.405
2025-07-03 10:00:00,507.713
2025-07-03 10:30:00,540.926
2025-07-03 11:00:00,626.617
2025-07-03 11:30:00,634.591
2025-07-03 12:00:00,676.406
2025-07-03 12:30:00,774.324
2025-07-03 13:00:00,848.0
2025-07-03 13:30:00,951.693
2025-07-03 14:00:00,1013.554
2025-07-03 14:30:00,1073.102
2025-07-03 15:00:00,1165.407
2025-07-03 15:30:00,1153.565
2025-07-03 16:00:00,1208.591
2025-07-03 16:30:00,1227.211
2025-07-03 17:00:00,1249.4
2025-07-03 17:30:00,1215.958
2025-07-03 18:00:00,1240.464
2025-07-03 18:30:00,1177.728
2025-07-03 19:00:00,1092.054
2025-07-03 19:30:00,1038.79
2025-07-03 20:00:00,1000.514
2025-07-03 20:30:00,938.667
2025-07-03 21:00:00,892.418
2025-07-03 21:30:00,842.689
2025-07-03 22:00:00,712.353
2025-07-03 22:30:00,615.837
2025-07-03 23:00:00,533.271
2025-07-03 23:30:00,547.072
2025-07-04 00:00:00,357.428
2025-07-04 00:30:00,367.376
2025-07-04 01:00:00,362.473
2025-07-04 01:30:00,374.283
2025-07-04 02:00:00,404.502
2025-07-04 02:30:00,381.866
2025-07-04 03:00:00,374.125
2025-07-04 03:30:00,352.454
2025-07-04 04:00:00,336.898
2025-07-04 04:30:00,367.287
2025-07-04 05:00:00,379.176
2025-07-04 05:30:00,426.386
2025-07-04 06:00:00,387.97
2025-07-04 06:30:00,413.026
2025-07-04 07:00:00,381.405
2025-07-04 07:30:00,371.963
2025-07-04 08:00:00,388.135
2025-07-04 08:30:00,408.598
2025-07-04 09:00:00,499.092
2025-07-04 09:30:00,450.108
2025-07-04 10:00:00,522.859
2025-07-04 10:30:00,517.806
2025-07-04 11:00:00,609.861
2025-07-04 11:30:00,650.199
2025-07-04 12:00:00,698.077
2025-07-04 12:30:00,768.823
2025-07-04 13:00:00,826.13
2025-07-04 13:30:00,928.865
2025-07-04 14:00:00,981.302
2025-07-04 14:30:00,1033.54
2025-07-04 15:00:00,1096.876
2025-07-04 15:30:00,1187.599
2025-07-04 16:00:00,1264.062
2025-07-04 16:30:00,1254.375
2025-07-04 17:00:00,1256.179
2025-07-04 17:30:00,1257.521
2025-07-04 18:00:00,1257.235
2025-07-04 18:30:00,1188.769
2025-07-04 19:00:00,1118.551
2025-07-04 19:30:00,1091.837
2025-07-04 20:00:00,1003.395
2025-07-04 20:30:00,956.107
2025-07-04 21:00:00,847.081
2025-07-04 21:30:00,739.23
2025-07-04 22:00:00,667.789
2025-07-04 22:30:00,681.848
2025-07-04 23:00:00,629.664
2025-07-04 23:30:00,535.891
2025-07-05 00:00:00,186.851
2025-07-05 00:30:00,232.971
2025-07-05 01:00:00,168.767
2025-07-05 01:30:00,174.089
2025-07-05 02:00:00,212.566
2025-07-05 02:30:00,186.664
2025-07-05 03:00:00,196.479
2025-07-05 03:30:00,192.653
2025-07-05 04:00:00,205.397
2025-07-05 04:30:00,232.498
2025-07-05 05:00:00,200.136
2025-07-05 05:30:00,214.836
2025-07-05 06:00:00,148.796
2025-07-05 06:30:00,200.78
2025-07-05 07:00:00,183.74
2025-07-05 07:30:00,178.355
2025-07-05 08:00:00,192.423
2025-07-05 08:30:00,213.546
2025-07-05 09:00:00,254.755
2025-07-05 09:30:00,211.574
2025-07-05 10:00:00,261.752
2025-07-05 10:30:00,268.893
2025-07-05 11:00:00,296.826
2025-07-05 11:30:00,358.168
2025-07-05 12:00:00,378.489
2025-07-05 12:30:00,433.753
2025-07-05 13:00:00,434.237
2025-07-05 13:30:00,459.812
2025-07-05 14:00:00,510.595
2025-07-05 14:30:00,559.436
2025-07-05 15:00:00,591.403
2025-07-05 15:30:00,588.198
2025-07-05 16:00:00,639.046
2025-07-05 16:30:00,655.901
2025-07-05 17:00:00,717.692
2025-07-05 17:30:00,697.116
2025-07-05 18:00:00,615.453
2025-07-05 18:30:00,608.123
2025-07-05 19:00:00,550.403
2025-07-05 19:30:00,538.606
2025-07-05 20:00:00,524.082
2025-07-05 20:30:00,507.357
2025-07-05 21:00:00,419.873
2025-07-05 21:30:00,383.964
2025-07-05 22:00:00,311.354
2025-07-05 22:30:00,329.032
2025-07-05 23:00:00,278.457
2025-07-05 23:30:00,267.761
2025-07-06 00:00:00,174.509
2025-07-06 00:30:00,194.079
2025-07-06 01:00:00,152.5
2025-07-06 01:30:00,159.781
2025-07-06 02:00:00,249.714
2025-07-06 02:30:00,164.343
2025-07-06 03:00:00,169.187
2025-07-06 03:30:00,242.662
2025-07-06 04:00:00,269.585
2025-07-06 04:30:00,168.022
2025-07-06 05:00:00,188.665
2025-07-06 05:30:00,207.276
2025-07-06 06:00:00,243.268
2025-07-06 06:30:00,177.326
2025-07-06 07:00:00,198.689
2025-07-06 07:30:00,228.259
2025-07-06 08:00:00,225.246
2025-07-06 08:30:00,212.495
2025-07-06 09:00:00,228.512
2025-07-06 09:30:00,210.362
2025-07-06 10:00:00,255.032
2025-07-06 10:30:00,274.338
2025-07-06 11:00:00,310.822
2025-07-06 11:30:00,319.216
2025-07-06 12:00:00,376.825
2025-07-06 12:30:00,425.636
2025-07-06 13:00:00,441.986
2025-07-06 13:30:00,486.005
2025-07-06 14:00:00,517.521
2025-07-06 14:30:00,553.376
2025-07-06 15:00:00,568.95
2025-07-06 15:30:00,623.22
2025-07-06 16:00:00,634.352
2025-07-06 16:30:00,702.524
2025-07-06 17:00:00,694.089
2025-07-06 17:30:00,659.841
2025-07-06 18:00:00,617.708
2025-07-06 18:30:00,587.497
2025-07-06 19:00:00,616.767
2025-07-06 19:30:00,559.942
2025-07-06 20:00:00,528.195
2025-07-06 20:30:00,433.596
2025-07-06 21:00:00,461.286
2025-07-06 21:30:00,411.678
2025-07-06 22:00:00,337.276
2025-07-06 22:30:00,321.311
2025-07-06 23:00:00,311.61
2025-07-06 23:30:00,282.309
2025-07-07 00:00:00,370.448
2025-07-07 00:30:00,375.173
2025-07-07 01:00:00,371.476
2025-07-07 01:30:00,381.617
2025-07-07 02:00:00,414.64
2025-07-07 02:30:00,313.773
2025-07-07 03:00:00,372.169
2025-07-07 03:30:00,382.758
2025-07-07 04:00:00,386.165
2025-07-07 04:30:00,370.147
2025-07-07 05:00:00,336.603
2025-07-07 05:30:00,390.387
2025-07-07 06:00:00,427.897
2025-07-07 06:30:00,350.111
2025-07-07 07:00:00,415.483
2025-07-07 07:30:00,393.374
2025-07-07 08:00:00,410.73
2025-07-07 08:30:00,400.406
2025-07-07 09:00:00,437.519
2025-07-07 09:30:00,503.144
2025-07-07 10:00:00,516.463
2025-07-07 10:30:00,583.687
2025-07-07 11:00:00,616.007
2025-07-07 11:30:00,651.552
2025-07-07 12:00:00,745.591
2025-07-07 12:30:00,780.817
2025-07-07 13:00:00,863.2
2025-07-07 13:30:00,910.299
2025-07-07 14:00:00,994.34
2025-07-07 14:30:00,1046.744
2025-07-07 15:00:00,1153.564
2025-07-07 15:30:00,1153.826
2025-07-07 16:00:00,1244.144
2025-07-07 16:30:00,1245.609
2025-07-07 17:00:00,1288.426
2025-07-07 17:30:00,1269.147
2025-07-07 18:00:00,1270.101
2025-07-07 18:30:00,1201.553
2025-07-07 19:00:00,1089.523
2025-07-07 19:30:00,1062.506
2025-07-07 20:00:00,963.376
2025-07-07 20:30:00,904.756
2025-07-07 21:00:00,880.281
2025-07-07 21:30:00,785.78
2025-07-07 22:00:00,684.52
2025-07-07 22:30:00,615.232
2025-07-07 23:00:00,587.392
2025-07-07 23:30:00,509.965
2025-07-08 00:00:00,360.973
2025-07-08 00:30:00,385.56
2025-07-08 01:00:00,406.658
2025-07-08 01:30:00,393.022
2025-07-08 02:00:00,320.57
2025-07-08 02:30:00,385.549
2025-07-08 03:00:00,379.891
2025-07-08 03:30:00,388.692
2025-07-08 04:00:00,419.171
2025-07-08 04:30:00,327.864
2025-07-08 05:00:00,365.743
2025-07-08 05:30:00,396.96
2025-07-08 06:00:00,345.173
2025-07-08 06:30:00,425.356
2025-07-08 07:00:00,403.096
2025-07-08 07:30:00,422.752
2025-07-08 08:00:00,397.989
2025-07-08 08:30:00,447.073
2025-07-08 09:00:00,472.592
2025-07-08 09:30:00,476.465
2025-07-08 10:00:00,507.756
2025-07-08 10:30:00,547.138
2025-07-08 11:00:00,564.988
2025-07-08 11:30:00,636.887
2025-07-08 12:00:00,698.18
2025-07-08 12:30:00,779.427
2025-07-08 13:00:00,867.496
2025-07-08 13:30:00,891.25
2025-07-08 14:00:00,989.551
2025-07-08 14:30:00,1101.216
2025-07-08 15:00:00,1110.235
2025-07-08 15:30:00,1162.728
2025-07-08 16:00:00,1229.643
2025-07-08 16:30:00,1271.485
2025-07-08 17:00:00,1259.431
2025-07-08 17:30:00,1283.599
2025-07-08 18:00:00,1246.005
2025-07-08 18:30:00,1204.329
2025-07-08 19:00:00,1142.677
2025-07-08 19:30:00,1122.371
2025-07-08 20:00:00,987.548
2025-07-08 20:30:00,867.625
2025-07-08 21:00:00,882.606
2025-07-08 21:30:00,758.4
2025-07-08 22:00:00,704.69
2025-07-08 22:30:00,673.314
2025-07-08 23:00:00,546.516
2025-07-08 23:30:00,509.088
2025-07-09 00:00:00,337.72
2025-07-09 00:30:00,357.907
2025-07-09 01:00:00,388.766
2025-07-09 01:30:00,390.907
2025-07-09 02:00:00,384.759
2025-07-09 02:30:00,342.621
2025-07-09 03:00:00,320.338
2025-07-09 03:30:00,379.704
2025-07-09 04:00:00,366.971
2025-07-09 04:30:00,390.93
2025-07-09 05:00:00,398.07
2025-07-09 05:30:00,385.643
2025-07-09 06:00:00,403.716
2025-07-09 06:30:00,394.187
2025-07-09 07:00:00,407.139
2025-07-09 07:30:00,383.97
2025-07-09 08:00:00,407.772
2025-07-09 08:30:00,431.648
2025-07-09 09:00:00,466.393
2025-07-09 09:30:00,460.799
2025-07-09 10:00:00,514.926
2025-07-09 10:30:00,533.733
2025-07-09 11:00:00,583.633
2025-07-09 11:30:00,661.313
2025-07-09 12:00:00,652.167
2025-07-09 12:30:00,737.43
2025-07-09 13:00:00,805.445
2025-07-09 13:30:00,859.373
2025-07-09 14:00:00,975.72
2025-07-09 14:30:00,1082.916
2025-07-09 15:00:00,1121.702
2025-07-09 15:30:00,1188.229
2025-07-09 16:00:00,1251.815
2025-07-09 16:30:00,1283.567
2025-07-09 17:00:00,1257.417
2025-07-09 17:30:00,1284.215
2025-07-09 18:00:00,1226.888
2025-07-09 18:30:00,1162.349
2025-07-09 19:00:00,1113.964
2025-07-09 19:30:00,1027.166
2025-07-09 20:00:00,970.473
2025-07-09 20:30:00,908.763
2025-07-09 21:00:00,862.59
2025-07-09 21:30:00,812.861
2025-07-09 22:00:00,667.439
2025-07-09 22:30:00,650.396
2025-07-09 23:00:00,560.558
2025-07-09 23:30:00,552.247
2025-07-10 00:00:00,374.475
2025-07-10 00:30:00,331.987
2025-07-10 01:00:00,400.982
2025-07-10 01:30:00,362.678
2025-07-10 02:00:00,364.505
2025-07-10 02:30:00,351.196
2025-07-10 03:00:00,361.733
2025-07-10 03:30:00,389.042
2025-07-10 04:00:00,374.034
2025-07-10 04:30:00,387.662
2025-07-10 05:00:00,389.569
2025-07-10 05:30:00,415.204
2025-07-10 06:00:00,376.143
2025-07-10 06:30:00,351.536
2025-07-10 07:00:00,420.568
2025-07-10 07:30:00,393.3
2025-07-10 08:00:00,440.127
2025-07-10 08:30:00,436.313
2025-07-10 09:00:00,442.602
2025-07-10 09:30:00,479.362
2025-07-10 10:00:00,550.672
2025-07-10 10:30:00,592.304
2025-07-10 11:00:00,588.307
2025-07-10 11:30:00,644.58
2025-07-10 12:00:00,728.899
2025-07-10 12:30:00,748.701
2025-07-10 13:00:00,850.827
2025-07-10 13:30:00,917.067
2025-07-10 14:00:00,1000.524
2025-07-10 14:30:00,1043.346
2025-07-10 15:00:00,1089.085
2025-07-10 15:30:00,1131.459
2025-07-10 16:00:00,1196.65
2025-07-10 16:30:00,1238.908
2025-07-10 17:00:00,1251.815
2025-07-10 17:30:00,1298.806
2025-07-10 18:00:00,1252.235
2025-07-10 18:30:00,1159.232
2025-07-10 19:00:00,1137.517
2025-07-10 19:30:00,1054.003
2025-07-10 20:00:00,985.567
2025-07-10 20:30:00,922.347
2025-07-10 21:00:00,857.979
2025-07-10 21:30:00,761.361
2025-07-10 22:00:00,728.589
2025-07-10 22:30:00,612.027
2025-07-10 23:00:00,586.731
2025-07-10 23:30:00,605.321
2025-07-11 00:00:00,383.329
2025-07-11 00:30:00,413.59
2025-07-11 01:00:00,380.063
2025-07-11 01:30:00,392.322
2025-07-11 02:00:00,376.433
2025-07-11 02:30:00,373.68
2025-07-11 03:00:00,358.603
2025-07-11 03:30:00,389.102
2025-07-11 04:00:00,357.477
2025-07-11 04:30:00,396.085
2025-07-11 05:00:00,407.653
2025-07-11 05:30:00,391.351
2025-07-11 06:00:00,377.557
2025-07-11 06:30:00,399.806
2025-07-11 07:00:00,386.17
2025-07-11 07:30:00,424.976
2025-07-11 08:00:00,366.478
2025-07-11 08:30:00,418.338
2025-07-11 09:00:00,396.11
2025-07-11 09:30:00,433.266
2025-07-11 10:00:00,535.993
2025-07-11 10:30:00,562.759
2025-07-11 11:00:00,568.585
2025-07-11 11:30:00,603.013
2025-07-11 12:00:00,627.88
2025-07-11 12:30:00,756.255
2025-07-11 13:00:00,903.01
2025-07-11 13:30:00,928.586
2025-07-11 14:00:00,978.687
2025-07-11 14:30:00,1075.807
2025-07-11 15:00:00,1089.8
2025-07-11 15:30:00,1175.851
2025-07-11 16:00:00,1227.072
2025-07-11 16:30:00,1248.223
2025-07-11 17:00:00,1278.915
2025-07-11 17:30:00,1258.991
2025-07-11 18:00:00,1241.293
2025-07-11 18:30:00,1166.075
2025-07-11 19:00:00,1151.27
2025-07-11 19:30:00,1104.903
2025-07-11 20:00:00,968.423
2025-07-11 20:30:00,895.521
2025-07-11 21:00:00,875.895
2025-07-11 21:30:00,765.059
2025-07-11 22:00:00,737.089
2025-07-11 22:30:00,629.512
2025-07-11 23:00:00,622.948
2025-07-11 23:30:00,543.666
2025-07-12 00:00:00,202.887
2025-07-12 00:30:00,235.553
2025-07-12 01:00:00,187.399
2025-07-12 01:30:00,172.929
2025-07-12 02:00:00,185.269
2025-07-12 02:30:00,207.837
2025-07-12 03:00:00,157.463
2025-07-12 03:30:00,212.676
2025-07-12 04:00:00,183.489
2025-07-12 04:30:00,226.007
2025-07-12 05:00:00,138.014
2025-07-12 05:30:00,179.073
2025-07-12 06:00:00,157.889
2025-07-12 06:30:00,181.342
2025-07-12 07:00:00,211.013
2025-07-12 07:30:00,204.345
2025-07-12 08:00:00,208.042
2025-07-12 08:30:00,217.919
2025-07-12 09:00:00,236.942
2025-07-12 09:30:00,219.521
2025-07-12 10:00:00,278.657
2025-07-12 10:30:00,297.564
2025-07-12 11:00:00,314.643
2025-07-12 11:30:00,347.012
2025-07-12 12:00:00,372.447
2025-07-12 12:30:00,451.195
2025-07-12 13:00:00,435.923
2025-07-12 13:30:00,469.534
2025-07-12 14:00:00,497.354
2025-07-12 14:30:00,527.567
2025-07-12 15:00:00,555.877
2025-07-12 15:30:00,593.088
2025-07-12 16:00:00,635.017
2025-07-12 16:30:00,658.552
2025-07-12 17:00:00,656.034
2025-07-12 17:30:00,631.057
2025-07-12 18:00:00,659.289
2025-07-12 18:30:00,633.793
2025-07-12 19:00:00,582.997
2025-07-12 19:30:00,537.051
2025-07-12 20:00:00,529.903
2025-07-12 20:30:00,481.91
2025-07-12 21:00:00,401.897
2025-07-12 21:30:00,398.618
2025-07-12 22:00:00,371.587
2025-07-12 22:30:00,310.607
2025-07-12 23:00:00,309.764
2025-07-12 23:30:00,244.627
2025-07-13 00:00:00,229.836
2025-07-13 00:30:00,227.634
2025-07-13 01:00:00,190.13
2025-07-13 01:30:00,205.544
2025-07-13 02:00:00,136.235
2025-07-13 02:30:00,167.62
2025-07-13 03:00:00,189.263
2025-07-13 03:30:00,169.936
2025-07-13 04:00:00,214.818
2025-07-13 04:30:00,247.244
2025-07-13 05:00:00,168.456
2025-07-13 05:30:00,177.801
2025-07-13 06:00:00,205.937
2025-07-13 06:30:00,242.276
2025-07-13 07:00:00,174.262
2025-07-13 07:30:00,215.051
2025-07-13 08:00:00,259.909
2025-07-13 08:30:00,180.605
2025-07-13 09:00:00,199.831
2025-07-13 09:30:00,234.144
2025-07-13 10:00:00,247.971
2025-07-13 10:30:00,301.312
2025-07-13 11:00:00,311.059
2025-07-13 11:30:00,288.725
2025-07-13 12:00:00,377.922
2025-07-13 12:30:00,385.879
2025-07-13 13:00:00,469.961
2025-07-13 13:30:00,461.521
2025-07-13 14:00:00,500.276
2025-07-13 14:30:00,566.902
2025-07-13 15:00:00,606.062
2025-07-13 15:30:00,626.51
2025-07-13 16:00:00,594.644
2025-07-13 16:30:00,663.646
2025-07-13 17:00:00,628.898
2025-07-13 17:30:00,656.077
2025-07-13 18:00:00,601.191
2025-07-13 18:30:00,626.466
2025-07-13 19:00:00,566.824
2025-07-13 19:30:00,521.308
2025-07-13 20:00:00,534.037
2025-07-13 20:30:00,483.252
2025-07-13 21:00:00,422.751
2025-07-13 21:30:00,436.597
2025-07-13 22:00:00,354.02
2025-07-13 22:30:00,333.902
2025-07-13 23:00:00,311.74
2025-07-13 23:30:00,265.506
2025-07-14 00:00:00,389.53
2025-07-14 00:30:00,364.424
2025-07-14 01:00:00,367.484
2025-07-14 01:30:00,411.869
2025-07-14 02:00:00,351.838
2025-07-14 02:30:00,317.62
2025-07-14 03:00:00,418.364
2025-07-14 03:30:00,442.078
2025-07-14 04:00:00,368.634
2025-07-14 04:30:00,331.024
2025-07-14 05:00:00,372.759
2025-07-14 05:30:00,375.032
2025-07-14 06:00:00,379.965
2025-07-14 06:30:00,360.622
2025-07-14 07:00:00,408.376
2025-07-14 07:30:00,414.7
2025-07-14 08:00:00,374.903
2025-07-14 08:30:00,444.208
2025-07-14 09:00:00,497.197
2025-07-14 09:30:00,474.942
2025-07-14 10:00:00,493.463
2025-07-14 10:30:00,536.829
2025-07-14 11:00:00,601.953
2025-07-14 11:30:00,597.308
2025-07-14 12:00:00,706.103
2025-07-14 12:30:00,760.081
2025-07-14 13:00:00,888.696
2025-07-14 13:30:00,913.359
2025-07-14 14:00:00,1034.374
2025-07-14 14:30:00,1036.586
2025-07-14 15:00:00,1143.506
2025-07-14 15:30:00,1191.269
2025-07-14 16:00:00,1202.859
2025-07-14 16:30:00,1254.81
2025-07-14 17:00:00,1289.458
2025-07-14 17:30:00,1242.28
2025-07-14 18:00:00,1182.286
2025-07-14 18:30:00,1182.845
2025-07-14 19:00:00,1106.264
2025-07-14 19:30:00,1055.621
2025-07-14 20:00:00,990.637
2025-07-14 20:30:00,875.072
2025-07-14 21:00:00,802.108
2025-07-14 21:30:00,781.894
2025-07-14 22:00:00,688.925
2025-07-14 22:30:00,576.456
2025-07-14 23:00:00,606.193
2025-07-14 23:30:00,547.189
2025-07-15 00:00:00,359.905
2025-07-15 00:30:00,344.839
2025-07-15 01:00:00,398.67
2025-07-15 01:30:00,386.536
2025-07-15 02:00:00,437.417
2025-07-15 02:30:00,388.444
2025-07-15 03:00:00,387.783
2025-07-15 03:30:00,374.172
2025-07-15 04:00:00,399.185
2025-07-15 04:30:00,395.072
2025-07-15 05:00:00,411.814
2025-07-15 05:30:00,369.154
2025-07-15 06:00:00,373.828
2025-07-15 06:30:00,376.48
2025-07-15 07:00:00,413.657
2025-07-15 07:30:00,439.046
2025-07-15 08:00:00,400.792
2025-07-15 08:30:00,416.109
2025-07-15 09:00:00,453.732
2025-07-15 09:30:00,464.499
2025-07-15 10:00:00,525.698
2025-07-15 10:30:00,484.085
2025-07-15 11:00:00,565.904
2025-07-15 11:30:00,621.015
2025-07-15 12:00:00,643.984
2025-07-15 12:30:00,745.751
2025-07-15 13:00:00,819.621
2025-07-15 13:30:00,912.686
2025-07-15 14:00:00,1020.501
2025-07-15 14:30:00,1058.053
2025-07-15 15:00:00,1103.054
2025-07-15 15:30:00,1181.86
2025-07-15 16:00:00,1250.814
2025-07-15 16:30:00,1225.976
2025-07-15 17:00:00,1236.381
2025-07-15 17:30:00,1264.339
2025-07-15 18:00:00,1219.046
2025-07-15 18:30:00,1199.471
2025-07-15 19:00:00,1128.483
2025-07-15 19:30:00,1081.721
2025-07-15 20:00:00,966.8
2025-07-15 20:30:00,917.411
2025-07-15 21:00:00,837.233
2025-07-15 21:30:00,739.445
2025-07-15 22:00:00,662.906
2025-07-15 22:30:00,657.719
2025-07-15 23:00:00,577.798
2025-07-15 23:30:00,514.822
2025-07-16 00:00:00,375.347
2025-07-16 00:30:00,405.96
2025-07-16 01:00:00,320.757
2025-07-16 01:30:00,340.387
2025-07-16 02:00:00,354.78
2025-07-16 02:30:00,414.469
2025-07-16 03:00:00,385.155
2025-07-16 03:30:00,397.528
2025-07-16 04:00:00,350.261
2025-07-16 04:30:00,351.457
2025-07-16 05:00:00,391.716
2025-07-16 05:30:00,383.644
2025-07-16 06:00:00,398.431
2025-07-16 06:30:00,383.765
2025-07-16 07:00:00,400.841
2025-07-16 07:30:00,405.54
2025-07-16 08:00:00,431.707
2025-07-16 08:30:00,446.904
2025-07-16 09:00:00,405.383
2025-07-16 09:30:00,414.461
2025-07-16 10:00:00,526.94
2025-07-16 10:30:00,570.072
2025-07-16 11:00:00,561.056
2025-07-16 11:30:00,594.079
2025-07-16 12:00:00,704.469
2025-07-16 12:30:00,793.113
2025-07-16 13:00:00,887.44
2025-07-16 13:30:00,930.621
2025-07-16 14:00:00,983.384
2025-07-16 14:30:00,1041.852
2025-07-16 15:00:00,1129.111
2025-07-16 15:30:00,1175.802
2025-07-16 16:00:00,1199.208
2025-07-16 16:30:00,1301.594
2025-07-16 17:00:00,1303.774
2025-07-16 17:30:00,1278.776
2025-07-16 18:00:00,1201.564
2025-07-16 18:30:00,1204.659
2025-07-16 19:00:00,1144.815
2025-07-16 19:30:00,1075.243
2025-07-16 20:00:00,1023.918
2025-07-16 20:30:00,933.598
2025-07-16 21:00:00,861.0
2025-07-16 21:30:00,785.765
2025-07-16 22:00:00,710.513
2025-07-16 22:30:00,595.985
2025-07-16 23:00:00,588.663
2025-07-16 23:30:00,526.475
2025-07-17 00:00:00,345.756
2025-07-17 00:30:00,419.805
2025-07-17 01:00:00,421.0
2025-07-17 01:30:00,411.783
2025-07-17 02:00:00,384.233
2025-07-17 02:30:00,411.705
2025-07-17 03:00:00,378.392
2025-07-17 03:30:00,383.415
2025-07-17 04:00:00,351.429
2025-07-17 04:30:00,389.37
2025-07-17 05:00:00,382.031
2025-07-17 05:30:00,349.621
2025-07-17 06:00:00,383.433
2025-07-17 06:30:00,386.464
2025-07-17 07:00:00,438.826
2025-07-17 07:30:00,423.942
2025-07-17 08:00:00,412.549
2025-07-17 08:30:00,432.948
2025-07-17 09:00:00,446.985
2025-07-17 09:30:00,465.57
2025-07-17 10:00:00,474.836
2025-07-17 10:30:00,536.603
2025-07-17 11:00:00,567.92
2025-07-17 11:30:00,609.317
2025-07-17 12:00:00,714.774
2025-07-17 12:30:00,779.624
2025-07-17 13:00:00,797.832
2025-07-17 13:30:00,914.646
2025-07-17 14:00:00,1017.569
2025-07-17 14:30:00,1090.66
2025-07-17 15:00:00,1154.47
2025-07-17 15:30:00,1184.257
2025-07-17 16:00:00,1203.459
2025-07-17 16:30:00,1223.283
2025-07-17 17:00:00,1267.76
2025-07-17 17:30:00,1259.857
2025-07-17 18:00:00,1256.768
2025-07-17 18:30:00,1210.783
2025-07-17 19:00:00,1125.519
2025-07-17 19:30:00,1033.075
2025-07-17 20:00:00,984.699
2025-07-17 20:30:00,923.144
2025-07-17 21:00:00,837.448
2025-07-17 21:30:00,755.395
2025-07-17 22:00:00,708.315
2025-07-17 22:30:00,627.976
2025-07-17 23:00:00,570.87
2025-07-17 23:30:00,548.166
2025-07-18 00:00:00,367.702
2025-07-18 00:30:00,383.863
2025-07-18 01:00:00,384.605
2025-07-18 01:30:00,349.317
2025-07-18 02:00:00,365.821
2025-07-18 02:30:00,413.884
2025-07-18 03:00:00,349.039
2025-07-18 03:30:00,325.429
2025-07-18 04:00:00,332.219
2025-07-18 04:30:00,380.173
2025-07-18 05:00:00,381.294
2025-07-18 05:30:00,379.247
2025-07-18 06:00:00,415.068
2025-07-18 06:30:00,321.636
2025-07-18 07:00:00,403.785
2025-07-18 07:30:00,440.623
2025-07-18 08:00:00,384.068
2025-07-18 08:30:00,417.233
2025-07-18 09:00:00,427.058
2025-07-18 09:30:00,448.284
2025-07-18 10:00:00,493.74
2025-07-18 10:30:00,576.066
2025-07-18 11:00:00,632.507
2025-07-18 11:30:00,632.177
2025-07-18 12:00:00,749.62
2025-07-18 12:30:00,770.732
2025-07-18 13:00:00,886.342
2025-07-18 13:30:00,915.381
2025-07-18 14:00:00,995.953
2025-07-18 14:30:00,1073.317
2025-07-18 15:00:00,1208.296
2025-07-18 15:30:00,1204.566
2025-07-18 16:00:00,1206.903
2025-07-18 16:30:00,1274.6
2025-07-18 17:00:00,1250.099
2025-07-18 17:30:00,1238.131
2025-07-18 18:00:00,1247.3
2025-07-18 18:30:00,1184.061
2025-07-18 19:00:00,1135.789
2025-07-18 19:30:00,1064.529
2025-07-18 20:00:00,1001.091
2025-07-18 20:30:00,928.338
2025-07-18 21:00:00,794.076
2025-07-18 21:30:00,786.506
2025-07-18 22:00:00,677.443
2025-07-18 22:30:00,604.518
2025-07-18 23:00:00,585.112
2025-07-18 23:30:00,542.479
2025-07-19 00:00:00,179.093
2025-07-19 00:30:00,217.211
2025-07-19 01:00:00,162.889
2025-07-19 01:30:00,186.284
2025-07-19 02:00:00,181.861
2025-07-19 02:30:00,195.364
2025-07-19 03:00:00,203.579
2025-07-19 03:30:00,171.542
2025-07-19 04:00:00,215.065
2025-07-19 04:30:00,198.886
2025-07-19 05:00:00,150.572
2025-07-19 05:30:00,149.773
2025-07-19 06:00:00,199.743
2025-07-19 06:30:00,196.474
2025-07-19 07:00:00,202.236
2025-07-19 07:30:00,208.126
2025-07-19 08:00:00,220.016
2025-07-19 08:30:00,245.59
2025-07-19 09:00:00,204.08
2025-07-19 09:30:00,215.435
2025-07-19 10:00:00,233.653
2025-07-19 10:30:00,288.22
2025-07-19 11:00:00,336.141
2025-07-19 11:30:00,322.316
2025-07-19 12:00:00,302.494
2025-07-19 12:30:00,357.718
2025-07-19 13:00:00,417.274
2025-07-19 13:30:00,463.268
2025-07-19 14:00:00,505.982
2025-07-19 14:30:00,554.338
2025-07-19 15:00:00,579.195
2025-07-19 15:30:00,641.541
2025-07-19 16:00:00,619.884
2025-07-19 16:30:00,628.637
2025-07-19 17:00:00,666.727
2025-07-19 17:30:00,611.804
2025-07-19 18:00:00,646.526
2025-07-19 18:30:00,617.871
2025-07-19 19:00:00,583.303
2025-07-19 19:30:00,593.08
2025-07-19 20:00:00,500.637
2025-07-19 20:30:00,528.718
2025-07-19 21:00:00,432.464
2025-07-19 21:30:00,368.393
2025-07-19 22:00:00,366.784
2025-07-19 22:30:00,306.193
2025-07-19 23:00:00,286.224
2025-07-19 23:30:00,290.923
2025-07-20 00:00:00,210.321
2025-07-20 00:30:00,180.881
2025-07-20 01:00:00,221.128
2025-07-20 01:30:00,225.395
2025-07-20 02:00:00,232.391
2025-07-20 02:30:00,209.764
2025-07-20 03:00:00,230.693
2025-07-20 03:30:00,149.719
2025-07-20 04:00:00,189.01
2025-07-20 04:30:00,175.636
2025-07-20 05:00:00,200.852
2025-07-20 05:30:00,184.451
2025-07-20 06:00:00,195.897
2025-07-20 06:30:00,249.052
2025-07-20 07:00:00,200.578
2025-07-20 07:30:00,219.17
2025-07-20 08:00:00,208.57
2025-07-20 08:30:00,223.792
2025-07-20 09:00:00,232.008
2025-07-20 09:30:00,255.942
2025-07-20 10:00:00,290.119
2025-07-20 10:30:00,322.182
2025-07-20 11:00:00,312.758
2025-07-20 11:30:00,347.838
2025-07-20 12:00:00,336.265
2025-07-20 12:30:00,398.121
2025-07-20 13:00:00,461.607
2025-07-20 13:30:00,498.86
2025-07-20 14:00:00,521.482
2025-07-20 14:30:00,575.533
2025-07-20 15:00:00,599.258
2025-07-20 15:30:00,645.315
2025-07-20 16:00:00,644.018
2025-07-20 16:30:00,641.303
2025-07-20 17:00:00,663.152
2025-07-20 17:30:00,576.93
2025-07-20 18:00:00,646.356
2025-07-20 18:30:00,524.097
2025-07-20 19:00:00,543.902
2025-07-20 19:30:00,564.668
2025-07-20 20:00:00,528.13
2025-07-20 20:30:00,448.15
2025-07-20 21:00:00,420.297
2025-07-20 21:30:00,434.581
2025-07-20 22:00:00,352.936
2025-07-20 22:30:00,389.172
2025-07-20 23:00:00,304.969
2025-07-20 23:30:00,291.198
2025-07-21 00:00:00,418.174
2025-07-21 00:30:00,381.036
2025-07-21 01:00:00,352.716
2025-07-21 01:30:00,375.059
2025-07-21 02:00:00,376.962
2025-07-21 02:30:00,343.821
2025-07-21 03:00:00,371.695
2025-07-21 03:30:00,359.79
2025-07-21 04:00:00,401.874
2025-07-21 04:30:00,380.31
2025-07-21 05:00:00,373.451
2025-07-21 05:30:00,379.533
2025-07-21 06:00:00,390.291
2025-07-21 06:30:00,403.877
2025-07-21 07:00:00,368.894
2025-07-21 07:30:00,375.547
2025-07-21 08:00:00,439.88
2025-07-21 08:30:00,416.42
2025-07-21 09:00:00,410.459
2025-07-21 09:30:00,481.738
2025-07-21 10:00:00,513.481
2025-07-21 10:30:00,502.111
2025-07-21 11:00:00,592.309
2025-07-21 11:30:00,658.965
2025-07-21 12:00:00,711.353
2025-07-21 12:30:00,785.642
2025-07-21 13:00:00,807.393
2025-07-21 13:30:00,925.989
2025-07-21 14:00:00,985.111
2025-07-21 14:30:00,1052.11
2025-07-21 15:00:00,1150.588
2025-07-21 15:30:00,1220.266
2025-07-21 16:00:00,1269.444
2025-07-21 16:30:00,1283.245
2025-07-21 17:00:00,1256.402
2025-07-21 17:30:00,1259.193
2025-07-21 18:00:00,1243.755
2025-07-21 18:30:00,1186.313
2025-07-21 19:00:00,1132.094
2025-07-21 19:30:00,1084.774
2025-07-21 20:00:00,991.195
2025-07-21 20:30:00,899.481
2025-07-21 21:00:00,832.138
2025-07-21 21:30:00,785.69
2025-07-21 22:00:00,702.068
2025-07-21 22:30:00,649.08
2025-07-21 23:00:00,603.324
2025-07-21 23:30:00,531.008
2025-07-22 00:00:00,396.658
2025-07-22 00:30:00,387.231
2025-07-22 01:00:00,346.905
2025-07-22 01:30:00,413.86
2025-07-22 02:00:00,365.334
2025-07-22 02:30:00,336.562
2025-07-22 03:00:00,351.964
2025-07-22 03:30:00,352.819
2025-07-22 04:00:00,380.07
2025-07-22 04:30:00,372.599
2025-07-22 05:00:00,372.1
2025-07-22 05:30:00,397.68
2025-07-22 06:00:00,393.21
2025-07-22 06:30:00,396.358
2025-07-22 07:00:00,404.133
2025-07-22 07:30:00,416.99
2025-07-22 08:00:00,359.564
2025-07-22 08:30:00,417.618
2025-07-22 09:00:00,391.375
2025-07-22 09:30:00,471.544
2025-07-22 10:00:00,501.781
2025-07-22 10:30:00,566.518
2025-07-22 11:00:00,616.263
2025-07-22 11:30:00,645.644
2025-07-22 12:00:00,689.484
2025-07-22 12:30:00,781.971
2025-07-22 13:00:00,829.302
2025-07-22 13:30:00,917.679
2025-07-22 14:00:00,1017.33
2025-07-22 14:30:00,1050.236
2025-07-22 15:00:00,1148.966
2025-07-22 15:30:00,1200.219
2025-07-22 16:00:00,1200.715
2025-07-22 16:30:00,1274.722
2025-07-22 17:00:00,1276.609
2025-07-22 17:30:00,1252.923
2025-07-22 18:00:00,1205.527
2025-07-22 18:30:00,1161.804
2025-07-22 19:00:00,1115.383
2025-07-22 19:30:00,1077.745
2025-07-22 20:00:00,968.786
2025-07-22 20:30:00,928.651
2025-07-22 21:00:00,811.456
2025-07-22 21:30:00,764.74
2025-07-22 22:00:00,704.734
2025-07-22 22:30:00,701.703
2025-07-22 23:00:00,552.139
2025-07-22 23:30:00,577.18
2025-07-23 00:00:00,381.498
2025-07-23 00:30:00,388.039
2025-07-23 01:00:00,380.734
2025-07-23 01:30:00,388.921
2025-07-23 02:00:00,374.01
2025-07-23 02:30:00,414.291
2025-07-23 03:00:00,366.679
2025-07-23 03:30:00,406.651
2025-07-23 04:00:00,362.656
2025-07-23 04:30:00,377.939
2025-07-23 05:00:00,353.722
2025-07-23 05:30:00,393.563
2025-07-23 06:00:00,420.841
2025-07-23 06:30:00,386.523
2025-07-23 07:00:00,388.965
2025-07-23 07:30:00,373.722
2025-07-23 08:00:00,406.53
2025-07-23 08:30:00,386.909
2025-07-23 09:00:00,423.058
2025-07-23 09:30:00,476.312
2025-07-23 10:00:00,534.872
2025-07-23 10:30:00,610.61
2025-07-23 11:00:00,571.907
2025-07-23 11:30:00,676.458
2025-07-23 12:00:00,708.087
2025-07-23 12:30:00,766.061
2025-07-23 13:00:00,853.315
2025-07-23 13:30:00,919.261
2025-07-23 14:00:00,995.436
2025-07-23 14:30:00,1053.971
2025-07-23 15:00:00,1093.872
2025-07-23 15:30:00,1144.693
2025-07-23 16:00:00,1240.916
2025-07-23 16:30:00,1243.458
2025-07-23 17:00:00,1244.243
2025-07-23 17:30:00,1250.588
2025-07-23 18:00:00,1244.458
2025-07-23 18:30:00,1187.793
2025-07-23 19:00:00,1112.423
2025-07-23 19:30:00,1094.837
2025-07-23 20:00:00,1032.156
2025-07-23 20:30:00,930.077
2025-07-23 21:00:00,866.842
2025-07-23 21:30:00,800.891
2025-07-23 22:00:00,730.246
2025-07-23 22:30:00,655.928
2025-07-23 23:00:00,601.531
2025-07-23 23:30:00,553.371
2025-07-24 00:00:00,350.319
2025-07-24 00:30:00,395.278
2025-07-24 01:00:00,343.88
2025-07-24 01:30:00,357.938
2025-07-24 02:00:00,410.441
2025-07-24 02:30:00,398.945
2025-07-24 03:00:00,415.275
2025-07-24 03:30:00,371.553
2025-07-24 04:00:00,349.959
2025-07-24 04:30:00,373.434
2025-07-24 05:00:00,383.072
2025-07-24 05:30:00,384.162
2025-07-24 06:00:00,413.055
2025-07-24 06:30:00,379.425
2025-07-24 07:00:00,402.688
2025-07-24 07:30:00,376.871
2025-07-24 08:00:00,423.521
2025-07-24 08:30:00,426.806
2025-07-24 09:00:00,427.135
2025-07-24 09:30:00,464.747
2025-07-24 10:00:00,497.292
2025-07-24 10:30:00,533.625
2025-07-24 11:00:00,630.856
2025-07-24 11:30:00,638.114
2025-07-24 12:00:00,695.896
2025-07-24 12:30:00,717.406
2025-07-24 13:00:00,820.145
2025-07-24 13:30:00,911.137
2025-07-24 14:00:00,975.53
2025-07-24 14:30:00,1098.722
2025-07-24 15:00:00,1124.701
2025-07-24 15:30:00,1215.495
2025-07-24 16:00:00,1226.128
2025-07-24 16:30:00,1251.306
2025-07-24 17:00:00,1256.925
2025-07-24 17:30:00,1250.47
2025-07-24 18:00:00,1267.555
2025-07-24 18:30:00,1125.294
2025-07-24 19:00:00,1078.786
2025-07-24 19:30:00,1050.601
2025-07-24 20:00:00,993.04
2025-07-24 20:30:00,934.966
2025-07-24 21:00:00,854.327
2025-07-24 21:30:00,760.236
2025-07-24 22:00:00,727.469
2025-07-24 22:30:00,666.33
2025-07-24 23:00:00,591.173
2025-07-24 23:30:00,564.446
2025-07-25 00:00:00,384.568
2025-07-25 00:30:00,363.723
2025-07-25 01:00:00,395.22
2025-07-25 01:30:00,380.568
2025-07-25 02:00:00,377.886
2025-07-25 02:30:00,414.764
2025-07-25 03:00:00,316.819
2025-07-25 03:30:00,342.903
2025-07-25 04:00:00,349.089
2025-07-25 04:30:00,370.364
2025-07-25 05:00:00,374.156
2025-07-25 05:30:00,344.504
2025-07-25 06:00:00,360.084
2025-07-25 06:30:00,366.936
2025-07-25 07:00:00,455.323
2025-07-25 07:30:00,446.631
2025-07-25 08:00:00,401.969
2025-07-25 08:30:00,417.639
2025-07-25 09:00:00,417.15
2025-07-25 09:30:00,422.939
2025-07-25 10:00:00,498.974
2025-07-25 10:30:00,515.433
2025-07-25 11:00:00,584.451
2025-07-25 11:30:00,600.57
2025-07-25 12:00:00,682.944
2025-07-25 12:30:00,773.558
2025-07-25 13:00:00,851.655
2025-07-25 13:30:00,928.15
2025-07-25 14:00:00,959.664
2025-07-25 14:30:00,1085.547
2025-07-25 15:00:00,1108.819
2025-07-25 15:30:00,1199.105
2025-07-25 16:00:00,1224.319
2025-07-25 16:30:00,1215.965
2025-07-25 17:00:00,1251.24
2025-07-25 17:30:00,1259.509
2025-07-25 18:00:00,1239.909
2025-07-25 18:30:00,1179.759
2025-07-25 19:00:00,1167.119
2025-07-25 19:30:00,1089.368
2025-07-25 20:00:00,986.26
2025-07-25 20:30:00,936.466
2025-07-25 21:00:00,890.845
2025-07-25 21:30:00,818.854
2025-07-25 22:00:00,671.293
2025-07-25 22:30:00,617.412
2025-07-25 23:00:00,623.695
2025-07-25 23:30:00,513.922
2025-07-26 00:00:00,163.367
2025-07-26 00:30:00,184.28
2025-07-26 01:00:00,206.949
2025-07-26 01:30:00,193.897
2025-07-26 02:00:00,180.219
2025-07-26 02:30:00,179.673
2025-07-26 03:00:00,178.799
2025-07-26 03:30:00,174.752
2025-07-26 04:00:00,253.999
2025-07-26 04:30:00,204.749
2025-07-26 05:00:00,220.04
2025-07-26 05:30:00,186.51
2025-07-26 06:00:00,195.402
2025-07-26 06:30:00,184.159
2025-07-26 07:00:00,138.529
2025-07-26 07:30:00,174.375
2025-07-26 08:00:00,169.111
2025-07-26 08:30:00,165.654
2025-07-26 09:00:00,201.974
2025-07-26 09:30:00,277.858
2025-07-26 10:00:00,259.875
2025-07-26 10:30:00,313.261
2025-07-26 11:00:00,315.292
2025-07-26 11:30:00,352.663
2025-07-26 12:00:00,342.514
2025-07-26 12:30:00,413.417
2025-07-26 13:00:00,456.318
2025-07-26 13:30:00,462.795
2025-07-26 14:00:00,530.18
2025-07-26 14:30:00,567.528
2025-07-26 15:00:00,573.25
2025-07-26 15:30:00,587.238
2025-07-26 16:00:00,607.181
2025-07-26 16:30:00,652.358
2025-07-26 17:00:00,662.931
2025-07-26 17:30:00,630.382
2025-07-26 18:00:00,637.449
2025-07-26 18:30:00,629.571
2025-07-26 19:00:00,602.443
2025-07-26 19:30:00,592.17
2025-07-26 20:00:00,548.116
2025-07-26 20:30:00,452.179
2025-07-26 21:00:00,480.19
2025-07-26 21:30:00,387.044
2025-07-26 22:00:00,391.158
2025-07-26 22:30:00,334.799
2025-07-26 23:00:00,294.714
2025-07-26 23:30:00,235.805
2025-07-27 00:00:00,192.142
2025-07-27 00:30:00,157.451
2025-07-27 01:00:00,220.625
2025-07-27 01:30:00,234.377
2025-07-27 02:00:00,176.56
2025-07-27 02:30:00,204.078
2025-07-27 03:00:00,178.472
2025-07-27 03:30:00,181.027
2025-07-27 04:00:00,216.32
2025-07-27 04:30:00,196.348
2025-07-27 05:00:00,241.362
2025-07-27 05:30:00,186.682
2025-07-27 06:00:00,225.034
2025-07-27 06:30:00,204.433
2025-07-27 07:00:00,224.716
2025-07-27 07:30:00,197.646
2025-07-27 08:00:00,213.138
2025-07-27 08:30:00,219.011
2025-07-27 09:00:00,210.956
2025-07-27 09:30:00,261.286
2025-07-27 10:00:00,277.242
2025-07-27 10:30:00,295.836
2025-07-27 11:00:00,343.442
2025-07-27 11:30:00,369.333
2025-07-27 12:00:00,355.663
2025-07-27 12:30:00,409.644
2025-07-27 13:00:00,422.51
2025-07-27 13:30:00,477.795
2025-07-27 14:00:00,501.198
2025-07-27 14:30:00,593.875
2025-07-27 15:00:00,596.081
2025-07-27 15:30:00,609.857
2025-07-27 16:00:00,666.625
2025-07-27 16:30:00,595.93
2025-07-27 17:00:00,604.403
2025-07-27 17:30:00,670.091
2025-07-27 18:00:00,638.296
2025-07-27 18:30:00,621.569
2025-07-27 19:00:00,553.829
2025-07-27 19:30:00,552.793
2025-07-27 20:00:00,566.28
2025-07-27 20:30:00,497.816
2025-07-27 21:00:00,442.343
2025-07-27 21:30:00,389.342
2025-07-27 22:00:00,355.172
2025-07-27 22:30:00,279.869
2025-07-27 23:00:00,311.458
2025-07-27 23:30:00,302.134
2025-07-28 00:00:00,338.361
2025-07-28 00:30:00,361.225
2025-07-28 01:00:00,348.838
2025-07-28 01:30:00,353.669
2025-07-28 02:00:00,379.189
2025-07-28 02:30:00,325.83
2025-07-28 03:00:00,393.447
2025-07-28 03:30:00,397.191
2025-07-28 04:00:00,372.488
2025-07-28 04:30:00,317.427
2025-07-28 05:00:00,355.61
2025-07-28 05:30:00,413.01
2025-07-28 06:00:00,315.263
2025-07-28 06:30:00,379.769
2025-07-28 07:00:00,364.387
2025-07-28 07:30:00,421.701
2025-07-28 08:00:00,395.385
2025-07-28 08:30:00,436.827
2025-07-28 09:00:00,460.017
2025-07-28 09:30:00,516.548
2025-07-28 10:00:00,496.823
2025-07-28 10:30:00,549.78
2025-07-28 11:00:00,549.446
2025-07-28 11:30:00,670.335
2025-07-28 12:00:00,682.98
2025-07-28 12:30:00,755.823
2025-07-28 13:00:00,841.944
2025-07-28 13:30:00,878.641
2025-07-28 14:00:00,998.396
2025-07-28 14:30:00,1088.366
2025-07-28 15:00:00,1136.148
2025-07-28 15:30:00,1143.562
2025-07-28 16:00:00,1221.49
2025-07-28 16:30:00,1268.926
2025-07-28 17:00:00,1212.195
2025-07-28 17:30:00,1223.506
2025-07-28 18:00:00,1246.498
2025-07-28 18:30:00,1190.036
2025-07-28 19:00:00,1139.124
2025-07-28 19:30:00,1110.667
2025-07-28 20:00:00,1004.39
2025-07-28 20:30:00,934.161
2025-07-28 21:00:00,910.269
2025-07-28 21:30:00,764.497
2025-07-28 22:00:00,682.046
2025-07-28 22:30:00,651.27
2025-07-28 23:00:00,597.547
2025-07-28 23:30:00,527.211
2025-07-29 00:00:00,351.942
2025-07-29 00:30:00,435.506
2025-07-29 01:00:00,385.946
2025-07-29 01:30:00,359.496
2025-07-29 02:00:00,400.751
2025-07-29 02:30:00,375.211
2025-07-29 03:00:00,371.768
2025-07-29 03:30:00,392.402
2025-07-29 04:00:00,346.468
2025-07-29 04:30:00,388.261
2025-07-29 05:00:00,428.345
2025-07-29 05:30:00,393.842
2025-07-29 06:00:00,375.308
2025-07-29 06:30:00,375.78
2025-07-29 07:00:00,383.628
2025-07-29 07:30:00,395.238
2025-07-29 08:00:00,402.817
2025-07-29 08:30:00,449.636
2025-07-29 09:00:00,402.55
2025-07-29 09:30:00,492.193
2025-07-29 10:00:00,492.404
2025-07-29 10:30:00,549.803
2025-07-29 11:00:00,558.397
2025-07-29 11:30:00,673.791
2025-07-29 12:00:00,733.134
2025-07-29 12:30:00,793.832
2025-07-29 13:00:00,804.631
2025-07-29 13:30:00,938.441
2025-07-29 14:00:00,1002.798
2025-07-29 14:30:00,1024.048
2025-07-29 15:00:00,1128.217
2025-07-29 15:30:00,1192.397
2025-07-29 16:00:00,1238.487
2025-07-29 16:30:00,1254.807
2025-07-29 17:00:00,1266.426
2025-07-29 17:30:00,1287.215
2025-07-29 18:00:00,1255.236
2025-07-29 18:30:00,1111.608
2025-07-29 19:00:00,1120.888
2025-07-29 19:30:00,1060.064
2025-07-29 20:00:00,948.874
2025-07-29 20:30:00,920.068
2025-07-29 21:00:00,873.719
2025-07-29 21:30:00,742.678
2025-07-29 22:00:00,710.403
2025-07-29 22:30:00,617.68
2025-07-29 23:00:00,569.774
2025-07-29 23:30:00,577.314
2025-07-30 00:00:00,364.188
2025-07-30 00:30:00,389.315
2025-07-30 01:00:00,330.995
2025-07-30 01:30:00,424.361
2025-07-30 02:00:00,392.919
2025-07-30 02:30:00,373.377
2025-07-30 03:00:00,392.479
2025-07-30 03:30:00,343.099
2025-07-30 04:00:00,408.329
2025-07-30 04:30:00,371.345
2025-07-30 05:00:00,375.419
2025-07-30 05:30:00,369.896
2025-07-30 06:00:00,370.197
2025-07-30 06:30:00,405.824
2025-07-30 07:00:00,400.285
2025-07-30 07:30:00,417.881
2025-07-30 08:00:00,412.043
2025-07-30 08:30:00,439.558
2025-07-30 09:00:00,435.409
2025-07-30 09:30:00,526.386
2025-07-30 10:00:00,462.698
2025-07-30 10:30:00,571.903
2025-07-30 11:00:00,620.77
2025-07-30 11:30:00,619.271
2025-07-30 12:00:00,757.725
2025-07-30 12:30:00,794.729
2025-07-30 13:00:00,866.778
2025-07-30 13:30:00,918.414
2025-07-30 14:00:00,987.246
2025-07-30 14:30:00,1058.945
2025-07-30 15:00:00,1138.588
2025-07-30 15:30:00,1218.314
2025-07-30 16:00:00,1229.118
2025-07-30 16:30:00,1227.589
2025-07-30 17:00:00,1279.756
2025-07-30 17:30:00,1273.404
2025-07-30 18:00:00,1240.951
2025-07-30 18:30:00,1201.921
2025-07-30 19:00:00,1122.051
2025-07-30 19:30:00,1040.955
2025-07-30 20:00:00,970.972
2025-07-30 20:30:00,876.827
2025-07-30 21:00:00,848.424
2025-07-30 21:30:00,767.756
2025-07-30 22:00:00,690.993
2025-07-30 22:30:00,566.685
2025-07-30 23:00:00,555.389
2025-07-30 23:30:00,568.4
2025-07-31 00:00:00,361.136
2025-07-31 00:30:00,386.775
2025-07-31 01:00:00,343.008
2025-07-31 01:30:00,413.77
2025-07-31 02:00:00,374.252
2025-07-31 02:30:00,385.191
2025-07-31 03:00:00,436.235
2025-07-31 03:30:00,416.256
2025-07-31 04:00:00,371.101
2025-07-31 04:30:00,364.615
2025-07-31 05:00:00,372.382
2025-07-31 05:30:00,394.935
2025-07-31 06:00:00,382.082
2025-07-31 06:30:00,378.576
2025-07-31 07:00:00,430.567
2025-07-31 07:30:00,398.732
2025-07-31 08:00:00,469.752
2025-07-31 08:30:00,428.997
2025-07-31 09:00:00,490.513
2025-07-31 09:30:00,479.576
2025-07-31 10:00:00,525.97
2025-07-31 10:30:00,522.264
2025-07-31 11:00:00,565.228
2025-07-31 11:30:00,652.068
2025-07-31 12:00:00,726.707
2025-07-31 12:30:00,770.849
2025-07-31 13:00:00,810.34
2025-07-31 13:30:00,883.707
2025-07-31 14:00:00,956.998
2025-07-31 14:30:00,1019.989
2025-07-31 15:00:00,1131.562
2025-07-31 15:30:00,1211.41
2025-07-31 16:00:00,1224.249
2025-07-31 16:30:00,1193.865
2025-07-31 17:00:00,1254.376
2025-07-31 17:30:00,1246.305
2025-07-31 18:00:00,1276.985
2025-07-31 18:30:00,1146.855
2025-07-31 19:00:00,1119.057
2025-07-31 19:30:00,1106.826
2025-07-31 20:00:00,1003.926
2025-07-31 20:30:00,931.796
2025-07-31 21:00:00,845.365
2025-07-31 21:30:00,778.091
2025-07-31 22:00:00,721.433
2025-07-31 22:30:00,620.338
2025-07-31 23:00:00,608.524
2025-07-31 23:30:00,506.054
2025-08-01 00:00:00,395.668
2025-08-01 00:30:00,391.935
2025-08-01 01:00:00,372.075
2025-08-01 01:30:00,386.943
2025-08-01 02:00:00,371.998
2025-08-01 02:30:00,360.859
2025-08-01 03:00:00,378.966
2025-08-01 03:30:00,360.467
2025-08-01 04:00:00,396.568
2025-08-01 04:30:00,360.443
2025-08-01 05:00:00,408.098
2025-08-01 05:30:00,362.471
2025-08-01 06:00:00,380.441
2025-08-01 06:30:00,382.824
2025-08-01 07:00:00,437.137
2025-08-01 07:30:00,420.163
2025-08-01 08:00:00,417.563
2025-08-01 08:30:00,450.162
2025-08-01 09:00:00,404.658
2025-08-01 09:30:00,481.658
2025-08-01 10:00:00,564.731
2025-08-01 10:30:00,557.574
2025-08-01 11:00:00,603.342
2025-08-01 11:30:00,670.738
2025-08-01 12:00:00,742.422
2025-08-01 12:30:00,739.687
2025-08-01 13:00:00,822.091
2025-08-01 13:30:00,946.552
2025-08-01 14:00:00,1000.312
2025-08-01 14:30:00,1124.325
2025-08-01 15:00:00,1149.951
2025-08-01 15:30:00,1165.326
2025-08-01 16:00:00,1224.351
2025-08-01 16:30:00,1213.763
2025-08-01 17:00:00,1285.647
2025-08-01 17:30:00,1277.795
2025-08-01 18:00:00,1245.44
2025-08-01 18:30:00,1240.661
2025-08-01 19:00:00,1187.794
2025-08-01 19:30:00,1087.265
2025-08-01 20:00:00,964.817
2025-08-01 20:30:00,956.727
2025-08-01 21:00:00,878.033
2025-08-01 21:30:00,797.359
2025-08-01 22:00:00,744.568
2025-08-01 22:30:00,627.915
2025-08-01 23:00:00,651.863
2025-08-01 23:30:00,530.279
2025-08-02 00:00:00,220.209
2025-08-02 00:30:00,159.299
2025-08-02 01:00:00,178.234
2025-08-02 01:30:00,239.415
2025-08-02 02:00:00,195.01
2025-08-02 02:30:00,222.577
2025-08-02 03:00:00,207.583
2025-08-02 03:30:00,199.171
2025-08-02 04:00:00,236.115
2025-08-02 04:30:00,196.465
2025-08-02 05:00:00,158.437
2025-08-02 05:30:00,183.763
2025-08-02 06:00:00,218.971
2025-08-02 06:30:00,217.076
2025-08-02 07:00:00,170.908
2025-08-02 07:30:00,196.083
2025-08-02 08:00:00,205.342
2025-08-02 08:30:00,218.464
2025-08-02 09:00:00,203.418
2025-08-02 09:30:00,235.314
2025-08-02 10:00:00,249.477
2025-08-02 10:30:00,307.506
2025-08-02 11:00:00,333.083
2025-08-02 11:30:00,338.013
2025-08-02 12:00:00,364.615
2025-08-02 12:30:00,414.103
2025-08-02 13:00:00,428.943
2025-08-02 13:30:00,460.803
2025-08-02 14:00:00,505.95
2025-08-02 14:30:00,551.723
2025-08-02 15:00:00,572.985
2025-08-02 15:30:00,635.17
2025-08-02 16:00:00,671.39
2025-08-02 16:30:00,627.225
2025-08-02 17:00:00,672.208
2025-08-02 17:30:00,661.404
2025-08-02 18:00:00,661.685
2025-08-02 18:30:00,630.795
2025-08-02 19:00:00,565.732
2025-08-02 19:30:00,536.033
2025-08-02 20:00:00,530.191
2025-08-02 20:30:00,515.193
2025-08-02 21:00:00,394.003
2025-08-02 21:30:00,419.248
2025-08-02 22:00:00,404.157
2025-08-02 22:30:00,337.833
2025-08-02 23:00:00,326.61
2025-08-02 23:30:00,270.641
2025-08-03 00:00:00,198.494
2025-08-03 00:30:00,160.96
2025-08-03 01:00:00,142.882
2025-08-03 01:30:00,225.075
2025-08-03 02:00:00,176.907
2025-08-03 02:30:00,190.19
2025-08-03 03:00:00,166.998
2025-08-03 03:30:00,166.546
2025-08-03 04:00:00,197.673
2025-08-03 04:30:00,184.142
2025-08-03 05:00:00,212.405
2025-08-03 05:30:00,215.158
2025-08-03 06:00:00,213.212
2025-08-03 06:30:00,213.153
2025-08-03 07:00:00,249.528
2025-08-03 07:30:00,187.501
2025-08-03 08:00:00,218.512
2025-08-03 08:30:00,255.918
2025-08-03 09:00:00,269.429
2025-08-03 09:30:00,215.479
2025-08-03 10:00:00,259.884
2025-08-03 10:30:00,322.171
2025-08-03 11:00:00,325.557
2025-08-03 11:30:00,346.54
2025-08-03 12:00:00,368.974
2025-08-03 12:30:00,401.009
2025-08-03 13:00:00,456.563
2025-08-03 13:30:00,483.164
2025-08-03 14:00:00,528.391
2025-08-03 14:30:00,569.558
2025-08-03 15:00:00,585.12
2025-08-03 15:30:00,644.422
2025-08-03 16:00:00,726.003
2025-08-03 16:30:00,622.478
2025-08-03 17:00:00,679.68
2025-08-03 17:30:00,647.898
2025-08-03 18:00:00,667.582
2025-08-03 18:30:00,632.282
2025-08-03 19:00:00,621.118
2025-08-03 19:30:00,596.981
2025-08-03 20:00:00,534.266
2025-08-03 20:30:00,517.775
2025-08-03 21:00:00,390.75
2025-08-03 21:30:00,450.366
2025-08-03 22:00:00,383.793
2025-08-03 22:30:00,368.604
2025-08-03 23:00:00,282.358
2025-08-03 23:30:00,267.448
2025-08-04 00:00:00,391.107
2025-08-04 00:30:00,387.041
2025-08-04 01:00:00,394.559
2025-08-04 01:30:00,414.623
2025-08-04 02:00:00,343.431
2025-08-04 02:30:00,411.997
2025-08-04 03:00:00,388.013
2025-08-04 03:30:00,382.972
2025-08-04 04:00:00,351.72
2025-08-04 04:30:00,401.771
2025-08-04 05:00:00,329.946
2025-08-04 05:30:00,408.218
2025-08-04 06:00:00,357.296
2025-08-04 06:30:00,399.775
2025-08-04 07:00:00,401.029
2025-08-04 07:30:00,441.145
2025-08-04 08:00:00,418.39
2025-08-04 08:30:00,420.34
2025-08-04 09:00:00,444.672
2025-08-04 09:30:00,514.558
2025-08-04 10:00:00,528.2
2025-08-04 10:30:00,544.624
2025-08-04 11:00:00,595.733
2025-08-04 11:30:00,617.856
2025-08-04 12:00:00,729.743
2025-08-04 12:30:00,745.629
2025-08-04 13:00:00,882.944
2025-08-04 13:30:00,944.51
2025-08-04 14:00:00,1077.858
2025-08-04 14:30:00,1064.021
2025-08-04 15:00:00,1155.264
2025-08-04 15:30:00,1258.647
2025-08-04 16:00:00,1285.836
2025-08-04 16:30:00,1265.099
2025-08-04 17:00:00,1297.099
2025-08-04 17:30:00,1282.555
2025-08-04 18:00:00,1263.101
2025-08-04 18:30:00,1196.222
2025-08-04 19:00:00,1155.598
2025-08-04 19:30:00,1051.574
2025-08-04 20:00:00,1021.562
2025-08-04 20:30:00,952.545
2025-08-04 21:00:00,858.463
2025-08-04 21:30:00,749.248
2025-08-04 22:00:00,744.745
2025-08-04 22:30:00,666.148
2025-08-04 23:00:00,583.494
2025-08-04 23:30:00,547.25
2025-08-05 00:00:00,349.942
2025-08-05 00:30:00,361.832
2025-08-05 01:00:00,374.037
2025-08-05 01:30:00,418.221
2025-08-05 02:00:00,371.574
2025-08-05 02:30:00,403.657
2025-08-05 03:00:00,374.348
2025-08-05 03:30:00,394.266
2025-08-05 04:00:00,384.963
2025-08-05 04:30:00,411.022
2025-08-05 05:00:00,376.928
2025-08-05 05:30:00,352.695
2025-08-05 06:00:00,360.05
2025-08-05 06:30:00,385.142
2025-08-05 07:00:00,372.782
2025-08-05 07:30:00,422.162
2025-08-05 08:00:00,411.212
2025-08-05 08:30:00,497.059
2025-08-05 09:00:00,413.894
2025-08-05 09:30:00,487.827
2025-08-05 10:00:00,486.594
2025-08-05 10:30:00,541.93
2025-08-05 11:00:00,605.18
2025-08-05 11:30:00,598.901
2025-08-05 12:00:00,725.952
2025-08-05 12:30:00,837.197
2025-08-05 13:00:00,852.813
2025-08-05 13:30:00,947.79
2025-08-05 14:00:00,1043.807
2025-08-05 14:30:00,1087.426
2025-08-05 15:00:00,1143.307
2025-08-05 15:30:00,1156.796
2025-08-05 16:00:00,1272.076
2025-08-05 16:30:00,1279.675
2025-08-05 17:00:00,1266.183
2025-08-05 17:30:00,1285.669
2025-08-05 18:00:00,1241.46
2025-08-05 18:30:00,1200.479
2025-08-05 19:00:00,1172.988
2025-08-05 19:30:00,1058.065
2025-08-05 20:00:00,1044.367
2025-08-05 20:30:00,906.353
2025-08-05 21:00:00,847.581
2025-08-05 21:30:00,837.698
2025-08-05 22:00:00,748.215
2025-08-05 22:30:00,659.475
2025-08-05 23:00:00,578.131
2025-08-05 23:30:00,541.033
2025-08-06 00:00:00,389.291
2025-08-06 00:30:00,388.405
2025-08-06 01:00:00,385.211
2025-08-06 01:30:00,386.74
2025-08-06 02:00:00,382.202
2025-08-06 02:30:00,351.602
2025-08-06 03:00:00,374.893
2025-08-06 03:30:00,410.932
2025-08-06 04:00:00,354.29
2025-08-06 04:30:00,384.456
2025-08-06 05:00:00,369.805
2025-08-06 05:30:00,394.792
2025-08-06 06:00:00,384.883
2025-08-06 06:30:00,435.374
2025-08-06 07:00:00,416.673
2025-08-06 07:30:00,379.111
2025-08-06 08:00:00,439.637
2025-08-06 08:30:00,418.327
2025-08-06 09:00:00,442.912
2025-08-06 09:30:00,490.582
2025-08-06 10:00:00,502.499
2025-08-06 10:30:00,576.586
2025-08-06 11:00:00,582.282
2025-08-06 11:30:00,641.562
2025-08-06 12:00:00,703.622
2025-08-06 12:30:00,775.483
2025-08-06 13:00:00,891.629
2025-08-06 13:30:00,957.015
2025-08-06 14:00:00,1060.933
2025-08-06 14:30:00,1148.216
2025-08-06 15:00:00,1132.063
2025-08-06 15:30:00,1215.45
2025-08-06 16:00:00,1226.647
2025-08-06 16:30:00,1263.064
2025-08-06 17:00:00,1275.748
2025-08-06 17:30:00,1256.076
2025-08-06 18:00:00,1229.755
2025-08-06 18:30:00,1210.082
2025-08-06 19:00:00,1127.413
2025-08-06 19:30:00,1112.578
2025-08-06 20:00:00,995.24
2025-08-06 20:30:00,1011.534
2025-08-06 21:00:00,852.864
2025-08-06 21:30:00,791.424
2025-08-06 22:00:00,687.648
2025-08-06 22:30:00,699.688
2025-08-06 23:00:00,629.632
2025-08-06 23:30:00,561.688
2025-08-07 00:00:00,353.789
2025-08-07 00:30:00,392.734
2025-08-07 01:00:00,359.447
2025-08-07 01:30:00,424.07
2025-08-07 02:00:00,407.791
2025-08-07 02:30:00,390.037
2025-08-07 03:00:00,326.897
2025-08-07 03:30:00,363.481
2025-08-07 04:00:00,405.692
2025-08-07 04:30:00,419.517
2025-08-07 05:00:00,418.028
2025-08-07 05:30:00,352.208
2025-08-07 06:00:00,402.137
2025-08-07 06:30:00,423.827
2025-08-07 07:00:00,362.55
2025-08-07 07:30:00,411.709
2025-08-07 08:00:00,429.702
2025-08-07 08:30:00,430.175
2025-08-07 09:00:00,411.033
2025-08-07 09:30:00,474.594
2025-08-07 10:00:00,506.61
2025-08-07 10:30:00,550.563
2025-08-07 11:00:00,587.558
2025-08-07 11:30:00,645.96
2025-08-07 12:00:00,719.039
2025-08-07 12:30:00,800.685
2025-08-07 13:00:00,856.538
2025-08-07 13:30:00,931.054
2025-08-07 14:00:00,1020.493
2025-08-07 14:30:00,1043.502
2025-08-07 15:00:00,1169.756
2025-08-07 15:30:00,1213.675
2025-08-07 16:00:00,1257.044
2025-08-07 16:30:00,1306.523
2025-08-07 17:00:00,1242.68
2025-08-07 17:30:00,1233.159
2025-08-07 18:00:00,1262.897
2025-08-07 18:30:00,1213.512
2025-08-07 19:00:00,1162.085
2025-08-07 19:30:00,1079.972
2025-08-07 20:00:00,1034.793
2025-08-07 20:30:00,964.611
2025-08-07 21:00:00,876.248
2025-08-07 21:30:00,783.103
2025-08-07 22:00:00,667.339
2025-08-07 22:30:00,676.266
2025-08-07 23:00:00,632.188
2025-08-07 23:30:00,570.379
2025-08-08 00:00:00,365.468
2025-08-08 00:30:00,404.312
2025-08-08 01:00:00,408.996
2025-08-08 01:30:00,426.481
2025-08-08 02:00:00,365.659
2025-08-08 02:30:00,381.99
2025-08-08 03:00:00,406.488
2025-08-08 03:30:00,389.502
2025-08-08 04:00:00,360.565
2025-08-08 04:30:00,399.561
2025-08-08 05:00:00,404.765
2025-08-08 05:30:00,394.207
2025-08-08 06:00:00,400.088
2025-08-08 06:30:00,391.971
2025-08-08 07:00:00,440.965
2025-08-08 07:30:00,389.389
2025-08-08 08:00:00,408.173
2025-08-08 08:30:00,437.968
2025-08-08 09:00:00,479.311
2025-08-08 09:30:00,445.302
2025-08-08 10:00:00,482.036
2025-08-08 10:30:00,503.322
2025-08-08 11:00:00,602.462
2025-08-08 11:30:00,629.078
2025-08-08 12:00:00,710.418
2025-08-08 12:30:00,806.158
2025-08-08 13:00:00,848.11
2025-08-08 13:30:00,947.077
2025-08-08 14:00:00,1010.701
2025-08-08 14:30:00,1108.328
2025-08-08 15:00:00,1169.709
2025-08-08 15:30:00,1196.391
2025-08-08 16:00:00,1251.835
2025-08-08 16:30:00,1308.598
2025-08-08 17:00:00,1301.334
2025-08-08 17:30:00,1247.581
2025-08-08 18:00:00,1272.442
2025-08-08 18:30:00,1186.574
2025-08-08 19:00:00,1193.143
2025-08-08 19:30:00,1117.127
2025-08-08 20:00:00,1025.431
2025-08-08 20:30:00,945.226
2025-08-08 21:00:00,858.923
2025-08-08 21:30:00,806.587
2025-08-08 22:00:00,710.762
2025-08-08 22:30:00,662.924
2025-08-08 23:00:00,623.443
2025-08-08 23:30:00,540.22
2025-08-09 00:00:00,186.074
2025-08-09 00:30:00,171.624
2025-08-09 01:00:00,174.879
2025-08-09 01:30:00,155.796
2025-08-09 02:00:00,219.778
2025-08-09 02:30:00,246.802
2025-08-09 03:00:00,237.292
2025-08-09 03:30:00,161.143
2025-08-09 04:00:00,220.14
2025-08-09 04:30:00,237.934
2025-08-09 05:00:00,191.535
2025-08-09 05:30:00,206.38
2025-08-09 06:00:00,154.994
2025-08-09 06:30:00,213.857
2025-08-09 07:00:00,183.495
2025-08-09 07:30:00,219.182
2025-08-09 08:00:00,180.855
2025-08-09 08:30:00,241.172
2025-08-09 09:00:00,263.428
2025-08-09 09:30:00,231.443
2025-08-09 10:00:00,239.269
2025-08-09 10:30:00,234.317
2025-08-09 11:00:00,306.195
2025-08-09 11:30:00,327.118
2025-08-09 12:00:00,335.641
2025-08-09 12:30:00,421.93
2025-08-09 13:00:00,438.108
2025-08-09 13:30:00,462.58
2025-08-09 14:00:00,515.592
2025-08-09 14:30:00,594.376
2025-08-09 15:00:00,617.145
2025-08-09 15:30:00,627.868
2025-08-09 16:00:00,668.625
2025-08-09 16:30:00,637.88
2025-08-09 17:00:00,672.389
2025-08-09 17:30:00,670.585
2025-08-09 18:00:00,641.401
2025-08-09 18:30:00,642.005
2025-08-09 19:00:00,582.561
2025-08-09 19:30:00,580.338
2025-08-09 20:00:00,543.252
2025-08-09 20:30:00,416.544
2025-08-09 21:00:00,479.115
2025-08-09 21:30:00,334.414
2025-08-09 22:00:00,359.015
2025-08-09 22:30:00,367.292
2025-08-09 23:00:00,304.923
2025-08-09 23:30:00,251.563
2025-08-10 00:00:00,174.135
2025-08-10 00:30:00,227.155
2025-08-10 01:00:00,153.453
2025-08-10 01:30:00,229.73
2025-08-10 02:00:00,200.154
2025-08-10 02:30:00,171.769
2025-08-10 03:00:00,187.081
2025-08-10 03:30:00,176.364
2025-08-10 04:00:00,223.675
2025-08-10 04:30:00,220.692
2025-08-10 05:00:00,159.976
2025-08-10 05:30:00,193.754
2025-08-10 06:00:00,183.612
2025-08-10 06:30:00,239.526
2025-08-10 07:00:00,176.332
2025-08-10 07:30:00,254.297
2025-08-10 08:00:00,219.053
2025-08-10 08:30:00,198.552
2025-08-10 09:00:00,220.884
2025-08-10 09:30:00,230.982
2025-08-10 10:00:00,235.827
2025-08-10 10:30:00,290.588
2025-08-10 11:00:00,282.157
2025-08-10 11:30:00,287.149
2025-08-10 12:00:00,364.924
2025-08-10 12:30:00,365.533
2025-08-10 13:00:00,430.553
2025-08-10 13:30:00,466.746
2025-08-10 14:00:00,507.675
2025-08-10 14:30:00,617.617
2025-08-10 15:00:00,603.482
2025-08-10 15:30:00,637.253
2025-08-10 16:00:00,608.737
2025-08-10 16:30:00,650.553
2025-08-10 17:00:00,676.963
2025-08-10 17:30:00,641.289
2025-08-10 18:00:00,675.848
2025-08-10 18:30:00,601.051
2025-08-10 19:00:00,594.913
2025-08-10 19:30:00,552.942
2025-08-10 20:00:00,533.564
2025-08-10 20:30:00,473.461
2025-08-10 21:00:00,442.585
2025-08-10 21:30:00,404.701
2025-08-10 22:00:00,356.057
2025-08-10 22:30:00,353.786
2025-08-10 23:00:00,318.815
2025-08-10 23:30:00,286.002
2025-08-11 00:00:00,376.697
2025-08-11 00:30:00,407.38
2025-08-11 01:00:00,381.586
2025-08-11 01:30:00,379.843
2025-08-11 02:00:00,390.179
2025-08-11 02:30:00,430.066
2025-08-11 03:00:00,354.297
2025-08-11 03:30:00,407.313
2025-08-11 04:00:00,341.169
2025-08-11 04:30:00,394.627
2025-08-11 05:00:00,429.676
2025-08-11 05:30:00,404.225
2025-08-11 06:00:00,398.864
2025-08-11 06:30:00,384.428
2025-08-11 07:00:00,404.784
2025-08-11 07:30:00,405.605
2025-08-11 08:00:00,403.207
2025-08-11 08:30:00,430.447
2025-08-11 09:00:00,462.297
2025-08-11 09:30:00,463.556
2025-08-11 10:00:00,494.636
2025-08-11 10:30:00,520.259
2025-08-11 11:00:00,611.413
2025-08-11 11:30:00,670.668
2025-08-11 12:00:00,725.823
2025-08-11 12:30:00,813.753
2025-08-11 13:00:00,866.345
2025-08-11 13:30:00,951.095
2025-08-11 14:00:00,1025.78
2025-08-11 14:30:00,1089.236
2025-08-11 15:00:00,1144.56
2025-08-11 15:30:00,1269.043
2025-08-11 16:00:00,1244.753
2025-08-11 16:30:00,1265.858
2025-08-11 17:00:00,1302.35
2025-08-11 17:30:00,1288.801
2025-08-11 18:00:00,1220.932
2025-08-11 18:30:00,1241.756
2025-08-11 19:00:00,1155.476
2025-08-11 19:30:00,1063.752
2025-08-11 20:00:00,1047.904
2025-08-11 20:30:00,956.937
2025-08-11 21:00:00,832.535
2025-08-11 21:30:00,834.054
2025-08-11 22:00:00,736.501
2025-08-11 22:30:00,656.78
2025-08-11 23:00:00,641.4
2025-08-11 23:30:00,558.247
2025-08-12 00:00:00,386.757
2025-08-12 00:30:00,370.959
2025-08-12 01:00:00,402.029
2025-08-12 01:30:00,399.426
2025-08-12 02:00:00,387.929
2025-08-12 02:30:00,367.902
2025-08-12 03:00:00,391.054
2025-08-12 03:30:00,386.322
2025-08-12 04:00:00,355.161
2025-08-12 04:30:00,352.4
2025-08-12 05:00:00,404.428
2025-08-12 05:30:00,326.961
2025-08-12 06:00:00,399.734
2025-08-12 06:30:00,386.487
2025-08-12 07:00:00,436.714
2025-08-12 07:30:00,399.57
2025-08-12 08:00:00,439.343
2025-08-12 08:30:00,427.771
2025-08-12 09:00:00,460.181
2025-08-12 09:30:00,501.157
2025-08-12 10:00:00,503.229
2025-08-12 10:30:00,579.179
2025-08-12 11:00:00,576.802
2025-08-12 11:30:00,664.4
2025-08-12 12:00:00,743.097
2025-08-12 12:30:00,806.125
2025-08-12 13:00:00,912.06
2025-08-12 13:30:00,922.209
2025-08-12 14:00:00,983.706
2025-08-12 14:30:00,1066.666
2025-08-12 15:00:00,1174.342
2025-08-12 15:30:00,1226.138
2025-08-12 16:00:00,1258.608
2025-08-12 16:30:00,1254.431
2025-08-12 17:00:00,1310.672
2025-08-12 17:30:00,1251.887
2025-08-12 18:00:00,1285.025
2025-08-12 18:30:00,1285.125
2025-08-12 19:00:00,1166.992
2025-08-12 19:30:00,1106.103
2025-08-12 20:00:00,1005.863
2025-08-12 20:30:00,896.04
2025-08-12 21:00:00,849.081
2025-08-12 21:30:00,762.302
2025-08-12 22:00:00,683.856
2025-08-12 22:30:00,700.094
2025-08-12 23:00:00,608.466
2025-08-12 23:30:00,563.757
2025-08-13 00:00:00,379.733
2025-08-13 00:30:00,383.145
2025-08-13 01:00:00,411.596
2025-08-13 01:30:00,386.702
2025-08-13 02:00:00,400.829
2025-08-13 02:30:00,382.751
2025-08-13 03:00:00,379.252
2025-08-13 03:30:00,352.894
2025-08-13 04:00:00,339.054
2025-08-13 04:30:00,382.656
2025-08-13 05:00:00,391.711
2025-08-13 05:30:00,359.855
2025-08-13 06:00:00,393.737
2025-08-13 06:30:00,399.783
2025-08-13 07:00:00,350.108
2025-08-13 07:30:00,389.028
2025-08-13 08:00:00,433.038
2025-08-13 08:30:00,447.37
2025-08-13 09:00:00,428.495
2025-08-13 09:30:00,486.697
2025-08-13 10:00:00,540.353
2025-08-13 10:30:00,573.692
2025-08-13 11:00:00,599.262
2025-08-13 11:30:00,645.336
2025-08-13 12:00:00,704.298
2025-08-13 12:30:00,801.319
2025-08-13 13:00:00,869.026
2025-08-13 13:30:00,957.03
2025-08-13 14:00:00,1021.481
2025-08-13 14:30:00,1111.994
2025-08-13 15:00:00,1160.195
2025-08-13 15:30:00,1233.307
2025-08-13 16:00:00,1277.822
2025-08-13 16:30:00,1262.391
2025-08-13 17:00:00,1246.296
2025-08-13 17:30:00,1321.092
2025-08-13 18:00:00,1262.468
2025-08-13 18:30:00,1170.827
2025-08-13 19:00:00,1139.985
2025-08-13 19:30:00,1110.822
2025-08-13 20:00:00,1011.192
2025-08-13 20:30:00,928.493
2025-08-13 21:00:00,899.171
2025-08-13 21:30:00,763.442
2025-08-13 22:00:00,700.078
2025-08-13 22:30:00,662.32
2025-08-13 23:00:00,611.406
2025-08-13 23:30:00,566.673
2025-08-14 00:00:00,410.24
2025-08-14 00:30:00,392.431
2025-08-14 01:00:00,399.717
2025-08-14 01:30:00,381.03
2025-08-14 02:00:00,389.129
2025-08-14 02:30:00,390.34
2025-08-14 03:00:00,393.183
2025-08-14 03:30:00,407.38
2025-08-14 04:00:00,402.377
2025-08-14 04:30:00,390.301
2025-08-14 05:00:00,370.071
2025-08-14 05:30:00,393.7
2025-08-14 06:00:00,393.898
2025-08-14 06:30:00,403.268
2025-08-14 07:00:00,459.171
2025-08-14 07:30:00,398.812
2025-08-14 08:00:00,433.413
2025-08-14 08:30:00,464.405
2025-08-14 09:00:00,459.787
2025-08-14 09:30:00,541.182
2025-08-14 10:00:00,505.342
2025-08-14 10:30:00,562.367
2025-08-14 11:00:00,581.674
2025-08-14 11:30:00,648.247
2025-08-14 12:00:00,726.255
2025-08-14 12:30:00,810.782
2025-08-14 13:00:00,872.126
2025-08-14 13:30:00,972.773
2025-08-14 14:00:00,1015.81
2025-08-14 14:30:00,1083.221
2025-08-14 15:00:00,1225.43
2025-08-14 15:30:00,1223.545
2025-08-14 16:00:00,1238.065
2025-08-14 16:30:00,1265.148
2025-08-14 17:00:00,1267.933
2025-08-14 17:30:00,1305.919
2025-08-14 18:00:00,1246.942
2025-08-14 18:30:00,1216.874
2025-08-14 19:00:00,1156.243
2025-08-14 19:30:00,1109.812
2025-08-14 20:00:00,997.016
2025-08-14 20:30:00,914.406
2025-08-14 21:00:00,869.756
2025-08-14 21:30:00,804.648
2025-08-14 22:00:00,728.345
2025-08-14 22:30:00,636.799
2025-08-14 23:00:00,618.582
2025-08-14 23:30:00,535.668
2025-08-15 00:00:00,374.42
2025-08-15 00:30:00,363.868
2025-08-15 01:00:00,420.011
2025-08-15 01:30:00,403.346
2025-08-15 02:00:00,402.686
2025-08-15 02:30:00,418.832
2025-08-15 03:00:00,458.122
2025-08-15 03:30:00,345.336
2025-08-15 04:00:00,370.039
2025-08-15 04:30:00,373.791
2025-08-15 05:00:00,369.028
2025-08-15 05:30:00,365.068
2025-08-15 06:00:00,387.107
2025-08-15 06:30:00,368.024
2025-08-15 07:00:00,412.384
2025-08-15 07:30:00,413.199
2025-08-15 08:00:00,434.882
2025-08-15 08:30:00,450.387
2025-08-15 09:00:00,472.413
2025-08-15 09:30:00,473.401
2025-08-15 10:00:00,567.822
2025-08-15 10:30:00,560.126
2025-08-15 11:00:00,555.082
2025-08-15 11:30:00,631.976
2025-08-15 12:00:00,676.519
2025-08-15 12:30:00,790.057
2025-08-15 13:00:00,861.104
2025-08-15 13:30:00,929.584
2025-08-15 14:00:00,1068.457
2025-08-15 14:30:00,1105.249
2025-08-15 15:00:00,1175.983
2025-08-15 15:30:00,1190.413
2025-08-15 16:00:00,1231.073
2025-08-15 16:30:00,1283.425
2025-08-15 17:00:00,1295.825
2025-08-15 17:30:00,1236.097
2025-08-15 18:00:00,1251.544
2025-08-15 18:30:00,1214.041
2025-08-15 19:00:00,1152.452
2025-08-15 19:30:00,1071.19
2025-08-15 20:00:00,1004.696
2025-08-15 20:30:00,936.873
2025-08-15 21:00:00,866.419
2025-08-15 21:30:00,804.744
2025-08-15 22:00:00,747.053
2025-08-15 22:30:00,649.677
2025-08-15 23:00:00,590.241
2025-08-15 23:30:00,565.206
2025-08-16 00:00:00,216.75
2025-08-16 00:30:00,190.628
2025-08-16 01:00:00,221.251
2025-08-16 01:30:00,225.995
2025-08-16 02:00:00,233.824
2025-08-16 02:30:00,246.037
2025-08-16 03:00:00,179.999
2025-08-16 03:30:00,202.142
2025-08-16 04:00:00,202.301
2025-08-16 04:30:00,199.93
2025-08-16 05:00:00,186.724
2025-08-16 05:30:00,166.705
2025-08-16 06:00:00,207.508
2025-08-16 06:30:00,187.979
2025-08-16 07:00:00,212.234
2025-08-16 07:30:00,194.34
2025-08-16 08:00:00,192.394
2025-08-16 08:30:00,233.458
2025-08-16 09:00:00,241.588
2025-08-16 09:30:00,265.505
2025-08-16 10:00:00,322.339
2025-08-16 10:30:00,295.15
2025-08-16 11:00:00,324.982
2025-08-16 11:30:00,314.719
2025-08-16 12:00:00,342.244
2025-08-16 12:30:00,450.175
2025-08-16 13:00:00,426.27
2025-08-16 13:30:00,463.375
2025-08-16 14:00:00,528.478
2025-08-16 14:30:00,565.338
2025-08-16 15:00:00,579.509
2025-08-16 15:30:00,623.494
2025-08-16 16:00:00,683.881
2025-08-16 16:30:00,646.753
2025-08-16 17:00:00,636.738
2025-08-16 17:30:00,690.467
2025-08-16 18:00:00,665.454
2025-08-16 18:30:00,615.606
2025-08-16 19:00:00,562.518
2025-08-16 19:30:00,548.977
2025-08-16 20:00:00,528.088
2025-08-16 20:30:00,518.615
2025-08-16 21:00:00,423.443
2025-08-16 21:30:00,408.491
2025-08-16 22:00:00,391.295
2025-08-16 22:30:00,282.127
2025-08-16 23:00:00,338.7
2025-08-16 23:30:00,258.656
2025-08-17 00:00:00,209.778
2025-08-17 00:30:00,207.65
2025-08-17 01:00:00,228.605
2025-08-17 01:30:00,215.279
2025-08-17 02:00:00,142.1
2025-08-17 02:30:00,181.959
2025-08-17 03:00:00,205.114
2025-08-17 03:30:00,196.92
2025-08-17 04:00:00,213.959
2025-08-17 04:30:00,222.116
2025-08-17 05:00:00,218.167
2025-08-17 05:30:00,198.487
2025-08-17 06:00:00,159.033
2025-08-17 06:30:00,195.801
2025-08-17 07:00:00,220.493
2025-08-17 07:30:00,186.93
2025-08-17 08:00:00,235.667
2025-08-17 08:30:00,250.311
2025-08-17 09:00:00,240.987
2025-08-17 09:30:00,174.428
2025-08-17 10:00:00,235.74
2025-08-17 10:30:00,335.372
2025-08-17 11:00:00,299.192
2025-08-17 11:30:00,292.055
2025-08-17 12:00:00,405.298
2025-08-17 12:30:00,410.938
2025-08-17 13:00:00,476.981
2025-08-17 13:30:00,496.397
2025-08-17 14:00:00,540.92
2025-08-17 14:30:00,576.668
2025-08-17 15:00:00,619.509
2025-08-17 15:30:00,688.054
2025-08-17 16:00:00,677.422
2025-08-17 16:30:00,627.394
2025-08-17 17:00:00,682.747
2025-08-17 17:30:00,695.439
2025-08-17 18:00:00,683.214
2025-08-17 18:30:00,620.453
2025-08-17 19:00:00,631.196
2025-08-17 19:30:00,590.786
2025-08-17 20:00:00,593.769
2025-08-17 20:30:00,470.723
2025-08-17 21:00:00,436.672
2025-08-17 21:30:00,402.951
2025-08-17 22:00:00,362.161
2025-08-17 22:30:00,319.408
2025-08-17 23:00:00,243.788
2025-08-17 23:30:00,277.35
2025-08-18 00:00:00,396.693
2025-08-18 00:30:00,375.136
2025-08-18 01:00:00,435.867
2025-08-18 01:30:00,387.845
2025-08-18 02:00:00,419.837
2025-08-18 02:30:00,394.187
2025-08-18 03:00:00,408.466
2025-08-18 03:30:00,395.048
2025-08-18 04:00:00,422.718
2025-08-18 04:30:00,390.594
2025-08-18 05:00:00,402.702
2025-08-18 05:30:00,401.166
2025-08-18 06:00:00,387.391
2025-08-18 06:30:00,408.563
2025-08-18 07:00:00,459.868
2025-08-18 07:30:00,405.146
2025-08-18 08:00:00,433.343
2025-08-18 08:30:00,469.138
2025-08-18 09:00:00,485.844
2025-08-18 09:30:00,483.029
2025-08-18 10:00:00,455.208
2025-08-18 10:30:00,567.182
2025-08-18 11:00:00,546.158
2025-08-18 11:30:00,693.784
2025-08-18 12:00:00,724.268
2025-08-18 12:30:00,814.616
2025-08-18 13:00:00,841.596
2025-08-18 13:30:00,902.482
2025-08-18 14:00:00,1024.703
2025-08-18 14:30:00,1090.685
2025-08-18 15:00:00,1145.542
2025-08-18 15:30:00,1215.806
2025-08-18 16:00:00,1325.238
2025-08-18 16:30:00,1303.368
2025-08-18 17:00:00,1317.737
2025-08-18 17:30:00,1303.603
2025-08-18 18:00:00,1293.038
2025-08-18 18:30:00,1208.938
2025-08-18 19:00:00,1106.462
2025-08-18 19:30:00,1086.81
2025-08-18 20:00:00,1038.478
2025-08-18 20:30:00,917.05
2025-08-18 21:00:00,859.74
2025-08-18 21:30:00,772.33
2025-08-18 22:00:00,757.582
2025-08-18 22:30:00,675.772
2025-08-18 23:00:00,617.933
2025-08-18 23:30:00,569.805
2025-08-19 00:00:00,386.527
2025-08-19 00:30:00,392.406
2025-08-19 01:00:00,357.853
2025-08-19 01:30:00,332.85
2025-08-19 02:00:00,391.314
2025-08-19 02:30:00,395.751
2025-08-19 03:00:00,418.038
2025-08-19 03:30:00,427.35
2025-08-19 04:00:00,427.748
2025-08-19 04:30:00,364.245
2025-08-19 05:00:00,381.492
2025-08-19 05:30:00,404.016
2025-08-19 06:00:00,457.896
2025-08-19 06:30:00,435.441
2025-08-19 07:00:00,431.993
2025-08-19 07:30:00,402.212
2025-08-19 08:00:00,400.776
2025-08-19 08:30:00,457.416
2025-08-19 09:00:00,429.821
2025-08-19 09:30:00,476.775
2025-08-19 10:00:00,511.924
2025-08-19 10:30:00,594.088
2025-08-19 11:00:00,592.777
2025-08-19 11:30:00,596.054
2025-08-19 12:00:00,732.643
2025-08-19 12:30:00,772.148
2025-08-19 13:00:00,865.214
2025-08-19 13:30:00,939.127
2025-08-19 14:00:00,1011.342
2025-08-19 14:30:00,1111.283
2025-08-19 15:00:00,1119.509
2025-08-19 15:30:00,1200.764
2025-08-19 16:00:00,1273.153
2025-08-19 16:30:00,1267.152
2025-08-19 17:00:00,1386.0
2025-08-19 17:30:00,1299.218
2025-08-19 18:00:00,1284.129
2025-08-19 18:30:00,1212.565
2025-08-19 19:00:00,1108.809
2025-08-19 19:30:00,1109.174
2025-08-19 20:00:00,976.687
2025-08-19 20:30:00,949.015
2025-08-19 21:00:00,841.962
2025-08-19 21:30:00,760.628
2025-08-19 22:00:00,708.984
2025-08-19 22:30:00,652.453
2025-08-19 23:00:00,585.539
2025-08-19 23:30:00,568.982
2025-08-20 00:00:00,376.307
2025-08-20 00:30:00,411.972
2025-08-20 01:00:00,394.512
2025-08-20 01:30:00,370.072
2025-08-20 02:00:00,365.913
2025-08-20 02:30:00,346.464
2025-08-20 03:00:00,395.074
2025-08-20 03:30:00,379.202
2025-08-20 04:00:00,329.193
2025-08-20 04:30:00,375.802
2025-08-20 05:00:00,367.773
2025-08-20 05:30:00,431.4
2025-08-20 06:00:00,352.029
2025-08-20 06:30:00,362.405
2025-08-20 07:00:00,431.757
2025-08-20 07:30:00,445.825
2025-08-20 08:00:00,404.232
2025-08-20 08:30:00,421.892
2025-08-20 09:00:00,472.743
2025-08-20 09:30:00,424.559
2025-08-20 10:00:00,468.263
2025-08-20 10:30:00,547.247
2025-08-20 11:00:00,640.392
2025-08-20 11:30:00,646.142
2025-08-20 12:00:00,722.555
2025-08-20 12:30:00,817.969
2025-08-20 13:00:00,916.821
2025-08-20 13:30:00,926.874
2025-08-20 14:00:00,1017.763
2025-08-20 14:30:00,1137.076
2025-08-20 15:00:00,1119.776
2025-08-20 15:30:00,1239.379
2025-08-20 16:00:00,1230.594
2025-08-20 16:30:00,1285.066
2025-08-20 17:00:00,1285.435
2025-08-20 17:30:00,1258.554
2025-08-20 18:00:00,1231.474
2025-08-20 18:30:00,1220.6
2025-08-20 19:00:00,1182.719
2025-08-20 19:30:00,1088.281
2025-08-20 20:00:00,1019.937
2025-08-20 20:30:00,955.574
2025-08-20 21:00:00,839.858
2025-08-20 21:30:00,808.116
2025-08-20 22:00:00,740.515
2025-08-20 22:30:00,722.126
2025-08-20 23:00:00,592.242
2025-08-20 23:30:00,542.813
2025-08-21 00:00:00,406.683
2025-08-21 00:30:00,407.944
2025-08-21 01:00:00,374.105
2025-08-21 01:30:00,377.432
2025-08-21 02:00:00,401.09
2025-08-21 02:30:00,366.962
2025-08-21 03:00:00,377.543
2025-08-21 03:30:00,390.307
2025-08-21 04:00:00,413.396
2025-08-21 04:30:00,374.08
2025-08-21 05:00:00,344.239
2025-08-21 05:30:00,344.093
2025-08-21 06:00:00,363.113
2025-08-21 06:30:00,365.61
2025-08-21 07:00:00,400.143
2025-08-21 07:30:00,382.184
2025-08-21 08:00:00,405.287
2025-08-21 08:30:00,418.342
2025-08-21 09:00:00,446.325
2025-08-21 09:30:00,515.799
2025-08-21 10:00:00,531.342
2025-08-21 10:30:00,554.668
2025-08-21 11:00:00,590.119
2025-08-21 11:30:00,646.204
2025-08-21 12:00:00,728.225
2025-08-21 12:30:00,804.228
2025-08-21 13:00:00,841.458
2025-08-21 13:30:00,942.207
2025-08-21 14:00:00,967.394
2025-08-21 14:30:00,1096.818
2025-08-21 15:00:00,1176.884
2025-08-21 15:30:00,1206.688
2025-08-21 16:00:00,1301.465
2025-08-21 16:30:00,1260.474
2025-08-21 17:00:00,1296.936
2025-08-21 17:30:00,1281.609
2025-08-21 18:00:00,1253.544
2025-08-21 18:30:00,1210.831
2025-08-21 19:00:00,1160.508
2025-08-21 19:30:00,1112.724
2025-08-21 20:00:00,1052.628
2025-08-21 20:30:00,941.239
2025-08-21 21:00:00,884.532
2025-08-21 21:30:00,772.08
2025-08-21 22:00:00,739.18
2025-08-21 22:30:00,637.985
2025-08-21 23:00:00,628.911
2025-08-21 23:30:00,609.531
2025-08-22 00:00:00,384.407
2025-08-22 00:30:00,332.653
2025-08-22 01:00:00,373.78
2025-08-22 01:30:00,418.307
2025-08-22 02:00:00,401.388
2025-08-22 02:30:00,393.874
2025-08-22 03:00:00,413.023
2025-08-22 03:30:00,400.178
2025-08-22 04:00:00,418.941
2025-08-22 04:30:00,412.181
2025-08-22 05:00:00,428.341
2025-08-22 05:30:00,400.978
2025-08-22 06:00:00,417.23
2025-08-22 06:30:00,390.761
2025-08-22 07:00:00,388.972
2025-08-22 07:30:00,454.575
2025-08-22 08:00:00,428.261
2025-08-22 08:30:00,457.816
2025-08-22 09:00:00,460.431
2025-08-22 09:30:00,468.073
2025-08-22 10:00:00,515.068
2025-08-22 10:30:00,590.165
2025-08-22 11:00:00,615.526
2025-08-22 11:30:00,614.248
2025-08-22 12:00:00,714.65
2025-08-22 12:30:00,834.181
2025-08-22 13:00:00,858.804
2025-08-22 13:30:00,896.283
2025-08-22 14:00:00,1065.511
2025-08-22 14:30:00,1108.585
2025-08-22 15:00:00,1156.08
2025-08-22 15:30:00,1204.404
2025-08-22 16:00:00,1283.11
2025-08-22 16:30:00,1268.955
2025-08-22 17:00:00,1320.206
2025-08-22 17:30:00,1296.059
2025-08-22 18:00:00,1262.169
2025-08-22 18:30:00,1217.327
2025-08-22 19:00:00,1153.456
2025-08-22 19:30:00,1117.666
2025-08-22 20:00:00,996.551
2025-08-22 20:30:00,900.747
2025-08-22 21:00:00,879.51
2025-08-22 21:30:00,805.405
2025-08-22 22:00:00,732.037
2025-08-22 22:30:00,667.228
2025-08-22 23:00:00,593.631
2025-08-22 23:30:00,573.952
2025-08-23 00:00:00,200.34
2025-08-23 00:30:00,189.305
2025-08-23 01:00:00,193.694
2025-08-23 01:30:00,252.022
2025-08-23 02:00:00,158.158
2025-08-23 02:30:00,214.073
2025-08-23 03:00:00,159.681
2025-08-23 03:30:00,199.089
2025-08-23 04:00:00,191.178
2025-08-23 04:30:00,150.256
2025-08-23 05:00:00,212.681
2025-08-23 05:30:00,194.343
2025-08-23 06:00:00,152.711
2025-08-23 06:30:00,228.177
2025-08-23 07:00:00,245.959
2025-08-23 07:30:00,251.444
2025-08-23 08:00:00,228.859
2025-08-23 08:30:00,228.752
2025-08-23 09:00:00,271.019
2025-08-23 09:30:00,293.082
2025-08-23 10:00:00,296.032
2025-08-23 10:30:00,264.679
2025-08-23 11:00:00,317.889
2025-08-23 11:30:00,352.646
2025-08-23 12:00:00,329.176
2025-08-23 12:30:00,422.338
2025-08-23 13:00:00,506.182
2025-08-23 13:30:00,505.472
2025-08-23 14:00:00,566.291
2025-08-23 14:30:00,572.166
2025-08-23 15:00:00,600.241
2025-08-23 15:30:00,640.65
2025-08-23 16:00:00,632.751
2025-08-23 16:30:00,642.808
2025-08-23 17:00:00,703.238
2025-08-23 17:30:00,701.211
2025-08-23 18:00:00,628.369
2025-08-23 18:30:00,655.319
2025-08-23 19:00:00,599.898
2025-08-23 19:30:00,576.088
2025-08-23 20:00:00,540.961
2025-08-23 20:30:00,514.332
2025-08-23 21:00:00,451.425
2025-08-23 21:30:00,445.858
2025-08-23 22:00:00,382.152
2025-08-23 22:30:00,357.263
2025-08-23 23:00:00,292.024
2025-08-23 23:30:00,342.184
2025-08-24 00:00:00,213.224
2025-08-24 00:30:00,219.308
2025-08-24 01:00:00,161.286
2025-08-24 01:30:00,180.938
2025-08-24 02:00:00,232.479
2025-08-24 02:30:00,208.751
2025-08-24 03:00:00,153.815
2025-08-24 03:30:00,227.752
2025-08-24 04:00:00,188.424
2025-08-24 04:30:00,237.664
2025-08-24 05:00:00,200.759
2025-08-24 05:30:00,208.962
2025-08-24 06:00:00,234.665
2025-08-24 06:30:00,184.751
2025-08-24 07:00:00,185.263
2025-08-24 07:30:00,209.279
2025-08-24 08:00:00,240.565
2025-08-24 08:30:00,194.329
2025-08-24 09:00:00,196.115
2025-08-24 09:30:00,271.616
2025-08-24 10:00:00,252.618
2025-08-24 10:30:00,278.412
2025-08-24 11:00:00,266.435
2025-08-24 11:30:00,324.684
2025-08-24 12:00:00,374.227
2025-08-24 12:30:00,433.864
2025-08-24 13:00:00,430.077
2025-08-24 13:30:00,530.908
2025-08-24 14:00:00,512.342
2025-08-24 14:30:00,550.516
2025-08-24 15:00:00,640.506
2025-08-24 15:30:00,636.405
2025-08-24 16:00:00,639.346
2025-08-24 16:30:00,663.024
2025-08-24 17:00:00,705.407
2025-08-24 17:30:00,703.557
2025-08-24 18:00:00,632.727
2025-08-24 18:30:00,630.058
2025-08-24 19:00:00,604.326
2025-08-24 19:30:00,542.937
2025-08-24 20:00:00,528.064
2025-08-24 20:30:00,489.606
2025-08-24 21:00:00,477.863
2025-08-24 21:30:00,440.79
2025-08-24 22:00:00,366.186
2025-08-24 22:30:00,336.31
2025-08-24 23:00:00,329.462
2025-08-24 23:30:00,273.588
2025-08-25 00:00:00,402.175
2025-08-25 00:30:00,385.269
2025-08-25 01:00:00,363.247
2025-08-25 01:30:00,363.59
2025-08-25 02:00:00,423.738
2025-08-25 02:30:00,383.741
2025-08-25 03:00:00,428.815
2025-08-25 03:30:00,375.226
2025-08-25 04:00:00,395.778
2025-08-25 04:30:00,449.012
2025-08-25 05:00:00,363.864
2025-08-25 05:30:00,344.563
2025-08-25 06:00:00,426.763
2025-08-25 06:30:00,377.769
2025-08-25 07:00:00,403.491
2025-08-25 07:30:00,397.258
2025-08-25 08:00:00,429.56
2025-08-25 08:30:00,413.93
2025-08-25 09:00:00,452.839
2025-08-25 09:30:00,493.982
2025-08-25 10:00:00,489.585
2025-08-25 10:30:00,536.763
2025-08-25 11:00:00,592.96
2025-08-25 11:30:00,621.315
2025-08-25 12:00:00,709.467
2025-08-25 12:30:00,792.594
2025-08-25 13:00:00,854.16
2025-08-25 13:30:00,934.51
2025-08-25 14:00:00,1017.687
2025-08-25 14:30:00,1075.131
2025-08-25 15:00:00,1175.107
2025-08-25 15:30:00,1249.589
2025-08-25 16:00:00,1244.442
2025-08-25 16:30:00,1294.635
2025-08-25 17:00:00,1285.51
2025-08-25 17:30:00,1291.642
2025-08-25 18:00:00,1295.196
2025-08-25 18:30:00,1226.406
2025-08-25 19:00:00,1113.495
2025-08-25 19:30:00,1102.875
2025-08-25 20:00:00,1049.006
2025-08-25 20:30:00,935.755
2025-08-25 21:00:00,889.04
2025-08-25 21:30:00,772.371
2025-08-25 22:00:00,682.893
2025-08-25 22:30:00,660.564
2025-08-25 23:00:00,557.733
2025-08-25 23:30:00,548.271
2025-08-26 00:00:00,419.63
2025-08-26 00:30:00,339.723
2025-08-26 01:00:00,355.495
2025-08-26 01:30:00,361.71
2025-08-26 02:00:00,385.979
2025-08-26 02:30:00,378.508
2025-08-26 03:00:00,422.784
2025-08-26 03:30:00,411.926
2025-08-26 04:00:00,400.88
2025-08-26 04:30:00,392.836
2025-08-26 05:00:00,400.13
2025-08-26 05:30:00,370.458
2025-08-26 06:00:00,416.029
2025-08-26 06:30:00,370.638
2025-08-26 07:00:00,424.893
2025-08-26 07:30:00,441.56
2025-08-26 08:00:00,428.128
2025-08-26 08:30:00,433.288
2025-08-26 09:00:00,467.345
2025-08-26 09:30:00,411.198
2025-08-26 10:00:00,522.35
2025-08-26 10:30:00,551.431
2025-08-26 11:00:00,600.379
2025-08-26 11:30:00,674.699
2025-08-26 12:00:00,718.162
2025-08-26 12:30:00,761.119
2025-08-26 13:00:00,860.614
2025-08-26 13:30:00,942.984
2025-08-26 14:00:00,1021.058
2025-08-26 14:30:00,1095.573
2025-08-26 15:00:00,1183.815
2025-08-26 15:30:00,1186.539
2025-08-26 16:00:00,1260.444
2025-08-26 16:30:00,1314.753
2025-08-26 17:00:00,1248.135
2025-08-26 17:30:00,1286.996
2025-08-26 18:00:00,1241.417
2025-08-26 18:30:00,1204.422
2025-08-26 19:00:00,1135.21
2025-08-26 19:30:00,1087.286
2025-08-26 20:00:00,1064.216
2025-08-26 20:30:00,909.684
2025-08-26 21:00:00,834.908
2025-08-26 21:30:00,757.076
2025-08-26 22:00:00,763.217
2025-08-26 22:30:00,645.477
2025-08-26 23:00:00,601.004
2025-08-26 23:30:00,544.195
2025-08-27 00:00:00,363.848
2025-08-27 00:30:00,381.588
2025-08-27 01:00:00,448.938
2025-08-27 01:30:00,422.312
2025-08-27 02:00:00,366.238
2025-08-27 02:30:00,403.841
2025-08-27 03:00:00,367.018
2025-08-27 03:30:00,343.658
2025-08-27 04:00:00,413.986
2025-08-27 04:30:00,418.198
2025-08-27 05:00:00,416.45
2025-08-27 05:30:00,380.261
2025-08-27 06:00:00,390.429
2025-08-27 06:30:00,417.183
2025-08-27 07:00:00,413.796
2025-08-27 07:30:00,402.065
2025-08-27 08:00:00,382.379
2025-08-27 08:30:00,440.541
2025-08-27 09:00:00,484.313
2025-08-27 09:30:00,452.796
2025-08-27 10:00:00,530.762
2025-08-27 10:30:00,562.553
2025-08-27 11:00:00,620.398
2025-08-27 11:30:00,678.835
2025-08-27 12:00:00,702.67
2025-08-27 12:30:00,749.2
2025-08-27 13:00:00,850.811
2025-08-27 13:30:00,963.523
2025-08-27 14:00:00,1004.634
2025-08-27 14:30:00,1074.174
2025-08-27 15:00:00,1112.297
2025-08-27 15:30:00,1257.506
2025-08-27 16:00:00,1276.695
2025-08-27 16:30:00,1301.752
2025-08-27 17:00:00,1315.693
2025-08-27 17:30:00,1296.922
2025-08-27 18:00:00,1249.943
2025-08-27 18:30:00,1209.595
2025-08-27 19:00:00,1147.141
2025-08-27 19:30:00,1157.393
2025-08-27 20:00:00,1032.082
2025-08-27 20:30:00,929.7
2025-08-27 21:00:00,875.786
2025-08-27 21:30:00,764.352
2025-08-27 22:00:00,757.644
2025-08-27 22:30:00,640.509
2025-08-27 23:00:00,614.172
2025-08-27 23:30:00,580.914
2025-08-28 00:00:00,397.078
2025-08-28 00:30:00,389.829
2025-08-28 01:00:00,387.752
2025-08-28 01:30:00,386.1
2025-08-28 02:00:00,373.144
2025-08-28 02:30:00,376.414
2025-08-28 03:00:00,424.796
2025-08-28 03:30:00,385.353
2025-08-28 04:00:00,368.853
2025-08-28 04:30:00,376.288
2025-08-28 05:00:00,417.808
2025-08-28 05:30:00,408.898
2025-08-28 06:00:00,408.607
2025-08-28 06:30:00,392.001
2025-08-28 07:00:00,418.342
2025-08-28 07:30:00,395.817
2025-08-28 08:00:00,416.366
2025-08-28 08:30:00,461.939
2025-08-28 09:00:00,479.194
2025-08-28 09:30:00,458.188
2025-08-28 10:00:00,493.405
2025-08-28 10:30:00,556.982
2025-08-28 11:00:00,644.798
2025-08-28 11:30:00,609.146
2025-08-28 12:00:00,726.99
2025-08-28 12:30:00,755.223
2025-08-28 13:00:00,848.29
2025-08-28 13:30:00,932.184
2025-08-28 14:00:00,1007.672
2025-08-28 14:30:00,1078.18
2025-08-28 15:00:00,1158.011
2025-08-28 15:30:00,1200.308
2025-08-28 16:00:00,1219.49
2025-08-28 16:30:00,1302.001
2025-08-28 17:00:00,1310.322
2025-08-28 17:30:00,1303.584
2025-08-28 18:00:00,1217.533
2025-08-28 18:30:00,1221.162
2025-08-28 19:00:00,1174.73
2025-08-28 19:30:00,1065.745
2025-08-28 20:00:00,1018.414
2025-08-28 20:30:00,938.388
2025-08-28 21:00:00,910.202
2025-08-28 21:30:00,837.736
2025-08-28 22:00:00,678.422
2025-08-28 22:30:00,719.383
2025-08-28 23:00:00,578.764
2025-08-28 23:30:00,578.782
2025-08-29 00:00:00,411.721
2025-08-29 00:30:00,362.575
2025-08-29 01:00:00,399.814
2025-08-29 01:30:00,384.822
2025-08-29 02:00:00,401.42
2025-08-29 02:30:00,393.418
2025-08-29 03:00:00,417.714
2025-08-29 03:30:00,389.952
2025-08-29 04:00:00,384.301
2025-08-29 04:30:00,416.597
2025-08-29 05:00:00,404.809
2025-08-29 05:30:00,410.303
2025-08-29 06:00:00,377.984
2025-08-29 06:30:00,372.307
2025-08-29 07:00:00,389.815
2025-08-29 07:30:00,396.386
2025-08-29 08:00:00,442.511
2025-08-29 08:30:00,462.093
2025-08-29 09:00:00,453.459
2025-08-29 09:30:00,518.509
2025-08-29 10:00:00,549.005
2025-08-29 10:30:00,560.35
2025-08-29 11:00:00,581.097
2025-08-29 11:30:00,696.42
2025-08-29 12:00:00,718.506
2025-08-29 12:30:00,792.778
2025-08-29 13:00:00,855.659
2025-08-29 13:30:00,919.05
2025-08-29 14:00:00,981.468
2025-08-29 14:30:00,1107.347
2025-08-29 15:00:00,1138.246
2025-08-29 15:30:00,1290.178
2025-08-29 16:00:00,1228.9
2025-08-29 16:30:00,1251.07
2025-08-29 17:00:00,1304.253
2025-08-29 17:30:00,1320.737
2025-08-29 18:00:00,1257.666
2025-08-29 18:30:00,1227.996
2025-08-29 19:00:00,1111.742
2025-08-29 19:30:00,1074.587
2025-08-29 20:00:00,991.344
2025-08-29 20:30:00,893.919
2025-08-29 21:00:00,867.073
2025-08-29 21:30:00,733.553
2025-08-29 22:00:00,686.977
2025-08-29 22:30:00,643.605
2025-08-29 23:00:00,580.862
2025-08-29 23:30:00,564.175
2025-08-30 00:00:00,209.118
2025-08-30 00:30:00,223.828
2025-08-30 01:00:00,220.3
2025-08-30 01:30:00,230.026
2025-08-30 02:00:00,201.484
2025-08-30 02:30:00,209.165
2025-08-30 03:00:00,214.447
2025-08-30 03:30:00,205.336
2025-08-30 04:00:00,192.089
2025-08-30 04:30:00,194.07
2025-08-30 05:00:00,182.516
2025-08-30 05:30:00,214.385
2025-08-30 06:00:00,202.841
2025-08-30 06:30:00,190.609
2025-08-30 07:00:00,193.528
2025-08-30 07:30:00,183.931
2025-08-30 08:00:00,244.356
2025-08-30 08:30:00,229.566
2025-08-30 09:00:00,216.245
2025-08-30 09:30:00,271.237
2025-08-30 10:00:00,253.681
2025-08-30 10:30:00,253.055
2025-08-30 11:00:00,338.386
2025-08-30 11:30:00,328.231
2025-08-30 12:00:00,364.194
2025-08-30 12:30:00,411.634
2025-08-30 13:00:00,477.922
2025-08-30 13:30:00,489.974
2025-08-30 14:00:00,499.478
2025-08-30 14:30:00,581.19
2025-08-30 15:00:00,589.947
2025-08-30 15:30:00,678.317
2025-08-30 16:00:00,653.119
2025-08-30 16:30:00,611.026
2025-08-30 17:00:00,680.514
2025-08-30 17:30:00,715.517
2025-08-30 18:00:00,692.545
2025-08-30 18:30:00,676.892
2025-08-30 19:00:00,576.578
2025-08-30 19:30:00,590.397
2025-08-30 20:00:00,511.406
2025-08-30 20:30:00,495.081
2025-08-30 21:00:00,417.534
2025-08-30 21:30:00,394.493
2025-08-30 22:00:00,357.51
2025-08-30 22:30:00,364.122
2025-08-30 23:00:00,332.873
2025-08-30 23:30:00,295.138
2025-08-31 00:00:00,167.718
2025-08-31 00:30:00,193.692
2025-08-31 01:00:00,182.838
2025-08-31 01:30:00,223.247
2025-08-31 02:00:00,230.987
2025-08-31 02:30:00,227.988
2025-08-31 03:00:00,182.779
2025-08-31 03:30:00,133.306
2025-08-31 04:00:00,157.845
2025-08-31 04:30:00,237.922
2025-08-31 05:00:00,192.924
2025-08-31 05:30:00,185.076
2025-08-31 06:00:00,246.258
2025-08-31 06:30:00,238.817
2025-08-31 07:00:00,210.696
2025-08-31 07:30:00,206.856
2025-08-31 08:00:00,216.583
2025-08-31 08:30:00,233.28
2025-08-31 09:00:00,277.817
2025-08-31 09:30:00,261.584
2025-08-31 10:00:00,285.843
2025-08-31 10:30:00,317.449
2025-08-31 11:00:00,283.613
2025-08-31 11:30:00,360.53
2025-08-31 12:00:00,367.052
2025-08-31 12:30:00,347.702
2025-08-31 13:00:00,396.153
2025-08-31 13:30:00,464.02
2025-08-31 14:00:00,542.736
2025-08-31 14:30:00,570.438
2025-08-31 15:00:00,606.681
2025-08-31 15:30:00,679.892
2025-08-31 16:00:00,621.42
2025-08-31 16:30:00,666.217
2025-08-31 17:00:00,679.191
2025-08-31 17:30:00,648.496
2025-08-31 18:00:00,653.855
2025-08-31 18:30:00,591.12
2025-08-31 19:00:00,637.32
2025-08-31 19:30:00,550.553
2025-08-31 20:00:00,580.241
2025-08-31 20:30:00,488.661
2025-08-31 21:00:00,475.059
2025-08-31 21:30:00,409.272
2025-08-31 22:00:00,373.648
2025-08-31 22:30:00,327.058
2025-08-31 23:00:00,315.833
2025-08-31 23:30:00,296.168
2025-09-01 00:00:00,358.145
2025-09-01 00:30:00,374.634
2025-09-01 01:00:00,362.523
2025-09-01 01:30:00,435.294
2025-09-01 02:00:00,375.609
2025-09-01 02:30:00,416.571
2025-09-01 03:00:00,373.2
2025-09-01 03:30:00,384.827
2025-09-01 04:00:00,345.731
2025-09-01 04:30:00,368.268
2025-09-01 05:00:00,385.784
2025-09-01 05:30:00,421.837
2025-09-01 06:00:00,390.262
2025-09-01 06:30:00,423.05
2025-09-01 07:00:00,409.905
2025-09-01 07:30:00,442.272
2025-09-01 08:00:00,410.787
2025-09-01 08:30:00,486.484
2025-09-01 09:00:00,433.745
2025-09-01 09:30:00,451.481
2025-09-01 10:00:00,471.645
2025-09-01 10:30:00,598.655
2025-09-01 11:00:00,607.058
2025-09-01 11:30:00,632.222
2025-09-01 12:00:00,733.219
2025-09-01 12:30:00,787.034
2025-09-01 13:00:00,891.653
2025-09-01 13:30:00,879.018
2025-09-01 14:00:00,986.043
2025-09-01 14:30:00,1052.617
2025-09-01 15:00:00,1079.482
2025-09-01 15:30:00,1209.792
2025-09-01 16:00:00,1217.825
2025-09-01 16:30:00,1268.866
2025-09-01 17:00:00,1318.139
2025-09-01 17:30:00,1241.544
2025-09-01 18:00:00,1214.056
2025-09-01 18:30:00,1186.251
2025-09-01 19:00:00,1153.506
2025-09-01 19:30:00,1050.012
2025-09-01 20:00:00,976.903
2025-09-01 20:30:00,944.143
2025-09-01 21:00:00,851.966
2025-09-01 21:30:00,718.724
2025-09-01 22:00:00,671.358
2025-09-01 22:30:00,678.106
2025-09-01 23:00:00,596.62
2025-09-01 23:30:00,521.324
2025-09-02 00:00:00,373.492
2025-09-02 00:30:00,378.091
2025-09-02 01:00:00,396.168
2025-09-02 01:30:00,343.846
2025-09-02 02:00:00,356.829
2025-09-02 02:30:00,384.764
2025-09-02 03:00:00,375.595
2025-09-02 03:30:00,392.641
2025-09-02 04:00:00,348.028
2025-09-02 04:30:00,388.373
2025-09-02 05:00:00,407.811
2025-09-02 05:30:00,394.358
2025-09-02 06:00:00,388.191
2025-09-02 06:30:00,386.06
2025-09-02 07:00:00,373.016
2025-09-02 07:30:00,399.787
2025-09-02 08:00:00,443.755
2025-09-02 08:30:00,423.753
2025-09-02 09:00:00,423.635
2025-09-02 09:30:00,458.336
2025-09-02 10:00:00,506.918
2025-09-02 10:30:00,531.041
2025-09-02 11:00:00,598.705
2025-09-02 11:30:00,653.646
2025-09-02 12:00:00,724.218
2025-09-02 12:30:00,805.431
2025-09-02 13:00:00,867.396
2025-09-02 13:30:00,894.357
2025-09-02 14:00:00,970.088
2025-09-02 14:30:00,1062.286
2025-09-02 15:00:00,1117.545
2025-09-02 15:30:00,1154.826
2025-09-02 16:00:00,1213.543
2025-09-02 16:30:00,1238.512
2025-09-02 17:00:00,1242.349
2025-09-02 17:30:00,1242.48
2025-09-02 18:00:00,1254.046
2025-09-02 18:30:00,1188.265
2025-09-02 19:00:00,1190.62
2025-09-02 19:30:00,1068.442
2025-09-02 20:00:00,985.425
2025-09-02 20:30:00,917.817
2025-09-02 21:00:00,848.912
2025-09-02 21:30:00,780.723
2025-09-02 22:00:00,753.911
2025-09-02 22:30:00,619.442
2025-09-02 23:00:00,608.048
2025-09-02 23:30:00,545.573
2025-09-03 00:00:00,338.475
2025-09-03 00:30:00,397.027
2025-09-03 01:00:00,409.466
2025-09-03 01:30:00,356.373
2025-09-03 02:00:00,377.629
2025-09-03 02:30:00,334.806
2025-09-03 03:00:00,346.62
2025-09-03 03:30:00,404.546
2025-09-03 04:00:00,367.105
2025-09-03 04:30:00,351.725
2025-09-03 05:00:00,386.257
2025-09-03 05:30:00,369.127
2025-09-03 06:00:00,372.942
2025-09-03 06:30:00,406.94
2025-09-03 07:00:00,364.844
2025-09-03 07:30:00,378.953
2025-09-03 08:00:00,416.115
2025-09-03 08:30:00,450.964
2025-09-03 09:00:00,476.834
2025-09-03 09:30:00,454.016
2025-09-03 10:00:00,525.331
2025-09-03 10:30:00,520.776
2025-09-03 11:00:00,632.227
2025-09-03 11:30:00,612.231
2025-09-03 12:00:00,735.205
2025-09-03 12:30:00,753.43
2025-09-03 13:00:00,892.831
2025-09-03 13:30:00,932.496
2025-09-03 14:00:00,967.276
2025-09-03 14:30:00,1051.124
2025-09-03 15:00:00,1148.354
2025-09-03 15:30:00,1209.6
2025-09-03 16:00:00,1222.817
2025-09-03 16:30:00,1251.491
2025-09-03 17:00:00,1278.104
2025-09-03 17:30:00,1253.67
2025-09-03 18:00:00,1192.247
2025-09-03 18:30:00,1162.96
2025-09-03 19:00:00,1134.702
2025-09-03 19:30:00,1094.567
2025-09-03 20:00:00,1033.076
2025-09-03 20:30:00,937.202
2025-09-03 21:00:00,849.682
2025-09-03 21:30:00,788.562
2025-09-03 22:00:00,685.324
2025-09-03 22:30:00,636.744
2025-09-03 23:00:00,565.969
2025-09-03 23:30:00,509.161
2025-09-04 00:00:00,386.091
2025-09-04 00:30:00,382.398
2025-09-04 01:00:00,394.966
2025-09-04 01:30:00,391.455
2025-09-04 02:00:00,383.918
2025-09-04 02:30:00,391.855
2025-09-04 03:00:00,377.023
2025-09-04 03:30:00,388.667
2025-09-04 04:00:00,360.612
2025-09-04 04:30:00,388.688
2025-09-04 05:00:00,397.231
2025-09-04 05:30:00,365.445
2025-09-04 06:00:00,386.009
2025-09-04 06:30:00,372.867
2025-09-04 07:00:00,380.724
2025-09-04 07:30:00,373.464
2025-09-04 08:00:00,443.907
2025-09-04 08:30:00,453.371
2025-09-04 09:00:00,459.316
2025-09-04 09:30:00,519.947
2025-09-04 10:00:00,497.165
2025-09-04 10:30:00,616.173
2025-09-04 11:00:00,580.884
2025-09-04 11:30:00,646.955
2025-09-04 12:00:00,692.049
2025-09-04 12:30:00,779.15
2025-09-04 13:00:00,863.39
2025-09-04 13:30:00,914.866
2025-09-04 14:00:00,1037.095
2025-09-04 14:30:00,1070.159
2025-09-04 15:00:00,1135.587
2025-09-04 15:30:00,1160.559
2025-09-04 16:00:00,1235.047
2025-09-04 16:30:00,1247.024
2025-09-04 17:00:00,1243.939
2025-09-04 17:30:00,1230.963
2025-09-04 18:00:00,1291.379
2025-09-04 18:30:00,1176.697
2025-09-04 19:00:00,1092.4
2025-09-04 19:30:00,1046.724
2025-09-04 20:00:00,991.387
2025-09-04 20:30:00,931.38
2025-09-04 21:00:00,856.37
2025-09-04 21:30:00,786.758
2025-09-04 22:00:00,685.872
2025-09-04 22:30:00,649.086
2025-09-04 23:00:00,564.671
2025-09-04 23:30:00,524.888
2025-09-05 00:00:00,354.809
2025-09-05 00:30:00,348.05
2025-09-05 01:00:00,404.38
2025-09-05 01:30:00,395.018
2025-09-05 02:00:00,402.269
2025-09-05 02:30:00,378.923
2025-09-05 03:00:00,397.511
2025-09-05 03:30:00,334.313
2025-09-05 04:00:00,400.342
2025-09-05 04:30:00,383.873
2025-09-05 05:00:00,396.199
2025-09-05 05:30:00,391.688
2025-09-05 06:00:00,360.036
2025-09-05 06:30:00,351.006
2025-09-05 07:00:00,376.086
2025-09-05 07:30:00,415.71
2025-09-05 08:00:00,429.515
2025-09-05 08:30:00,392.53
2025-09-05 09:00:00,421.353
2025-09-05 09:30:00,452.562
2025-09-05 10:00:00,492.964
2025-09-05 10:30:00,506.328
2025-09-05 11:00:00,551.021
2025-09-05 11:30:00,620.029
2025-09-05 12:00:00,704.149
2025-09-05 12:30:00,740.327
2025-09-05 13:00:00,839.605
2025-09-05 13:30:00,944.177
2025-09-05 14:00:00,960.132
2025-09-05 14:30:00,1059.019
2025-09-05 15:00:00,1154.443
2025-09-05 15:30:00,1172.827
2025-09-05 16:00:00,1210.243
2025-09-05 16:30:00,1279.462
2025-09-05 17:00:00,1251.49
2025-09-05 17:30:00,1277.987
2025-09-05 18:00:00,1235.309
2025-09-05 18:30:00,1174.713
2025-09-05 19:00:00,1140.817
2025-09-05 19:30:00,1072.191
2025-09-05 20:00:00,1018.199
2025-09-05 20:30:00,904.005
2025-09-05 21:00:00,843.53
2025-09-05 21:30:00,768.304
2025-09-05 22:00:00,719.597
2025-09-05 22:30:00,614.946
2025-09-05 23:00:00,611.996
2025-09-05 23:30:00,552.038
2025-09-06 00:00:00,163.508
2025-09-06 00:30:00,226.642
2025-09-06 01:00:00,252.295
2025-09-06 01:30:00,221.503
2025-09-06 02:00:00,232.158
2025-09-06 02:30:00,198.663
2025-09-06 03:00:00,155.069
2025-09-06 03:30:00,150.636
2025-09-06 04:00:00,203.335
2025-09-06 04:30:00,182.512
2025-09-06 05:00:00,175.006
2025-09-06 05:30:00,197.169
2025-09-06 06:00:00,215.44
2025-09-06 06:30:00,165.679
2025-09-06 07:00:00,193.599
2025-09-06 07:30:00,246.572
2025-09-06 08:00:00,187.494
2025-09-06 08:30:00,243.643
2025-09-06 09:00:00,219.739
2025-09-06 09:30:00,258.379
2025-09-06 10:00:00,288.419
2025-09-06 10:30:00,299.529
2025-09-06 11:00:00,327.746
2025-09-06 11:30:00,304.309
2025-09-06 12:00:00,392.878
2025-09-06 12:30:00,379.001
2025-09-06 13:00:00,444.589
2025-09-06 13:30:00,483.667
2025-09-06 14:00:00,528.32
2025-09-06 14:30:00,561.797
2025-09-06 15:00:00,565.893
2025-09-06 15:30:00,581.561
2025-09-06 16:00:00,658.593
2025-09-06 16:30:00,654.841
2025-09-06 17:00:00,683.49
2025-09-06 17:30:00,649.077
2025-09-06 18:00:00,601.655
2025-09-06 18:30:00,639.461
2025-09-06 19:00:00,577.729
2025-09-06 19:30:00,561.924
2025-09-06 20:00:00,500.005
2025-09-06 20:30:00,518.319
2025-09-06 21:00:00,416.186
2025-09-06 21:30:00,391.882
2025-09-06 22:00:00,367.723
2025-09-06 22:30:00,305.794
2025-09-06 23:00:00,313.28
2025-09-06 23:30:00,321.295
2025-09-07 00:00:00,184.169
2025-09-07 00:30:00,206.314
2025-09-07 01:00:00,127.707
2025-09-07 01:30:00,195.484
2025-09-07 02:00:00,188.657
2025-09-07 02:30:00,176.066
2025-09-07 03:00:00,223.643
2025-09-07 03:30:00,188.583
2025-09-07 04:00:00,192.521
2025-09-07 04:30:00,187.882
2025-09-07 05:00:00,149.95
2025-09-07 05:30:00,170.438
2025-09-07 06:00:00,224.078
2025-09-07 06:30:00,149.249
2025-09-07 07:00:00,185.663
2025-09-07 07:30:00,198.832
2025-09-07 08:00:00,257.967
2025-09-07 08:30:00,241.114
2025-09-07 09:00:00,217.928
2025-09-07 09:30:00,277.347
2025-09-07 10:00:00,242.473
2025-09-07 10:30:00,306.225
2025-09-07 11:00:00,271.046
2025-09-07 11:30:00,359.93
2025-09-07 12:00:00,354.883
2025-09-07 12:30:00,374.605
2025-09-07 13:00:00,432.671
2025-09-07 13:30:00,484.145
2025-09-07 14:00:00,503.823
2025-09-07 14:30:00,567.222
2025-09-07 15:00:00,572.414
2025-09-07 15:30:00,630.817
2025-09-07 16:00:00,647.84
2025-09-07 16:30:00,648.672
2025-09-07 17:00:00,643.721
2025-09-07 17:30:00,653.984
2025-09-07 18:00:00,650.54
2025-09-07 18:30:00,666.853
2025-09-07 19:00:00,610.474
2025-09-07 19:30:00,577.773
2025-09-07 20:00:00,593.405
2025-09-07 20:30:00,490.11
2025-09-07 21:00:00,450.216
2025-09-07 21:30:00,417.918
2025-09-07 22:00:00,339.812
2025-09-07 22:30:00,322.002
2025-09-07 23:00:00,292.363
2025-09-07 23:30:00,297.188
2025-09-08 00:00:00,373.398
2025-09-08 00:30:00,381.216
2025-09-08 01:00:00,404.961
2025-09-08 01:30:00,399.381
2025-09-08 02:00:00,373.809
2025-09-08 02:30:00,361.19
2025-09-08 03:00:00,406.472
2025-09-08 03:30:00,397.692
2025-09-08 04:00:00,338.609
2025-09-08 04:30:00,371.616
2025-09-08 05:00:00,384.659
2025-09-08 05:30:00,401.658
2025-09-08 06:00:00,407.465
2025-09-08 06:30:00,395.555
2025-09-08 07:00:00,408.518
2025-09-08 07:30:00,403.191
2025-09-08 08:00:00,395.416
2025-09-08 08:30:00,420.197
2025-09-08 09:00:00,446.355
2025-09-08 09:30:00,469.776
2025-09-08 10:00:00,454.757
2025-09-08 10:30:00,530.442
2025-09-08 11:00:00,587.977
2025-09-08 11:30:00,633.541
2025-09-08 12:00:00,695.822
2025-09-08 12:30:00,782.042
2025-09-08 13:00:00,815.526
2025-09-08 13:30:00,877.012
2025-09-08 14:00:00,983.972
2025-09-08 14:30:00,1083.283
2025-09-08 15:00:00,1171.013
2025-09-08 15:30:00,1202.837
2025-09-08 16:00:00,1187.878
2025-09-08 16:30:00,1244.566
2025-09-08 17:00:00,1265.561
2025-09-08 17:30:00,1254.815
2025-09-08 18:00:00,1238.067
2025-09-08 18:30:00,1160.358
2025-09-08 19:00:00,1130.448
2025-09-08 19:30:00,1074.688
2025-09-08 20:00:00,1013.318
2025-09-08 20:30:00,897.57
2025-09-08 21:00:00,833.871
2025-09-08 21:30:00,702.247
2025-09-08 22:00:00,686.457
2025-09-08 22:30:00,627.465
2025-09-08 23:00:00,561.082
2025-09-08 23:30:00,544.52
2025-09-09 00:00:00,376.353
2025-09-09 00:30:00,321.28
2025-09-09 01:00:00,383.163
2025-09-09 01:30:00,354.595
2025-09-09 02:00:00,389.995
2025-09-09 02:30:00,345.893
2025-09-09 03:00:00,378.841
2025-09-09 03:30:00,371.266
2025-09-09 04:00:00,386.343
2025-09-09 04:30:00,382.562
2025-09-09 05:00:00,374.142
2025-09-09 05:30:00,343.781
2025-09-09 06:00:00,347.783
2025-09-09 06:30:00,373.86
2025-09-09 07:00:00,393.68
2025-09-09 07:30:00,386.381
2025-09-09 08:00:00,427.893
2025-09-09 08:30:00,419.748
2025-09-09 09:00:00,421.755
2025-09-09 09:30:00,463.69
2025-09-09 10:00:00,507.543
2025-09-09 10:30:00,548.501
2025-09-09 11:00:00,633.532
2025-09-09 11:30:00,623.852
2025-09-09 12:00:00,700.156
2025-09-09 12:30:00,780.495
2025-09-09 13:00:00,841.914
2025-09-09 13:30:00,905.198
2025-09-09 14:00:00,953.945
2025-09-09 14:30:00,1051.409
2025-09-09 15:00:00,1101.982
2025-09-09 15:30:00,1140.119
2025-09-09 16:00:00,1204.693
2025-09-09 16:30:00,1224.198
2025-09-09 17:00:00,1273.74
2025-09-09 17:30:00,1265.402
2025-09-09 18:00:00,1201.988
2025-09-09 18:30:00,1176.778
2025-09-09 19:00:00,1082.368
2025-09-09 19:30:00,1051.821
2025-09-09 20:00:00,1002.651
2025-09-09 20:30:00,938.337
2025-09-09 21:00:00,824.674
2025-09-09 21:30:00,796.139
2025-09-09 22:00:00,664.101
2025-09-09 22:30:00,609.384
2025-09-09 23:00:00,604.314
2025-09-09 23:30:00,582.157
2025-09-10 00:00:00,390.088
2025-09-10 00:30:00,376.751
2025-09-10 01:00:00,322.895
2025-09-10 01:30:00,327.241
2025-09-10 02:00:00,381.088
2025-09-10 02:30:00,368.988
2025-09-10 03:00:00,350.445
2025-09-10 03:30:00,379.983
2025-09-10 04:00:00,381.644
2025-09-10 04:30:00,403.055
2025-09-10 05:00:00,383.936
2025-09-10 05:30:00,412.897
2025-09-10 06:00:00,384.913
2025-09-10 06:30:00,385.574
2025-09-10 07:00:00,420.495
2025-09-10 07:30:00,377.126
2025-09-10 08:00:00,482.624
2025-09-10 08:30:00,436.11
2025-09-10 09:00:00,455.401
2025-09-10 09:30:00,483.77
2025-09-10 10:00:00,548.825
2025-09-10 10:30:00,560.192
2025-09-10 11:00:00,546.446
2025-09-10 11:30:00,675.662
2025-09-10 12:00:00,693.471
2025-09-10 12:30:00,772.521
2025-09-10 13:00:00,810.519
2025-09-10 13:30:00,930.868
2025-09-10 14:00:00,976.392
2025-09-10 14:30:00,1066.684
2025-09-10 15:00:00,1121.722
2025-09-10 15:30:00,1231.409
2025-09-10 16:00:00,1274.141
2025-09-10 16:30:00,1251.538
2025-09-10 17:00:00,1260.745
2025-09-10 17:30:00,1241.039
2025-09-10 18:00:00,1252.235
2025-09-10 18:30:00,1175.061
2025-09-10 19:00:00,1118.291
2025-09-10 19:30:00,1088.645
2025-09-10 20:00:00,979.219
2025-09-10 20:30:00,916.77
2025-09-10 21:00:00,802.967
2025-09-10 21:30:00,787.447
2025-09-10 22:00:00,750.515
2025-09-10 22:30:00,658.606
2025-09-10 23:00:00,623.117
2025-09-10 23:30:00,519.227
2025-09-11 00:00:00,383.66
2025-09-11 00:30:00,354.181
2025-09-11 01:00:00,372.081
2025-09-11 01:30:00,397.108
2025-09-11 02:00:00,380.398
2025-09-11 02:30:00,342.624
2025-09-11 03:00:00,345.215
2025-09-11 03:30:00,343.816
2025-09-11 04:00:00,391.052
2025-09-11 04:30:00,431.042
2025-09-11 05:00:00,414.582
2025-09-11 05:30:00,334.788
2025-09-11 06:00:00,420.24
2025-09-11 06:30:00,411.867
2025-09-11 07:00:00,355.254
2025-09-11 07:30:00,394.007
2025-09-11 08:00:00,439.651
2025-09-11 08:30:00,440.489
2025-09-11 09:00:00,413.153
2025-09-11 09:30:00,485.911
2025-09-11 10:00:00,448.459
2025-09-11 10:30:00,534.809
2025-09-11 11:00:00,615.021
2025-09-11 11:30:00,641.035
2025-09-11 12:00:00,689.52
2025-09-11 12:30:00,792.076
2025-09-11 13:00:00,866.869
2025-09-11 13:30:00,950.464
2025-09-11 14:00:00,1014.535
2025-09-11 14:30:00,1091.214
2025-09-11 15:00:00,1147.147
2025-09-11 15:30:00,1189.922
2025-09-11 16:00:00,1226.823
2025-09-11 16:30:00,1244.444
2025-09-11 17:00:00,1228.836
2025-09-11 17:30:00,1226.492
2025-09-11 18:00:00,1217.535
2025-09-11 18:30:00,1189.32
2025-09-11 19:00:00,1164.845
2025-09-11 19:30:00,1063.135
2025-09-11 20:00:00,1017.763
2025-09-11 20:30:00,944.696
2025-09-11 21:00:00,836.714
2025-09-11 21:30:00,784.709
2025-09-11 22:00:00,695.905
2025-09-11 22:30:00,673.628
2025-09-11 23:00:00,602.468
2025-09-11 23:30:00,510.617
2025-09-12 00:00:00,381.79
2025-09-12 00:30:00,418.963
2025-09-12 01:00:00,373.244
2025-09-12 01:30:00,388.996
2025-09-12 02:00:00,391.499
2025-09-12 02:30:00,352.024
2025-09-12 03:00:00,390.858
2025-09-12 03:30:00,343.499
2025-09-12 04:00:00,363.125
2025-09-12 04:30:00,406.338
2025-09-12 05:00:00,389.44
2025-09-12 05:30:00,374.575
2025-09-12 06:00:00,395.874
2025-09-12 06:30:00,386.955
2025-09-12 07:00:00,394.201
2025-09-12 07:30:00,418.008
2025-09-12 08:00:00,394.078
2025-09-12 08:30:00,427.737
2025-09-12 09:00:00,438.073
2025-09-12 09:30:00,431.003
2025-09-12 10:00:00,478.885
2025-09-12 10:30:00,579.585
2025-09-12 11:00:00,596.19
2025-09-12 11:30:00,607.485
2025-09-12 12:00:00,663.484
2025-09-12 12:30:00,767.038
2025-09-12 13:00:00,881.53
2025-09-12 13:30:00,913.044
2025-09-12 14:00:00,1025.352
2025-09-12 14:30:00,1072.978
2025-09-12 15:00:00,1140.606
2025-09-12 15:30:00,1149.891
2025-09-12 16:00:00,1248.023
2025-09-12 16:30:00,1242.002
2025-09-12 17:00:00,1280.722
2025-09-12 17:30:00,1230.021
2025-09-12 18:00:00,1229.011
2025-09-12 18:30:00,1192.084
2025-09-12 19:00:00,1124.974
2025-09-12 19:30:00,1074.293
2025-09-12 20:00:00,986.017
2025-09-12 20:30:00,901.487
2025-09-12 21:00:00,882.637
2025-09-12 21:30:00,796.066
2025-09-12 22:00:00,682.971
2025-09-12 22:30:00,654.786
2025-09-12 23:00:00,568.005
2025-09-12 23:30:00,510.762
2025-09-13 00:00:00,222.276
2025-09-13 00:30:00,153.833
2025-09-13 01:00:00,219.614
2025-09-13 01:30:00,190.139
2025-09-13 02:00:00,191.195
2025-09-13 02:30:00,206.772
2025-09-13 03:00:00,211.137
2025-09-13 03:30:00,176.081
2025-09-13 04:00:00,214.901
2025-09-13 04:30:00,200.146
2025-09-13 05:00:00,166.47
2025-09-13 05:30:00,194.491
2025-09-13 06:00:00,234.583
2025-09-13 06:30:00,243.913
2025-09-13 07:00:00,222.755
2025-09-13 07:30:00,179.067
2025-09-13 08:00:00,226.642
2025-09-13 08:30:00,243.17
2025-09-13 09:00:00,250.0
2025-09-13 09:30:00,264.358
2025-09-13 10:00:00,270.068
2025-09-13 10:30:00,279.187
2025-09-13 11:00:00,289.808
2025-09-13 11:30:00,285.651
2025-09-13 12:00:00,373.527
2025-09-13 12:30:00,404.969
2025-09-13 13:00:00,452.039
2025-09-13 13:30:00,443.772
2025-09-13 14:00:00,532.317
2025-09-13 14:30:00,604.737
2025-09-13 15:00:00,588.95
2025-09-13 15:30:00,613.766
2025-09-13 16:00:00,644.509
2025-09-13 16:30:00,701.003
2025-09-13 17:00:00,629.164
2025-09-13 17:30:00,655.275
2025-09-13 18:00:00,616.793
2025-09-13 18:30:00,601.633
2025-09-13 19:00:00,585.749
2025-09-13 19:30:00,587.057
2025-09-13 20:00:00,561.217
2025-09-13 20:30:00,488.415
2025-09-13 21:00:00,428.685
2025-09-13 21:30:00,462.636
2025-09-13 22:00:00,354.348
2025-09-13 22:30:00,318.821
2025-09-13 23:00:00,260.644
2025-09-13 23:30:00,315.9
2025-09-14 00:00:00,220.637
2025-09-14 00:30:00,256.88
2025-09-14 01:00:00,161.705
2025-09-14 01:30:00,232.912
2025-09-14 02:00:00,198.237
2025-09-14 02:30:00,216.681
2025-09-14 03:00:00,155.413
2025-09-14 03:30:00,233.441
2025-09-14 04:00:00,216.621
2025-09-14 04:30:00,196.339
2025-09-14 05:00:00,213.999
2025-09-14 05:30:00,179.6
2025-09-14 06:00:00,185.565
2025-09-14 06:30:00,190.412
2025-09-14 07:00:00,158.503
2025-09-14 07:30:00,230.369
2025-09-14 08:00:00,244.166
2025-09-14 08:30:00,204.365
2025-09-14 09:00:00,240.563
2025-09-14 09:30:00,238.096
2025-09-14 10:00:00,269.193
2025-09-14 10:30:00,265.308
2025-09-14 11:00:00,282.932
2025-09-14 11:30:00,359.401
2025-09-14 12:00:00,363.44
2025-09-14 12:30:00,450.871
2025-09-14 13:00:00,439.258
2025-09-14 13:30:00,454.059
2025-09-14 14:00:00,546.865
2025-09-14 14:30:00,569.143
2025-09-14 15:00:00,605.161
2025-09-14 15:30:00,645.073
2025-09-14 16:00:00,620.464
2025-09-14 16:30:00,647.014
2025-09-14 17:00:00,650.469
2025-09-14 17:30:00,617.926
2025-09-14 18:00:00,630.194
2025-09-14 18:30:00,648.717
2025-09-14 19:00:00,592.922
2025-09-14 19:30:00,519.722
2025-09-14 20:00:00,477.296
2025-09-14 20:30:00,518.83
2025-09-14 21:00:00,435.842
2025-09-14 21:30:00,384.133
2025-09-14 22:00:00,358.187
2025-09-14 22:30:00,296.166
2025-09-14 23:00:00,340.595
2025-09-14 23:30:00,271.171
2025-09-15 00:00:00,411.937
2025-09-15 00:30:00,379.051
2025-09-15 01:00:00,413.513
2025-09-15 01:30:00,384.22
2025-09-15 02:00:00,399.183
2025-09-15 02:30:00,395.917
2025-09-15 03:00:00,393.673
2025-09-15 03:30:00,387.043
2025-09-15 04:00:00,372.944
2025-09-15 04:30:00,427.331
2025-09-15 05:00:00,357.848
2025-09-15 05:30:00,382.295
2025-09-15 06:00:00,385.085
2025-09-15 06:30:00,398.518
2025-09-15 07:00:00,383.15
2025-09-15 07:30:00,409.456
2025-09-15 08:00:00,408.042
2025-09-15 08:30:00,387.18
2025-09-15 09:00:00,446.119
2025-09-15 09:30:00,443.128
2025-09-15 10:00:00,458.537
2025-09-15 10:30:00,543.801
2025-09-15 11:00:00,598.769
2025-09-15 11:30:00,653.743
2025-09-15 12:00:00,716.172
2025-09-15 12:30:00,721.527
2025-09-15 13:00:00,808.475
2025-09-15 13:30:00,967.051
2025-09-15 14:00:00,966.496
2025-09-15 14:30:00,1079.451
2025-09-15 15:00:00,1111.651
2025-09-15 15:30:00,1185.276
2025-09-15 16:00:00,1208.754
2025-09-15 16:30:00,1264.414
2025-09-15 17:00:00,1262.564
2025-09-15 17:30:00,1239.168
2025-09-15 18:00:00,1198.331
2025-09-15 18:30:00,1189.978
2025-09-15 19:00:00,1098.506
2025-09-15 19:30:00,1074.867
2025-09-15 20:00:00,1058.339
2025-09-15 20:30:00,951.468
2025-09-15 21:00:00,860.459
2025-09-15 21:30:00,767.702
2025-09-15 22:00:00,653.524
2025-09-15 22:30:00,607.518
2025-09-15 23:00:00,618.642
2025-09-15 23:30:00,520.635
2025-09-16 00:00:00,360.271
2025-09-16 00:30:00,373.619
2025-09-16 01:00:00,351.224
2025-09-16 01:30:00,347.133
2025-09-16 02:00:00,376.59
2025-09-16 02:30:00,355.652
2025-09-16 03:00:00,359.565
2025-09-16 03:30:00,358.815
2025-09-16 04:00:00,391.824
2025-09-16 04:30:00,373.642
2025-09-16 05:00:00,376.057
2025-09-16 05:30:00,397.111
2025-09-16 06:00:00,381.162
2025-09-16 06:30:00,381.501
2025-09-16 07:00:00,405.648
2025-09-16 07:30:00,418.292
2025-09-16 08:00:00,408.586
2025-09-16 08:30:00,428.744
2025-09-16 09:00:00,426.335
2025-09-16 09:30:00,449.126
2025-09-16 10:00:00,521.125
2025-09-16 10:30:00,551.503
2025-09-16 11:00:00,597.955
2025-09-16 11:30:00,647.596
2025-09-16 12:00:00,703.148
2025-09-16 12:30:00,787.252
2025-09-16 13:00:00,865.878
2025-09-16 13:30:00,940.494
2025-09-16 14:00:00,990.157
2025-09-16 14:30:00,1098.855
2025-09-16 15:00:00,1134.536
2025-09-16 15:30:00,1199.093
2025-09-16 16:00:00,1231.637
2025-09-16 16:30:00,1256.55
2025-09-16 17:00:00,1240.751
2025-09-16 17:30:00,1267.909
2025-09-16 18:00:00,1295.717
2025-09-16 18:30:00,1173.914
2025-09-16 19:00:00,1130.599
2025-09-16 19:30:00,1053.025
2025-09-16 20:00:00,980.476
2025-09-16 20:30:00,956.325
2025-09-16 21:00:00,825.676
2025-09-16 21:30:00,757.99
2025-09-16 22:00:00,662.306
2025-09-16 22:30:00,621.635
2025-09-16 23:00:00,543.862
2025-09-16 23:30:00,556.174
2025-09-17 00:00:00,447.744
2025-09-17 00:30:00,368.593
2025-09-17 01:00:00,336.106
2025-09-17 01:30:00,400.303
2025-09-17 02:00:00,359.679
2025-09-17 02:30:00,410.423
2025-09-17 03:00:00,371.04
2025-09-17 03:30:00,362.55
2025-09-17 04:00:00,374.316
2025-09-17 04:30:00,398.389
2025-09-17 05:00:00,374.835
2025-09-17 05:30:00,369.769
2025-09-17 06:00:00,379.742
2025-09-17 06:30:00,356.661
2025-09-17 07:00:00,403.813
2025-09-17 07:30:00,356.919
2025-09-17 08:00:00,401.16
2025-09-17 08:30:00,445.713
2025-09-17 09:00:00,453.456
2025-09-17 09:30:00,485.401
2025-09-17 10:00:00,500.27
2025-09-17 10:30:00,569.623
2025-09-17 11:00:00,609.69
2025-09-17 11:30:00,651.729
2025-09-17 12:00:00,725.182
2025-09-17 12:30:00,788.603
2025-09-17 13:00:00,831.513
2025-09-17 13:30:00,884.116
2025-09-17 14:00:00,1003.186
2025-09-17 14:30:00,1077.832
2025-09-17 15:00:00,1156.086
2025-09-17 15:30:00,1159.876
2025-09-17 16:00:00,1201.924
2025-09-17 16:30:00,1261.873
2025-09-17 17:00:00,1257.366
2025-09-17 17:30:00,1203.231
2025-09-17 18:00:00,1233.963
2025-09-17 18:30:00,1136.973
2025-09-17 19:00:00,1105.193
2025-09-17 19:30:00,1097.972
2025-09-17 20:00:00,1038.299
2025-09-17 20:30:00,887.322
2025-09-17 21:00:00,834.265
2025-09-17 21:30:00,770.908
2025-09-17 22:00:00,746.524
2025-09-17 22:30:00,628.253
2025-09-17 23:00:00,574.65
2025-09-17 23:30:00,579.097
2025-09-18 00:00:00,368.382
2025-09-18 00:30:00,395.815
2025-09-18 01:00:00,340.846
2025-09-18 01:30:00,373.522
2025-09-18 02:00:00,336.362
2025-09-18 02:30:00,351.554
2025-09-18 03:00:00,399.071
2025-09-18 03:30:00,377.097
2025-09-18 04:00:00,370.788
2025-09-18 04:30:00,360.726
2025-09-18 05:00:00,375.005
2025-09-18 05:30:00,389.715
2025-09-18 06:00:00,409.286
2025-09-18 06:30:00,322.828
2025-09-18 07:00:00,373.093
2025-09-18 07:30:00,405.564
2025-09-18 08:00:00,409.791
2025-09-18 08:30:00,436.813
2025-09-18 09:00:00,452.569
2025-09-18 09:30:00,463.021
2025-09-18 10:00:00,488.725
2025-09-18 10:30:00,534.242
2025-09-18 11:00:00,615.291
2025-09-18 11:30:00,622.275
2025-09-18 12:00:00,700.423
2025-09-18 12:30:00,774.426
2025-09-18 13:00:00,881.509
2025-09-18 13:30:00,910.206
2025-09-18 14:00:00,1016.647
2025-09-18 14:30:00,1094.979
2025-09-18 15:00:00,1127.231
2025-09-18 15:30:00,1178.016
2025-09-18 16:00:00,1216.359
2025-09-18 16:30:00,1243.979
2025-09-18 17:00:00,1280.501
2025-09-18 17:30:00,1256.15
2025-09-18 18:00:00,1230.467
2025-09-18 18:30:00,1155.153
2025-09-18 19:00:00,1104.637
2025-09-18 19:30:00,1117.766
2025-09-18 20:00:00,988.231
2025-09-18 20:30:00,898.344
2025-09-18 21:00:00,878.277
2025-09-18 21:30:00,776.887
2025-09-18 22:00:00,716.447
2025-09-18 22:30:00,637.124
2025-09-18 23:00:00,578.605
2025-09-18 23:30:00,536.14
2025-09-19 00:00:00,343.183
2025-09-19 00:30:00,375.562
2025-09-19 01:00:00,385.176
2025-09-19 01:30:00,424.064
2025-09-19 02:00:00,380.002
2025-09-19 02:30:00,319.585
2025-09-19 03:00:00,375.741
2025-09-19 03:30:00,446.833
2025-09-19 04:00:00,400.424
2025-09-19 04:30:00,359.173
2025-09-19 05:00:00,395.299
2025-09-19 05:30:00,363.637
2025-09-19 06:00:00,350.868
2025-09-19 06:30:00,379.748
2025-09-19 07:00:00,396.175
2025-09-19 07:30:00,354.783
2025-09-19 08:00:00,383.534
2025-09-19 08:30:00,426.987
2025-09-19 09:00:00,435.676
2025-09-19 09:30:00,480.513
2025-09-19 10:00:00,471.53
2025-09-19 10:30:00,558.232
2025-09-19 11:00:00,556.978
2025-09-19 11:30:00,681.643
2025-09-19 12:00:00,659.099
2025-09-19 12:30:00,742.528
2025-09-19 13:00:00,852.934
2025-09-19 13:30:00,959.319
2025-09-19 14:00:00,1000.553
2025-09-19 14:30:00,1078.251
2025-09-19 15:00:00,1129.263
2025-09-19 15:30:00,1157.624
2025-09-19 16:00:00,1212.331
2025-09-19 16:30:00,1220.077
2025-09-19 17:00:00,1227.177
2025-09-19 17:30:00,1260.419
2025-09-19 18:00:00,1196.505
2025-09-19 18:30:00,1191.273
2025-09-19 19:00:00,1096.279
2025-09-19 19:30:00,1071.589
2025-09-19 20:00:00,980.46
2025-09-19 20:30:00,952.879
2025-09-19 21:00:00,850.593
2025-09-19 21:30:00,800.737
2025-09-19 22:00:00,683.102
2025-09-19 22:30:00,641.979
2025-09-19 23:00:00,562.045
2025-09-19 23:30:00,530.039
2025-09-20 00:00:00,189.878
2025-09-20 00:30:00,178.289
2025-09-20 01:00:00,166.055
2025-09-20 01:30:00,161.119
2025-09-20 02:00:00,137.99
2025-09-20 02:30:00,170.12
2025-09-20 03:00:00,212.294
2025-09-20 03:30:00,156.777
2025-09-20 04:00:00,162.755
2025-09-20 04:30:00,242.084
2025-09-20 05:00:00,181.958
2025-09-20 05:30:00,206.764
2025-09-20 06:00:00,216.109
2025-09-20 06:30:00,218.561
2025-09-20 07:00:00,166.763
2025-09-20 07:30:00,203.049
2025-09-20 08:00:00,173.921
2025-09-20 08:30:00,283.057
2025-09-20 09:00:00,191.986
2025-09-20 09:30:00,218.538
2025-09-20 10:00:00,234.971
2025-09-20 10:30:00,243.581
2025-09-20 11:00:00,338.832
2025-09-20 11:30:00,393.66
2025-09-20 12:00:00,353.143
2025-09-20 12:30:00,367.307
2025-09-20 13:00:00,382.177
2025-09-20 13:30:00,471.108
2025-09-20 14:00:00,508.283
2025-09-20 14:30:00,537.091
2025-09-20 15:00:00,592.523
2025-09-20 15:30:00,625.187
2025-09-20 16:00:00,644.861
2025-09-20 16:30:00,642.292
2025-09-20 17:00:00,627.215
2025-09-20 17:30:00,666.841
2025-09-20 18:00:00,637.097
2025-09-20 18:30:00,637.517
2025-09-20 19:00:00,606.741
2025-09-20 19:30:00,517.829
2025-09-20 20:00:00,480.336
2025-09-20 20:30:00,458.322
2025-09-20 21:00:00,411.693
2025-09-20 21:30:00,419.199
2025-09-20 22:00:00,373.819
2025-09-20 22:30:00,360.579
2025-09-20 23:00:00,314.93
2025-09-20 23:30:00,286.213
2025-09-21 00:00:00,226.424
2025-09-21 00:30:00,208.178
2025-09-21 01:00:00,198.146
2025-09-21 01:30:00,233.469
2025-09-21 02:00:00,199.363
2025-09-21 02:30:00,188.92
2025-09-21 03:00:00,175.661
2025-09-21 03:30:00,214.315
2025-09-21 04:00:00,227.884
2025-09-21 04:30:00,196.047
2025-09-21 05:00:00,230.569
2025-09-21 05:30:00,149.487
2025-09-21 06:00:00,198.664
2025-09-21 06:30:00,200.995
2025-09-21 07:00:00,186.646
2025-09-21 07:30:00,268.422
2025-09-21 08:00:00,212.722
2025-09-21 08:30:00,211.706
2025-09-21 09:00:00,232.507
2025-09-21 09:30:00,194.664
2025-09-21 10:00:00,241.989
2025-09-21 10:30:00,305.578
2025-09-21 11:00:00,289.294
2025-09-21 11:30:00,312.377
2025-09-21 12:00:00,397.775
2025-09-21 12:30:00,433.824
2025-09-21 13:00:00,451.025
2025-09-21 13:30:00,465.833
2025-09-21 14:00:00,510.205
2025-09-21 14:30:00,533.27
2025-09-21 15:00:00,562.119
2025-09-21 15:30:00,589.197
2025-09-21 16:00:00,621.333
2025-09-21 16:30:00,624.327
2025-09-21 17:00:00,615.663
2025-09-21 17:30:00,655.68
2025-09-21 18:00:00,642.649
2025-09-21 18:30:00,657.827
2025-09-21 19:00:00,570.28
2025-09-21 19:30:00,560.776
2025-09-21 20:00:00,524.01
2025-09-21 20:30:00,470.865
2025-09-21 21:00:00,456.708
2025-09-21 21:30:00,419.699
2025-09-21 22:00:00,373.222
2025-09-21 22:30:00,326.708
2025-09-21 23:00:00,296.079
2025-09-21 23:30:00,246.803
2025-09-22 00:00:00,357.604
2025-09-22 00:30:00,362.21
2025-09-22 01:00:00,349.676
2025-09-22 01:30:00,388.801
2025-09-22 02:00:00,407.768
2025-09-22 02:30:00,355.238
2025-09-22 03:00:00,385.177
2025-09-22 03:30:00,352.492
2025-09-22 04:00:00,371.142
2025-09-22 04:30:00,362.187
2025-09-22 05:00:00,395.568
2025-09-22 05:30:00,365.218
2025-09-22 06:00:00,410.004
2025-09-22 06:30:00,382.314
2025-09-22 07:00:00,377.647
2025-09-22 07:30:00,370.254
2025-09-22 08:00:00,418.593
2025-09-22 08:30:00,449.109
2025-09-22 09:00:00,452.713
2025-09-22 09:30:00,526.613
2025-09-22 10:00:00,537.641
2025-09-22 10:30:00,532.691
2025-09-22 11:00:00,578.621
2025-09-22 11:30:00,652.318
2025-09-22 12:00:00,681.043
2025-09-22 12:30:00,798.999
2025-09-22 13:00:00,851.54
2025-09-22 13:30:00,924.125
2025-09-22 14:00:00,1009.85
2025-09-22 14:30:00,1107.251
2025-09-22 15:00:00,1133.098
2025-09-22 15:30:00,1180.458
2025-09-22 16:00:00,1262.303
2025-09-22 16:30:00,1274.564
2025-09-22 17:00:00,1251.121
2025-09-22 17:30:00,1250.505
2025-09-22 18:00:00,1229.469
2025-09-22 18:30:00,1192.329
2025-09-22 19:00:00,1094.909
2025-09-22 19:30:00,1025.618
2025-09-22 20:00:00,970.492
2025-09-22 20:30:00,893.595
2025-09-22 21:00:00,826.404
2025-09-22 21:30:00,785.71
2025-09-22 22:00:00,697.77
2025-09-22 22:30:00,645.485
2025-09-22 23:00:00,555.964
2025-09-22 23:30:00,528.838
2025-09-23 00:00:00,392.433
2025-09-23 00:30:00,392.634
2025-09-23 01:00:00,359.661
2025-09-23 01:30:00,381.844
2025-09-23 02:00:00,432.824
2025-09-23 02:30:00,377.5
2025-09-23 03:00:00,360.761
2025-09-23 03:30:00,374.001
2025-09-23 04:00:00,381.07
2025-09-23 04:30:00,375.666
2025-09-23 05:00:00,379.737
2025-09-23 05:30:00,346.101
2025-09-23 06:00:00,360.647
2025-09-23 06:30:00,384.724
2025-09-23 07:00:00,389.755
2025-09-23 07:30:00,387.432
2025-09-23 08:00:00,407.837
2025-09-23 08:30:00,428.254
2025-09-23 09:00:00,468.115
2025-09-23 09:30:00,468.162
2025-09-23 10:00:00,511.874
2025-09-23 10:30:00,526.839
2025-09-23 11:00:00,600.874
2025-09-23 11:30:00,649.968
2025-09-23 12:00:00,723.638
2025-09-23 12:30:00,787.679
2025-09-23 13:00:00,857.218
2025-09-23 13:30:00,915.253
2025-09-23 14:00:00,998.8
2025-09-23 14:30:00,1090.768
2025-09-23 15:00:00,1112.523
2025-09-23 15:30:00,1167.574
2025-09-23 16:00:00,1229.121
2025-09-23 16:30:00,1260.757
2025-09-23 17:00:00,1238.542
2025-09-23 17:30:00,1248.506
2025-09-23 18:00:00,1222.235
2025-09-23 18:30:00,1127.902
2025-09-23 19:00:00,1123.335
2025-09-23 19:30:00,1060.247
2025-09-23 20:00:00,988.669
2025-09-23 20:30:00,953.111
2025-09-23 21:00:00,812.105
2025-09-23 21:30:00,749.227
2025-09-23 22:00:00,636.688
2025-09-23 22:30:00,628.552
2025-09-23 23:00:00,576.681
2025-09-23 23:30:00,527.63
2025-09-24 00:00:00,405.444
2025-09-24 00:30:00,399.275
2025-09-24 01:00:00,379.721
2025-09-24 01:30:00,368.537
2025-09-24 02:00:00,403.507
2025-09-24 02:30:00,377.446
2025-09-24 03:00:00,357.634
2025-09-24 03:30:00,335.439
2025-09-24 04:00:00,367.732
2025-09-24 04:30:00,398.311
2025-09-24 05:00:00,437.434
2025-09-24 05:30:00,383.728
2025-09-24 06:00:00,365.579
2025-09-24 06:30:00,358.833
2025-09-24 07:00:00,407.686
2025-09-24 07:30:00,357.472
2025-09-24 08:00:00,426.021
2025-09-24 08:30:00,447.171
2025-09-24 09:00:00,456.787
2025-09-24 09:30:00,465.151
2025-09-24 10:00:00,516.02
2025-09-24 10:30:00,544.653
2025-09-24 11:00:00,567.119
2025-09-24 11:30:00,686.835
2025-09-24 12:00:00,693.201
2025-09-24 12:30:00,789.236
2025-09-24 13:00:00,782.035
2025-09-24 13:30:00,949.625
2025-09-24 14:00:00,1029.396
2025-09-24 14:30:00,1064.926
2025-09-24 15:00:00,1142.794
2025-09-24 15:30:00,1197.247
2025-09-24 16:00:00,1208.515
2025-09-24 16:30:00,1264.053
2025-09-24 17:00:00,1238.929
2025-09-24 17:30:00,1235.156
2025-09-24 18:00:00,1252.758
2025-09-24 18:30:00,1207.65
2025-09-24 19:00:00,1111.165
2025-09-24 19:30:00,1045.84
2025-09-24 20:00:00,976.537
2025-09-24 20:30:00,936.029
2025-09-24 21:00:00,817.5
2025-09-24 21:30:00,778.76
2025-09-24 22:00:00,720.664
2025-09-24 22:30:00,638.369
2025-09-24 23:00:00,611.824
2025-09-24 23:30:00,532.772
2025-09-25 00:00:00,372.406
2025-09-25 00:30:00,353.329
2025-09-25 01:00:00,403.204
2025-09-25 01:30:00,358.64
2025-09-25 02:00:00,386.597
2025-09-25 02:30:00,376.157
2025-09-25 03:00:00,351.771
2025-09-25 03:30:00,363.117
2025-09-25 04:00:00,413.337
2025-09-25 04:30:00,384.486
2025-09-25 05:00:00,355.292
2025-09-25 05:30:00,389.821
2025-09-25 06:00:00,381.06
2025-09-25 06:30:00,474.808
2025-09-25 07:00:00,401.015
2025-09-25 07:30:00,392.071
2025-09-25 08:00:00,447.763
2025-09-25 08:30:00,380.703
2025-09-25 09:00:00,448.238
2025-09-25 09:30:00,520.503
2025-09-25 10:00:00,498.991
2025-09-25 10:30:00,497.047
2025-09-25 11:00:00,576.674
2025-09-25 11:30:00,676.938
2025-09-25 12:00:00,711.395
2025-09-25 12:30:00,748.871
2025-09-25 13:00:00,825.369
2025-09-25 13:30:00,903.721
2025-09-25 14:00:00,1001.707
2025-09-25 14:30:00,1097.635
2025-09-25 15:00:00,1155.135
2025-09-25 15:30:00,1194.684
2025-09-25 16:00:00,1191.294
2025-09-25 16:30:00,1217.177
2025-09-25 17:00:00,1272.476
2025-09-25 17:30:00,1216.738
2025-09-25 18:00:00,1218.946
2025-09-25 18:30:00,1190.888
2025-09-25 19:00:00,1100.385
2025-09-25 19:30:00,1038.573
2025-09-25 20:00:00,990.324
2025-09-25 20:30:00,930.305
2025-09-25 21:00:00,869.038
2025-09-25 21:30:00,785.018
2025-09-25 22:00:00,703.834
2025-09-25 22:30:00,621.92
2025-09-25 23:00:00,559.799
2025-09-25 23:30:00,527.607
2025-09-26 00:00:00,388.0
2025-09-26 00:30:00,386.176
2025-09-26 01:00:00,325.277
2025-09-26 01:30:00,358.161
2025-09-26 02:00:00,407.965
2025-09-26 02:30:00,379.92
2025-09-26 03:00:00,342.665
2025-09-26 03:30:00,437.24
2025-09-26 04:00:00,378.042
2025-09-26 04:30:00,389.053
2025-09-26 05:00:00,390.509
2025-09-26 05:30:00,372.997
2025-09-26 06:00:00,366.523
2025-09-26 06:30:00,441.499
2025-09-26 07:00:00,418.967
2025-09-26 07:30:00,422.136
2025-09-26 08:00:00,426.67
2025-09-26 08:30:00,401.646
2025-09-26 09:00:00,477.818
2025-09-26 09:30:00,449.564
2025-09-26 10:00:00,508.979
2025-09-26 10:30:00,499.395
2025-09-26 11:00:00,535.551
2025-09-26 11:30:00,648.532
2025-09-26 12:00:00,681.766
2025-09-26 12:30:00,720.113
2025-09-26 13:00:00,856.015
2025-09-26 13:30:00,970.715
2025-09-26 14:00:00,1027.416
2025-09-26 14:30:00,1057.747
2025-09-26 15:00:00,1129.046
2025-09-26 15:30:00,1205.477
2025-09-26 16:00:00,1252.638
2025-09-26 16:30:00,1241.787
2025-09-26 17:00:00,1260.0
2025-09-26 17:30:00,1257.89
2025-09-26 18:00:00,1238.432
2025-09-26 18:30:00,1179.957
2025-09-26 19:00:00,1125.822
2025-09-26 19:30:00,1098.676
2025-09-26 20:00:00,1022.915
2025-09-26 20:30:00,929.649
2025-09-26 21:00:00,885.478
2025-09-26 21:30:00,760.181
2025-09-26 22:00:00,742.567
2025-09-26 22:30:00,654.138
2025-09-26 23:00:00,668.348
2025-09-26 23:30:00,510.567
2025-09-27 00:00:00,179.197
2025-09-27 00:30:00,206.905
2025-09-27 01:00:00,206.374
2025-09-27 01:30:00,245.211
2025-09-27 02:00:00,179.774
2025-09-27 02:30:00,219.152
2025-09-27 03:00:00,225.669
2025-09-27 03:30:00,214.356
2025-09-27 04:00:00,172.933
2025-09-27 04:30:00,232.505
2025-09-27 05:00:00,228.604
2025-09-27 05:30:00,213.727
2025-09-27 06:00:00,205.159
2025-09-27 06:30:00,207.65
2025-09-27 07:00:00,202.853
2025-09-27 07:30:00,224.845
2025-09-27 08:00:00,215.155
2025-09-27 08:30:00,200.686
2025-09-27 09:00:00,205.643
2025-09-27 09:30:00,225.933
2025-09-27 10:00:00,266.539
2025-09-27 10:30:00,280.323
2025-09-27 11:00:00,310.401
2025-09-27 11:30:00,345.619
2025-09-27 12:00:00,349.353
2025-09-27 12:30:00,436.959
2025-09-27 13:00:00,431.407
2025-09-27 13:30:00,466.375
2025-09-27 14:00:00,528.251
2025-09-27 14:30:00,507.461
2025-09-27 15:00:00,567.225
2025-09-27 15:30:00,639.834
2025-09-27 16:00:00,593.349
2025-09-27 16:30:00,678.134
2025-09-27 17:00:00,692.534
2025-09-27 17:30:00,640.959
2025-09-27 18:00:00,644.079
2025-09-27 18:30:00,643.285
2025-09-27 19:00:00,575.319
2025-09-27 19:30:00,575.068
2025-09-27 20:00:00,499.413
2025-09-27 20:30:00,465.271
2025-09-27 21:00:00,418.117
2025-09-27 21:30:00,408.884
2025-09-27 22:00:00,393.986
2025-09-27 22:30:00,328.496
2025-09-27 23:00:00,273.236
2025-09-27 23:30:00,253.93
2025-09-28 00:00:00,206.296
2025-09-28 00:30:00,242.538
2025-09-28 01:00:00,206.286
2025-09-28 01:30:00,186.785
2025-09-28 02:00:00,215.638
2025-09-28 02:30:00,190.541
2025-09-28 03:00:00,187.15
2025-09-28 03:30:00,172.778
2025-09-28 04:00:00,232.169
2025-09-28 04:30:00,133.831
2025-09-28 05:00:00,217.817
2025-09-28 05:30:00,187.144
2025-09-28 06:00:00,189.792
2025-09-28 06:30:00,244.306
2025-09-28 07:00:00,186.968
2025-09-28 07:30:00,191.824
2025-09-28 08:00:00,211.117
2025-09-28 08:30:00,232.245
2025-09-28 09:00:00,220.811
2025-09-28 09:30:00,205.388
2025-09-28 10:00:00,239.344
2025-09-28 10:30:00,313.031
2025-09-28 11:00:00,306.887
2025-09-28 11:30:00,344.376
2025-09-28 12:00:00,358.501
2025-09-28 12:30:00,383.83
2025-09-28 13:00:00,480.039
2025-09-28 13:30:00,472.506
2025-09-28 14:00:00,505.108
2025-09-28 14:30:00,580.777
2025-09-28 15:00:00,568.93
2025-09-28 15:30:00,600.439
2025-09-28 16:00:00,637.04
2025-09-28 16:30:00,650.202
2025-09-28 17:00:00,661.246
2025-09-28 17:30:00,702.487
2025-09-28 18:00:00,645.19
2025-09-28 18:30:00,555.856
2025-09-28 19:00:00,595.146
2025-09-28 19:30:00,554.32
2025-09-28 20:00:00,517.278
2025-09-28 20:30:00,483.36
2025-09-28 21:00:00,437.383
2025-09-28 21:30:00,399.003
2025-09-28 22:00:00,380.362
2025-09-28 22:30:00,319.547
2025-09-28 23:00:00,281.325
2025-09-28 23:30:00,356.592
2025-09-29 00:00:00,359.856
2025-09-29 00:30:00,380.264
2025-09-29 01:00:00,340.384
2025-09-29 01:30:00,380.714
2025-09-29 02:00:00,354.522
2025-09-29 02:30:00,366.878
2025-09-29 03:00:00,404.217
2025-09-29 03:30:00,390.145
2025-09-29 04:00:00,392.976
2025-09-29 04:30:00,335.165
2025-09-29 05:00:00,426.443
2025-09-29 05:30:00,352.39
2025-09-29 06:00:00,422.927
2025-09-29 06:30:00,413.996
2025-09-29 07:00:00,408.32
2025-09-29 07:30:00,380.212
2025-09-29 08:00:00,416.052
2025-09-29 08:30:00,414.955
2025-09-29 09:00:00,446.606
2025-09-29 09:30:00,464.396
2025-09-29 10:00:00,450.931
2025-09-29 10:30:00,568.424
2025-09-29 11:00:00,584.544
2025-09-29 11:30:00,628.455
2025-09-29 12:00:00,687.985
2025-09-29 12:30:00,778.804
2025-09-29 13:00:00,820.156
2025-09-29 13:30:00,861.334
2025-09-29 14:00:00,1002.855
2025-09-29 14:30:00,1077.157
2025-09-29 15:00:00,1123.834
2025-09-29 15:30:00,1154.586
2025-09-29 16:00:00,1226.808
2025-09-29 16:30:00,1213.762
2025-09-29 17:00:00,1233.464
2025-09-29 17:30:00,1231.608
2025-09-29 18:00:00,1245.683
2025-09-29 18:30:00,1174.219
2025-09-29 19:00:00,1117.628
2025-09-29 19:30:00,1113.047
2025-09-29 20:00:00,1001.488
2025-09-29 20:30:00,926.188
2025-09-29 21:00:00,833.257
2025-09-29 21:30:00,754.933
2025-09-29 22:00:00,647.333
2025-09-29 22:30:00,664.794
2025-09-29 23:00:00,597.78
2025-09-29 23:30:00,535.9
2025-09-30 00:00:00,374.321
2025-09-30 00:30:00,396.164
2025-09-30 01:00:00,338.907
2025-09-30 01:30:00,363.056
2025-09-30 02:00:00,349.445
2025-09-30 02:30:00,422.227
2025-09-30 03:00:00,399.982
2025-09-30 03:30:00,323.278
2025-09-30 04:00:00,340.921
2025-09-30 04:30:00,376.136
2025-09-30 05:00:00,368.71
2025-09-30 05:30:00,349.078
2025-09-30 06:00:00,433.332
2025-09-30 06:30:00,396.271
2025-09-30 07:00:00,405.757
2025-09-30 07:30:00,384.287
2025-09-30 08:00:00,430.32
2025-09-30 08:30:00,417.218
2025-09-30 09:00:00,438.796
2025-09-30 09:30:00,485.918
2025-09-30 10:00:00,461.171
2025-09-30 10:30:00,580.305
2025-09-30 11:00:00,591.132
2025-09-30 11:30:00,672.599
2025-09-30 12:00:00,675.108
2025-09-30 12:30:00,746.763
2025-09-30 13:00:00,813.452
2025-09-30 13:30:00,923.971
2025-09-30 14:00:00,994.326
2025-09-30 14:30:00,1052.569
2025-09-30 15:00:00,1103.473
2025-09-30 15:30:00,1151.619
2025-09-30 16:00:00,1223.373
2025-09-30 16:30:00,1238.735
2025-09-30 17:00:00,1242.005
2025-09-30 17:30:00,1289.052
2025-09-30 18:00:00,1222.527
2025-09-30 18:30:00,1215.035
2025-09-30 19:00:00,1115.493
2025-09-30 19:30:00,1070.299
2025-09-30 20:00:00,991.29
2025-09-30 20:30:00,875.273
2025-09-30 21:00:00,878.208
2025-09-30 21:30:00,766.463
2025-09-30 22:00:00,720.654
2025-09-30 22:30:00,621.774
2025-09-30 23:00:00,582.451
2025-09-30 23:30:00,518.708
2025-10-01 00:00:00,382.133
2025-10-01 00:30:00,359.026
2025-10-01 01:00:00,360.431
2025-10-01 01:30:00,385.235
2025-10-01 02:00:00,380.235
2025-10-01 02:30:00,370.541
2025-10-01 03:00:00,316.004
2025-10-01 03:30:00,334.392
2025-10-01 04:00:00,327.078
2025-10-01 04:30:00,370.995
2025-10-01 05:00:00,358.074
2025-10-01 05:30:00,320.594
2025-10-01 06:00:00,352.986
2025-10-01 06:30:00,323.834
2025-10-01 07:00:00,364.906
2025-10-01 07:30:00,332.01
2025-10-01 08:00:00,396.541
2025-10-01 08:30:00,406.22
2025-10-01 09:00:00,462.277
2025-10-01 09:30:00,458.799
2025-10-01 10:00:00,456.089
2025-10-01 10:30:00,522.895
2025-10-01 11:00:00,510.452
2025-10-01 11:30:00,571.543
2025-10-01 12:00:00,661.04
2025-10-01 12:30:00,661.841
2025-10-01 13:00:00,782.425
2025-10-01 13:30:00,827.781
2025-10-01 14:00:00,925.521
2025-10-01 14:30:00,962.528
2025-10-01 15:00:00,1060.184
2025-10-01 15:30:00,1100.698
2025-10-01 16:00:00,1173.625
2025-10-01 16:30:00,1162.764
2025-10-01 17:00:00,1151.534
2025-10-01 17:30:00,1156.423
2025-10-01 18:00:00,1105.01
2025-10-01 18:30:00,1110.368
2025-10-01 19:00:00,1064.324
2025-10-01 19:30:00,1051.202
2025-10-01 20:00:00,907.442
2025-10-01 20:30:00,846.593
2025-10-01 21:00:00,768.96
2025-10-01 21:30:00,721.1
2025-10-01 22:00:00,662.254
2025-10-01 22:30:00,594.271
2025-10-01 23:00:00,572.551
2025-10-01 23:30:00,487.019
2025-10-02 00:00:00,375.887
2025-10-02 00:30:00,364.703
2025-10-02 01:00:00,350.954
2025-10-02 01:30:00,343.407
2025-10-02 02:00:00,411.993
2025-10-02 02:30:00,330.982
2025-10-02 03:00:00,358.996
2025-10-02 03:30:00,333.029
2025-10-02 04:00:00,396.816
2025-10-02 04:30:00,374.978
2025-10-02 05:00:00,336.849
2025-10-02 05:30:00,368.172
2025-10-02 06:00:00,364.147
2025-10-02 06:30:00,348.271
2025-10-02 07:00:00,385.189
2025-10-02 07:30:00,383.127
2025-10-02 08:00:00,388.713
2025-10-02 08:30:00,395.723
2025-10-02 09:00:00,425.355
2025-10-02 09:30:00,443.337
2025-10-02 10:00:00,468.139
2025-10-02 10:30:00,486.418
2025-10-02 11:00:00,587.737
2025-10-02 11:30:00,569.345
2025-10-02 12:00:00,663.402
2025-10-02 12:30:00,707.791
2025-10-02 13:00:00,827.343
2025-10-02 13:30:00,830.701
2025-10-02 14:00:00,904.607
2025-10-02 14:30:00,965.226
2025-10-02 15:00:00,1057.665
2025-10-02 15:30:00,1065.888
2025-10-02 16:00:00,1126.653
2025-10-02 16:30:00,1108.786
2025-10-02 17:00:00,1176.761
2025-10-02 17:30:00,1150.09
2025-10-02 18:00:00,1101.415
2025-10-02 18:30:00,1127.355
2025-10-02 19:00:00,1016.886
2025-10-02 19:30:00,1009.395
2025-10-02 20:00:00,905.462
2025-10-02 20:30:00,893.327
2025-10-02 21:00:00,802.093
2025-10-02 21:30:00,690.596
2025-10-02 22:00:00,629.784
2025-10-02 22:30:00,610.743
2025-10-02 23:00:00,538.834
2025-10-02 23:30:00,498.21
2025-10-03 00:00:00,383.039
2025-10-03 00:30:00,332.523
2025-10-03 01:00:00,353.537
2025-10-03 01:30:00,375.146
2025-10-03 02:00:00,371.554
2025-10-03 02:30:00,347.417
2025-10-03 03:00:00,344.325
2025-10-03 03:30:00,308.314
2025-10-03 04:00:00,325.769
2025-10-03 04:30:00,360.766
2025-10-03 05:00:00,350.36
2025-10-03 05:30:00,357.23
2025-10-03 06:00:00,383.686
2025-10-03 06:30:00,331.503
2025-10-03 07:00:00,360.331
2025-10-03 07:30:00,378.112
2025-10-03 08:00:00,365.717
2025-10-03 08:30:00,432.558
2025-10-03 09:00:00,437.293
2025-10-03 09:30:00,444.856
2025-10-03 10:00:00,511.518
2025-10-03 10:30:00,464.971
2025-10-03 11:00:00,545.2
2025-10-03 11:30:00,604.764
2025-10-03 12:00:00,629.848
2025-10-03 12:30:00,723.315
2025-10-03 13:00:00,755.69
2025-10-03 13:30:00,870.552
2025-10-03 14:00:00,949.434
2025-10-03 14:30:00,996.28
2025-10-03 15:00:00,1003.258
2025-10-03 15:30:00,1076.045
2025-10-03 16:00:00,1152.734
2025-10-03 16:30:00,1163.126
2025-10-03 17:00:00,1103.4
2025-10-03 17:30:00,1193.666
2025-10-03 18:00:00,1142.032
2025-10-03 18:30:00,1079.738
2025-10-03 19:00:00,1074.452
2025-10-03 19:30:00,972.533
2025-10-03 20:00:00,905.777
2025-10-03 20:30:00,862.246
2025-10-03 21:00:00,827.88
2025-10-03 21:30:00,756.387
2025-10-03 22:00:00,661.704
2025-10-03 22:30:00,607.165
2025-10-03 23:00:00,565.181
2025-10-03 23:30:00,471.019
2025-10-04 00:00:00,198.745
2025-10-04 00:30:00,164.293
2025-10-04 01:00:00,190.614
2025-10-04 01:30:00,176.979
2025-10-04 02:00:00,195.22
2025-10-04 02:30:00,185.684
2025-10-04 03:00:00,105.979
2025-10-04 03:30:00,187.4
2025-10-04 04:00:00,199.185
2025-10-04 04:30:00,194.608
2025-10-04 05:00:00,181.415
2025-10-04 05:30:00,225.84
2025-10-04 06:00:00,193.791
2025-10-04 06:30:00,198.759
2025-10-04 07:00:00,216.555
2025-10-04 07:30:00,203.23
2025-10-04 08:00:00,176.876
2025-10-04 08:30:00,145.363
2025-10-04 09:00:00,203.653
2025-10-04 09:30:00,246.577
2025-10-04 10:00:00,233.837
2025-10-04 10:30:00,281.3
2025-10-04 11:00:00,287.323
2025-10-04 11:30:00,341.916
2025-10-04 12:00:00,332.03
2025-10-04 12:30:00,383.905
2025-10-04 13:00:00,419.991
2025-10-04 13:30:00,481.25
2025-10-04 14:00:00,437.288
2025-10-04 14:30:00,503.065
2025-10-04 15:00:00,566.994
2025-10-04 15:30:00,610.759
2025-10-04 16:00:00,598.082
2025-10-04 16:30:00,597.232
2025-10-04 17:00:00,627.718
2025-10-04 17:30:00,626.267
2025-10-04 18:00:00,583.089
2025-10-04 18:30:00,580.369
2025-10-04 19:00:00,575.294
2025-10-04 19:30:00,561.787
2025-10-04 20:00:00,498.519
2025-10-04 20:30:00,444.813
2025-10-04 21:00:00,405.992
2025-10-04 21:30:00,386.15
2025-10-04 22:00:00,336.518
2025-10-04 22:30:00,314.456
2025-10-04 23:00:00,257.158
2025-10-04 23:30:00,293.697
2025-10-05 00:00:00,154.136
2025-10-05 00:30:00,171.842
2025-10-05 01:00:00,185.092
2025-10-05 01:30:00,232.44
2025-10-05 02:00:00,172.123
2025-10-05 02:30:00,166.081
2025-10-05 03:00:00,169.034
2025-10-05 03:30:00,224.4
2025-10-05 04:00:00,112.822
2025-10-05 04:30:00,158.391
2025-10-05 05:00:00,252.262
2025-10-05 05:30:00,199.558
2025-10-05 06:00:00,158.357
2025-10-05 06:30:00,186.769
2025-10-05 07:00:00,192.129
2025-10-05 07:30:00,215.318
2025-10-05 08:00:00,245.314
2025-10-05 08:30:00,216.035
2025-10-05 09:00:00,202.086
2025-10-05 09:30:00,247.23
2025-10-05 10:00:00,225.208
2025-10-05 10:30:00,235.437
2025-10-05 11:00:00,239.607
2025-10-05 11:30:00,270.586
2025-10-05 12:00:00,316.999
2025-10-05 12:30:00,342.77
2025-10-05 13:00:00,415.175
2025-10-05 13:30:00,413.725
2025-10-05 14:00:00,401.362
2025-10-05 14:30:00,488.427
2025-10-05 15:00:00,533.984
2025-10-05 15:30:00,556.975
2025-10-05 16:00:00,630.068
2025-10-05 16:30:00,589.211
2025-10-05 17:00:00,630.813
2025-10-05 17:30:00,604.075
2025-10-05 18:00:00,591.023
2025-10-05 18:30:00,551.227
2025-10-05 19:00:00,544.311
2025-10-05 19:30:00,495.398
2025-10-05 20:00:00,484.204
2025-10-05 20:30:00,437.803
2025-10-05 21:00:00,383.729
2025-10-05 21:30:00,397.012
2025-10-05 22:00:00,350.081
2025-10-05 22:30:00,298.513
2025-10-05 23:00:00,287.242
2025-10-05 23:30:00,259.175
2025-10-06 00:00:00,329.543
2025-10-06 00:30:00,353.003
2025-10-06 01:00:00,335.729
2025-10-06 01:30:00,327.657
2025-10-06 02:00:00,310.757
2025-10-06 02:30:00,342.442
2025-10-06 03:00:00,365.722
2025-10-06 03:30:00,334.418
2025-10-06 04:00:00,415.193
2025-10-06 04:30:00,374.949
2025-10-06 05:00:00,386.416
2025-10-06 05:30:00,375.238
2025-10-06 06:00:00,404.027
2025-10-06 06:30:00,341.511
2025-10-06 07:00:00,302.217
2025-10-06 07:30:00,362.242
2025-10-06 08:00:00,397.276
2025-10-06 08:30:00,400.559
2025-10-06 09:00:00,421.465
2025-10-06 09:30:00,470.625
2025-10-06 10:00:00,476.213
2025-10-06 10:30:00,522.416
2025-10-06 11:00:00,521.904
2025-10-06 11:30:00,568.22
2025-10-06 12:00:00,693.064
2025-10-06 12:30:00,718.32
2025-10-06 13:00:00,767.774
2025-10-06 13:30:00,837.753
2025-10-06 14:00:00,906.76
2025-10-06 14:30:00,971.748
2025-10-06 15:00:00,1017.499
2025-10-06 15:30:00,1062.704
2025-10-06 16:00:00,1133.741
2025-10-06 16:30:00,1147.772
2025-10-06 17:00:00,1198.429
2025-10-06 17:30:00,1169.923
2025-10-06 18:00:00,1145.249
2025-10-06 18:30:00,1081.636
2025-10-06 19:00:00,1046.552
2025-10-06 19:30:00,998.497
2025-10-06 20:00:00,940.893
2025-10-06 20:30:00,850.94
2025-10-06 21:00:00,810.332
2025-10-06 21:30:00,715.997
2025-10-06 22:00:00,672.533
2025-10-06 22:30:00,583.359
2025-10-06 23:00:00,500.079
2025-10-06 23:30:00,509.152
2025-10-07 00:00:00,369.366
2025-10-07 00:30:00,365.624
2025-10-07 01:00:00,361.809
2025-10-07 01:30:00,342.565
2025-10-07 02:00:00,331.157
2025-10-07 02:30:00,365.201
2025-10-07 03:00:00,362.209
2025-10-07 03:30:00,337.762
2025-10-07 04:00:00,379.911
2025-10-07 04:30:00,330.735
2025-10-07 05:00:00,339.219
2025-10-07 05:30:00,396.267
2025-10-07 06:00:00,379.42
2025-10-07 06:30:00,352.236
2025-10-07 07:00:00,373.42
2025-10-07 07:30:00,377.264
2025-10-07 08:00:00,314.68
2025-10-07 08:30:00,374.109
2025-10-07 09:00:00,413.307
2025-10-07 09:30:00,428.687
2025-10-07 10:00:00,472.84
2025-10-07 10:30:00,530.68
2025-10-07 11:00:00,537.355
2025-10-07 11:30:00,569.164
2025-10-07 12:00:00,660.833
2025-10-07 12:30:00,707.632
2025-10-07 13:00:00,779.453
2025-10-07 13:30:00,845.993
2025-10-07 14:00:00,979.034
2025-10-07 14:30:00,933.454
2025-10-07 15:00:00,1039.87
2025-10-07 15:30:00,1100.122
2025-10-07 16:00:00,1119.087
2025-10-07 16:30:00,1185.091
2025-10-07 17:00:00,1191.081
2025-10-07 17:30:00,1161.402
2025-10-07 18:00:00,1131.849
2025-10-07 18:30:00,1097.416
2025-10-07 19:00:00,1046.958
2025-10-07 19:30:00,987.512
2025-10-07 20:00:00,918.288
2025-10-07 20:30:00,859.599
2025-10-07 21:00:00,802.185
2025-10-07 21:30:00,685.041
2025-10-07 22:00:00,626.445
2025-10-07 22:30:00,551.892
2025-10-07 23:00:00,567.053
2025-10-07 23:30:00,508.701
2025-10-08 00:00:00,363.865
2025-10-08 00:30:00,315.503
2025-10-08 01:00:00,395.878
2025-10-08 01:30:00,336.059
2025-10-08 02:00:00,355.531
2025-10-08 02:30:00,372.767
2025-10-08 03:00:00,326.873
2025-10-08 03:30:00,338.126
2025-10-08 04:00:00,356.654
2025-10-08 04:30:00,424.244
2025-10-08 05:00:00,361.336
2025-10-08 05:30:00,395.516
2025-10-08 06:00:00,387.847
2025-10-08 06:30:00,370.387
2025-10-08 07:00:00,341.505
2025-10-08 07:30:00,399.889
2025-10-08 08:00:00,345.868
2025-10-08 08:30:00,436.793
2025-10-08 09:00:00,419.578
2025-10-08 09:30:00,371.347
2025-10-08 10:00:00,458.149
2025-10-08 10:30:00,518.792
2025-10-08 11:00:00,539.468
2025-10-08 11:30:00,613.48
2025-10-08 12:00:00,631.461
2025-10-08 12:30:00,683.148
2025-10-08 13:00:00,781.568
2025-10-08 13:30:00,854.077
2025-10-08 14:00:00,914.279
2025-10-08 14:30:00,1020.154
2025-10-08 15:00:00,1028.323
2025-10-08 15:30:00,1108.044
2025-10-08 16:00:00,1140.315
2025-10-08 16:30:00,1123.678
2025-10-08 17:00:00,1137.774
2025-10-08 17:30:00,1162.893
2025-10-08 18:00:00,1188.146
2025-10-08 18:30:00,1114.696
2025-10-08 19:00:00,1006.437
2025-10-08 19:30:00,911.71
2025-10-08 20:00:00,941.315
2025-10-08 20:30:00,850.882
2025-10-08 21:00:00,811.886
2025-10-08 21:30:00,693.779
2025-10-08 22:00:00,661.467
2025-10-08 22:30:00,616.759
2025-10-08 23:00:00,534.207
2025-10-08 23:30:00,491.791
2025-10-09 00:00:00,351.864
2025-10-09 00:30:00,364.807
2025-10-09 01:00:00,350.896
2025-10-09 01:30:00,375.63
2025-10-09 02:00:00,339.778
2025-10-09 02:30:00,318.198
2025-10-09 03:00:00,400.972
2025-10-09 03:30:00,336.668
2025-10-09 04:00:00,337.964
2025-10-09 04:30:00,351.162
2025-10-09 05:00:00,355.487
2025-10-09 05:30:00,345.69
2025-10-09 06:00:00,357.269
2025-10-09 06:30:00,360.192
2025-10-09 07:00:00,370.606
2025-10-09 07:30:00,314.457
2025-10-09 08:00:00,430.343
2025-10-09 08:30:00,393.089
2025-10-09 09:00:00,429.094
2025-10-09 09:30:00,403.15
2025-10-09 10:00:00,454.887
2025-10-09 10:30:00,485.635
2025-10-09 11:00:00,582.136
2025-10-09 11:30:00,580.96
2025-10-09 12:00:00,671.663
2025-10-09 12:30:00,699.537
2025-10-09 13:00:00,772.039
2025-10-09 13:30:00,847.149
2025-10-09 14:00:00,955.084
2025-10-09 14:30:00,942.225
2025-10-09 15:00:00,1016.687
2025-10-09 15:30:00,1051.532
2025-10-09 16:00:00,1111.428
2025-10-09 16:30:00,1142.306
2025-10-09 17:00:00,1130.388
2025-10-09 17:30:00,1144.242
2025-10-09 18:00:00,1088.248
2025-10-09 18:30:00,1074.765
2025-10-09 19:00:00,1079.589
2025-10-09 19:30:00,999.561
2025-10-09 20:00:00,927.675
2025-10-09 20:30:00,828.218
2025-10-09 21:00:00,744.952
2025-10-09 21:30:00,687.318
2025-10-09 22:00:00,651.631
2025-10-09 22:30:00,617.31
2025-10-09 23:00:00,567.952
2025-10-09 23:30:00,518.209
2025-10-10 00:00:00,332.794
2025-10-10 00:30:00,351.854
2025-10-10 01:00:00,343.221
2025-10-10 01:30:00,346.25
2025-10-10 02:00:00,402.254
2025-10-10 02:30:00,307.357
2025-10-10 03:00:00,345.681
2025-10-10 03:30:00,382.078
2025-10-10 04:00:00,315.528
2025-10-10 04:30:00,336.713
2025-10-10 05:00:00,340.581
2025-10-10 05:30:00,349.775
2025-10-10 06:00:00,317.806
2025-10-10 06:30:00,376.069
2025-10-10 07:00:00,382.892
2025-10-10 07:30:00,386.104
2025-10-10 08:00:00,361.561
2025-10-10 08:30:00,398.934
2025-10-10 09:00:00,392.092
2025-10-10 09:30:00,429.287
2025-10-10 10:00:00,520.499
2025-10-10 10:30:00,504.836
2025-10-10 11:00:00,515.705
2025-10-10 11:30:00,600.114
2025-10-10 12:00:00,618.917
2025-10-10 12:30:00,685.822
2025-10-10 13:00:00,757.326
2025-10-10 13:30:00,842.18
2025-10-10 14:00:00,946.412
2025-10-10 14:30:00,1003.932
2025-10-10 15:00:00,1062.653
2025-10-10 15:30:00,1072.741
2025-10-10 16:00:00,1125.083
2025-10-10 16:30:00,1169.396
2025-10-10 17:00:00,1155.042
2025-10-10 17:30:00,1155.636
2025-10-10 18:00:00,1149.65
2025-10-10 18:30:00,1091.495
2025-10-10 19:00:00,1055.23
2025-10-10 19:30:00,1029.29
2025-10-10 20:00:00,918.692
2025-10-10 20:30:00,882.771
2025-10-10 21:00:00,797.339
2025-10-10 21:30:00,679.116
2025-10-10 22:00:00,625.158
2025-10-10 22:30:00,574.765
2025-10-10 23:00:00,524.022
2025-10-10 23:30:00,500.186
2025-10-11 00:00:00,198.007
2025-10-11 00:30:00,214.024
2025-10-11 01:00:00,190.357
2025-10-11 01:30:00,171.524
2025-10-11 02:00:00,130.634
2025-10-11 02:30:00,184.497
2025-10-11 03:00:00,183.449
2025-10-11 03:30:00,187.501
2025-10-11 04:00:00,235.787
2025-10-11 04:30:00,214.475
2025-10-11 05:00:00,203.606
2025-10-11 05:30:00,160.734
2025-10-11 06:00:00,173.182
2025-10-11 06:30:00,185.446
2025-10-11 07:00:00,171.057
2025-10-11 07:30:00,206.677
2025-10-11 08:00:00,208.25
2025-10-11 08:30:00,179.113
2025-10-11 09:00:00,245.501
2025-10-11 09:30:00,230.111
2025-10-11 10:00:00,199.437
2025-10-11 10:30:00,259.987
2025-10-11 11:00:00,290.635
2025-10-11 11:30:00,334.034
2025-10-11 12:00:00,330.973
2025-10-11 12:30:00,392.913
2025-10-11 13:00:00,412.023
2025-10-11 13:30:00,410.833
2025-10-11 14:00:00,444.575
2025-10-11 14:30:00,542.589
2025-10-11 15:00:00,575.68
2025-10-11 15:30:00,580.184
2025-10-11 16:00:00,629.473
2025-10-11 16:30:00,630.965
2025-10-11 17:00:00,625.881
2025-10-11 17:30:00,581.767
2025-10-11 18:00:00,635.366
2025-10-11 18:30:00,585.519
2025-10-11 19:00:00,536.135
2025-10-11 19:30:00,497.819
2025-10-11 20:00:00,486.373
2025-10-11 20:30:00,401.933
2025-10-11 21:00:00,424.836
2025-10-11 21:30:00,348.375
2025-10-11 22:00:00,348.675
2025-10-11 22:30:00,296.674
2025-10-11 23:00:00,276.994
2025-10-11 23:30:00,242.348
2025-10-12 00:00:00,178.61
2025-10-12 00:30:00,229.879
2025-10-12 01:00:00,217.279
2025-10-12 01:30:00,191.528
2025-10-12 02:00:00,182.057
2025-10-12 02:30:00,203.837
2025-10-12 03:00:00,211.054
2025-10-12 03:30:00,162.182
2025-10-12 04:00:00,181.195
2025-10-12 04:30:00,137.911
2025-10-12 05:00:00,212.057
2025-10-12 05:30:00,236.411
2025-10-12 06:00:00,188.009
2025-10-12 06:30:00,134.692
2025-10-12 07:00:00,205.665
2025-10-12 07:30:00,171.563
2025-10-12 08:00:00,182.743
2025-10-12 08:30:00,221.985
2025-10-12 09:00:00,221.945
2025-10-12 09:30:00,215.35
2025-10-12 10:00:00,226.424
2025-10-12 10:30:00,264.416
2025-10-12 11:00:00,273.368
2025-10-12 11:30:00,281.984
2025-10-12 12:00:00,331.096
2025-10-12 12:30:00,380.704
2025-10-12 13:00:00,402.892
2025-10-12 13:30:00,408.372
2025-10-12 14:00:00,504.68
2025-10-12 14:30:00,446.055
2025-10-12 15:00:00,534.622
2025-10-12 15:30:00,556.607
2025-10-12 16:00:00,595.785
2025-10-12 16:30:00,618.591
2025-10-12 17:00:00,636.959
2025-10-12 17:30:00,586.74
2025-10-12 18:00:00,606.745
2025-10-12 18:30:00,577.007
2025-10-12 19:00:00,502.992
2025-10-12 19:30:00,562.039
2025-10-12 20:00:00,443.984
2025-10-12 20:30:00,454.197
2025-10-12 21:00:00,417.093
2025-10-12 21:30:00,379.106
2025-10-12 22:00:00,327.046
2025-10-12 22:30:00,330.396
2025-10-12 23:00:00,244.595
2025-10-12 23:30:00,259.625
2025-10-13 00:00:00,337.136
2025-10-13 00:30:00,334.308
2025-10-13 01:00:00,361.973
2025-10-13 01:30:00,378.217
2025-10-13 02:00:00,342.745
2025-10-13 02:30:00,370.924
2025-10-13 03:00:00,352.791
2025-10-13 03:30:00,329.466
2025-10-13 04:00:00,345.726
2025-10-13 04:30:00,345.32
2025-10-13 05:00:00,336.391
2025-10-13 05:30:00,366.069
2025-10-13 06:00:00,363.571
2025-10-13 06:30:00,321.42
2025-10-13 07:00:00,324.947
2025-10-13 07:30:00,384.012
2025-10-13 08:00:00,362.939
2025-10-13 08:30:00,404.322
2025-10-13 09:00:00,434.101
2025-10-13 09:30:00,405.828
2025-10-13 10:00:00,431.374
2025-10-13 10:30:00,544.304
2025-10-13 11:00:00,554.182
2025-10-13 11:30:00,585.124
2025-10-13 12:00:00,629.363
2025-10-13 12:30:00,703.036
2025-10-13 13:00:00,753.59
2025-10-13 13:30:00,875.373
2025-10-13 14:00:00,903.569
2025-10-13 14:30:00,1016.81
2025-10-13 15:00:00,1039.562
2025-10-13 15:30:00,1074.131
2025-10-13 16:00:00,1127.958
2025-10-13 16:30:00,1096.991
2025-10-13 17:00:00,1167.731
2025-10-13 17:30:00,1158.343
2025-10-13 18:00:00,1159.235
2025-10-13 18:30:00,1053.057
2025-10-13 19:00:00,1078.625
2025-10-13 19:30:00,1009.987
2025-10-13 20:00:00,954.289
2025-10-13 20:30:00,851.97
2025-10-13 21:00:00,808.702
2025-10-13 21:30:00,679.016
2025-10-13 22:00:00,670.538
2025-10-13 22:30:00,576.326
2025-10-13 23:00:00,504.108
2025-10-13 23:30:00,474.34
2025-10-14 00:00:00,351.371
2025-10-14 00:30:00,330.633
2025-10-14 01:00:00,360.656
2025-10-14 01:30:00,306.074
2025-10-14 02:00:00,298.149
2025-10-14 02:30:00,385.717
2025-10-14 03:00:00,374.143
2025-10-14 03:30:00,325.552
2025-10-14 04:00:00,352.1
2025-10-14 04:30:00,378.295
2025-10-14 05:00:00,364.287
2025-10-14 05:30:00,359.062
2025-10-14 06:00:00,385.084
2025-10-14 06:30:00,342.919
2025-10-14 07:00:00,367.015
2025-10-14 07:30:00,372.948
2025-10-14 08:00:00,376.502
2025-10-14 08:30:00,387.026
2025-10-14 09:00:00,416.4
2025-10-14 09:30:00,438.462
2025-10-14 10:00:00,440.451
2025-10-14 10:30:00,522.488
2025-10-14 11:00:00,520.984
2025-10-14 11:30:00,590.149
2025-10-14 12:00:00,645.329
2025-10-14 12:30:00,724.75
2025-10-14 13:00:00,730.377
2025-10-14 13:30:00,875.56
2025-10-14 14:00:00,906.063
2025-10-14 14:30:00,1019.971
2025-10-14 15:00:00,1037.624
2025-10-14 15:30:00,1098.993
2025-10-14 16:00:00,1186.461
2025-10-14 16:30:00,1155.662
2025-10-14 17:00:00,1201.721
2025-10-14 17:30:00,1163.572
2025-10-14 18:00:00,1149.001
2025-10-14 18:30:00,1101.963
2025-10-14 19:00:00,1070.774
2025-10-14 19:30:00,972.333
2025-10-14 20:00:00,898.387
2025-10-14 20:30:00,837.323
2025-10-14 21:00:00,785.847
2025-10-14 21:30:00,710.277
2025-10-14 22:00:00,670.468
2025-10-14 22:30:00,628.223
2025-10-14 23:00:00,520.997
2025-10-14 23:30:00,484.095
2025-10-15 00:00:00,315.327
2025-10-15 00:30:00,402.0
2025-10-15 01:00:00,358.871
2025-10-15 01:30:00,363.275
2025-10-15 02:00:00,317.821
2025-10-15 02:30:00,351.378
2025-10-15 03:00:00,364.279
2025-10-15 03:30:00,345.465
2025-10-15 04:00:00,379.068
2025-10-15 04:30:00,410.603
2025-10-15 05:00:00,330.131
2025-10-15 05:30:00,329.805
2025-10-15 06:00:00,335.761
2025-10-15 06:30:00,401.341
2025-10-15 07:00:00,392.294
2025-10-15 07:30:00,370.006
2025-10-15 08:00:00,384.235
2025-10-15 08:30:00,376.358
2025-10-15 09:00:00,436.829
2025-10-15 09:30:00,428.105
2025-10-15 10:00:00,460.16
2025-10-15 10:30:00,517.663
2025-10-15 11:00:00,540.693
2025-10-15 11:30:00,589.731
2025-10-15 12:00:00,652.976
2025-10-15 12:30:00,735.681
2025-10-15 13:00:00,824.517
2025-10-15 13:30:00,867.925
2025-10-15 14:00:00,943.071
2025-10-15 14:30:00,984.475
2025-10-15 15:00:00,1031.883
2025-10-15 15:30:00,1116.564
2025-10-15 16:00:00,1142.897
2025-10-15 16:30:00,1127.03
2025-10-15 17:00:00,1162.548
2025-10-15 17:30:00,1160.523
2025-10-15 18:00:00,1125.855
2025-10-15 18:30:00,1137.258
2025-10-15 19:00:00,1061.574
2025-10-15 19:30:00,1023.801
2025-10-15 20:00:00,929.574
2025-10-15 20:30:00,855.322
2025-10-15 21:00:00,759.939
2025-10-15 21:30:00,716.096
2025-10-15 22:00:00,653.038
2025-10-15 22:30:00,561.427
2025-10-15 23:00:00,531.905
2025-10-15 23:30:00,494.361
2025-10-16 00:00:00,361.57
2025-10-16 00:30:00,362.774
2025-10-16 01:00:00,336.721
2025-10-16 01:30:00,363.002
2025-10-16 02:00:00,346.774
2025-10-16 02:30:00,279.667
2025-10-16 03:00:00,339.43
2025-10-16 03:30:00,378.759
2025-10-16 04:00:00,310.13
2025-10-16 04:30:00,355.624
2025-10-16 05:00:00,393.439
2025-10-16 05:30:00,336.342
2025-10-16 06:00:00,357.759
2025-10-16 06:30:00,328.586
2025-10-16 07:00:00,406.916
2025-10-16 07:30:00,371.311
2025-10-16 08:00:00,384.486
2025-10-16 08:30:00,430.629
2025-10-16 09:00:00,431.115
2025-10-16 09:30:00,415.712
2025-10-16 10:00:00,450.48
2025-10-16 10:30:00,514.817
2025-10-16 11:00:00,529.79
2025-10-16 11:30:00,542.674
2025-10-16 12:00:00,651.38
2025-10-16 12:30:00,678.792
2025-10-16 13:00:00,823.761
2025-10-16 13:30:00,857.707
2025-10-16 14:00:00,900.359
2025-10-16 14:30:00,972.006
2025-10-16 15:00:00,1002.343
2025-10-16 15:30:00,1072.728
2025-10-16 16:00:00,1164.024
2025-10-16 16:30:00,1218.39
2025-10-16 17:00:00,1188.91
2025-10-16 17:30:00,1160.295
2025-10-16 18:00:00,1127.817
2025-10-16 18:30:00,1076.302
2025-10-16 19:00:00,1101.072
2025-10-16 19:30:00,984.753
2025-10-16 20:00:00,975.879
2025-10-16 20:30:00,888.126
2025-10-16 21:00:00,739.834
2025-10-16 21:30:00,699.148
2025-10-16 22:00:00,635.985
2025-10-16 22:30:00,593.609
2025-10-16 23:00:00,543.885
2025-10-16 23:30:00,577.349
2025-10-17 00:00:00,324.302
2025-10-17 00:30:00,356.965
2025-10-17 01:00:00,366.667
2025-10-17 01:30:00,351.241
2025-10-17 02:00:00,354.081
2025-10-17 02:30:00,325.287
2025-10-17 03:00:00,354.21
2025-10-17 03:30:00,364.569
2025-10-17 04:00:00,360.365
2025-10-17 04:30:00,367.062
2025-10-17 05:00:00,389.123
2025-10-17 05:30:00,378.781
2025-10-17 06:00:00,359.487
2025-10-17 06:30:00,331.893
2025-10-17 07:00:00,351.235
2025-10-17 07:30:00,367.904
2025-10-17 08:00:00,389.629
2025-10-17 08:30:00,384.813
2025-10-17 09:00:00,391.185
2025-10-17 09:30:00,407.897
2025-10-17 10:00:00,425.383
2025-10-17 10:30:00,496.57
2025-10-17 11:00:00,508.652
2025-10-17 11:30:00,570.592
2025-10-17 12:00:00,642.864
2025-10-17 12:30:00,682.399
2025-10-17 13:00:00,792.848
2025-10-17 13:30:00,871.793
2025-10-17 14:00:00,909.253
2025-10-17 14:30:00,978.546
2025-10-17 15:00:00,1063.014
2025-10-17 15:30:00,1082.365
2025-10-17 16:00:00,1119.048
2025-10-17 16:30:00,1192.508
2025-10-17 17:00:00,1192.855
2025-10-17 17:30:00,1177.634
2025-10-17 18:00:00,1161.757
2025-10-17 18:30:00,1050.782
2025-10-17 19:00:00,1083.424
2025-10-17 19:30:00,999.273
2025-10-17 20:00:00,948.258
2025-10-17 20:30:00,862.967
2025-10-17 21:00:00,784.577
2025-10-17 21:30:00,708.915
2025-10-17 22:00:00,661.89
2025-10-17 22:30:00,587.811
2025-10-17 23:00:00,567.09
2025-10-17 23:30:00,462.782
2025-10-18 00:00:00,169.102
2025-10-18 00:30:00,233.766
2025-10-18 01:00:00,167.0
2025-10-18 01:30:00,176.698
2025-10-18 02:00:00,160.625
2025-10-18 02:30:00,191.128
2025-10-18 03:00:00,164.398
2025-10-18 03:30:00,178.288
2025-10-18 04:00:00,204.353
2025-10-18 04:30:00,165.991
2025-10-18 05:00:00,203.695
2025-10-18 05:30:00,205.341
2025-10-18 06:00:00,212.381
2025-10-18 06:30:00,191.33
2025-10-18 07:00:00,271.474
2025-10-18 07:30:00,220.529
2025-10-18 08:00:00,207.449
2025-10-18 08:30:00,184.423
2025-10-18 09:00:00,213.154
2025-10-18 09:30:00,263.211
2025-10-18 10:00:00,285.403
2025-10-18 10:30:00,298.229
2025-10-18 11:00:00,303.234
2025-10-18 11:30:00,278.323
2025-10-18 12:00:00,351.589
2025-10-18 12:30:00,341.18
2025-10-18 13:00:00,370.157
2025-10-18 13:30:00,449.689
2025-10-18 14:00:00,493.034
2025-10-18 14:30:00,537.11
2025-10-18 15:00:00,558.209
2025-10-18 15:30:00,585.401
2025-10-18 16:00:00,567.464
2025-10-18 16:30:00,601.925
2025-10-18 17:00:00,571.112
2025-10-18 17:30:00,554.465
2025-10-18 18:00:00,610.596
2025-10-18 18:30:00,553.283
2025-10-18 19:00:00,567.593
2025-10-18 19:30:00,542.234
2025-10-18 20:00:00,464.471
2025-10-18 20:30:00,458.467
2025-10-18 21:00:00,390.815
2025-10-18 21:30:00,326.068
2025-10-18 22:00:00,342.493
2025-10-18 22:30:00,297.943
2025-10-18 23:00:00,272.602
2025-10-18 23:30:00,310.654
2025-10-19 00:00:00,144.495
2025-10-19 00:30:00,192.217
2025-10-19 01:00:00,157.782
2025-10-19 01:30:00,205.372
2025-10-19 02:00:00,190.15
2025-10-19 02:30:00,192.215
2025-10-19 03:00:00,159.183
2025-10-19 03:30:00,163.788
2025-10-19 04:00:00,206.312
2025-10-19 04:30:00,227.73
2025-10-19 05:00:00,195.988
2025-10-19 05:30:00,162.35
2025-10-19 06:00:00,194.48
2025-10-19 06:30:00,248.504
2025-10-19 07:00:00,193.003
2025-10-19 07:30:00,230.711
2025-10-19 08:00:00,180.819
2025-10-19 08:30:00,205.269
2025-10-19 09:00:00,231.07
2025-10-19 09:30:00,237.486
2025-10-19 10:00:00,223.505
2025-10-19 10:30:00,241.033
2025-10-19 11:00:00,308.312
2025-10-19 11:30:00,339.503
2025-10-19 12:00:00,377.214
2025-10-19 12:30:00,417.313
2025-10-19 13:00:00,410.71
2025-10-19 13:30:00,435.93
2025-10-19 14:00:00,513.729
2025-10-19 14:30:00,532.352
2025-10-19 15:00:00,521.219
2025-10-19 15:30:00,546.271
2025-10-19 16:00:00,604.379
2025-10-19 16:30:00,600.118
2025-10-19 17:00:00,608.129
2025-10-19 17:30:00,631.363
2025-10-19 18:00:00,611.056
2025-10-19 18:30:00,605.358
2025-10-19 19:00:00,497.492
2025-10-19 19:30:00,520.86
2025-10-19 20:00:00,497.321
2025-10-19 20:30:00,405.545
2025-10-19 21:00:00,390.972
2025-10-19 21:30:00,351.202
2025-10-19 22:00:00,339.952
2025-10-19 22:30:00,350.411
2025-10-19 23:00:00,334.169
2025-10-19 23:30:00,240.913
2025-10-20 00:00:00,364.397
2025-10-20 00:30:00,365.21
2025-10-20 01:00:00,360.945
2025-10-20 01:30:00,361.254
2025-10-20 02:00:00,358.92
2025-10-20 02:30:00,393.597
2025-10-20 03:00:00,379.109
2025-10-20 03:30:00,325.28
2025-10-20 04:00:00,372.068
2025-10-20 04:30:00,375.116
2025-10-20 05:00:00,361.682
2025-10-20 05:30:00,383.642
2025-10-20 06:00:00,362.407
2025-10-20 06:30:00,366.198
2025-10-20 07:00:00,369.266
2025-10-20 07:30:00,322.939
2025-10-20 08:00:00,381.311
2025-10-20 08:30:00,380.065
2025-10-20 09:00:00,384.917
2025-10-20 09:30:00,473.453
2025-10-20 10:00:00,479.267
2025-10-20 10:30:00,501.698
2025-10-20 11:00:00,531.273
2025-10-20 11:30:00,603.009
2025-10-20 12:00:00,677.497
2025-10-20 12:30:00,695.123
2025-10-20 13:00:00,783.234
2025-10-20 13:30:00,874.989
2025-10-20 14:00:00,874.588
2025-10-20 14:30:00,988.032
2025-10-20 15:00:00,1038.846
2025-10-20 15:30:00,1096.869
2025-10-20 16:00:00,1126.075
2025-10-20 16:30:00,1166.036
2025-10-20 17:00:00,1218.841
2025-10-20 17:30:00,1154.498
2025-10-20 18:00:00,1145.909
2025-10-20 18:30:00,1150.083
2025-10-20 19:00:00,1035.828
2025-10-20 19:30:00,1034.839
2025-10-20 20:00:00,923.121
2025-10-20 20:30:00,897.835
2025-10-20 21:00:00,802.109
2025-10-20 21:30:00,723.475
2025-10-20 22:00:00,651.071
2025-10-20 22:30:00,580.004
2025-10-20 23:00:00,547.288
2025-10-20 23:30:00,524.877
2025-10-21 00:00:00,350.905
2025-10-21 00:30:00,343.325
2025-10-21 01:00:00,344.985
2025-10-21 01:30:00,376.092
2025-10-21 02:00:00,381.955
2025-10-21 02:30:00,334.729
2025-10-21 03:00:00,334.833
2025-10-21 03:30:00,361.268
2025-10-21 04:00:00,390.363
2025-10-21 04:30:00,381.457
2025-10-21 05:00:00,322.511
2025-10-21 05:30:00,348.755
2025-10-21 06:00:00,334.44
2025-10-21 06:30:00,354.499
2025-10-21 07:00:00,406.345
2025-10-21 07:30:00,337.83
2025-10-21 08:00:00,342.849
2025-10-21 08:30:00,376.057
2025-10-21 09:00:00,421.761
2025-10-21 09:30:00,453.121
2025-10-21 10:00:00,477.598
2025-10-21 10:30:00,531.835
2025-10-21 11:00:00,501.316
2025-10-21 11:30:00,625.314
2025-10-21 12:00:00,644.909
2025-10-21 12:30:00,734.085
2025-10-21 13:00:00,750.269
2025-10-21 13:30:00,853.412
2025-10-21 14:00:00,928.895
2025-10-21 14:30:00,1018.365
2025-10-21 15:00:00,1009.947
2025-10-21 15:30:00,1100.983
2025-10-21 16:00:00,1111.485
2025-10-21 16:30:00,1175.233
2025-10-21 17:00:00,1190.18
2025-10-21 17:30:00,1194.775
2025-10-21 18:00:00,1125.24
2025-10-21 18:30:00,1123.395
2025-10-21 19:00:00,1083.601
2025-10-21 19:30:00,948.391
2025-10-21 20:00:00,938.297
2025-10-21 20:30:00,877.25
2025-10-21 21:00:00,776.886
2025-10-21 21:30:00,685.528
2025-10-21 22:00:00,676.285
2025-10-21 22:30:00,565.617
2025-10-21 23:00:00,540.934
2025-10-21 23:30:00,501.44
2025-10-22 00:00:00,369.121
2025-10-22 00:30:00,335.574
2025-10-22 01:00:00,334.14
2025-10-22 01:30:00,353.753
2025-10-22 02:00:00,376.486
2025-10-22 02:30:00,408.594
2025-10-22 03:00:00,313.861
2025-10-22 03:30:00,359.668
2025-10-22 04:00:00,325.012
2025-10-22 04:30:00,378.277
2025-10-22 05:00:00,330.344
2025-10-22 05:30:00,338.491
2025-10-22 06:00:00,342.973
2025-10-22 06:30:00,359.281
2025-10-22 07:00:00,374.315
2025-10-22 07:30:00,385.487
2025-10-22 08:00:00,383.177
2025-10-22 08:30:00,363.524
2025-10-22 09:00:00,432.773
2025-10-22 09:30:00,436.278
2025-10-22 10:00:00,495.705
2025-10-22 10:30:00,484.75
2025-10-22 11:00:00,505.336
2025-10-22 11:30:00,594.754
2025-10-22 12:00:00,685.11
2025-10-22 12:30:00,719.821
2025-10-22 13:00:00,778.363
2025-10-22 13:30:00,831.529
2025-10-22 14:00:00,966.932
2025-10-22 14:30:00,963.732
2025-10-22 15:00:00,1031.443
2025-10-22 15:30:00,1114.465
2025-10-22 16:00:00,1092.215
2025-10-22 16:30:00,1194.46
2025-10-22 17:00:00,1186.355
2025-10-22 17:30:00,1185.076
2025-10-22 18:00:00,1152.569
2025-10-22 18:30:00,1096.186
2025-10-22 19:00:00,1022.999
2025-10-22 19:30:00,985.97
2025-10-22 20:00:00,898.607
2025-10-22 20:30:00,865.442
2025-10-22 21:00:00,803.524
2025-10-22 21:30:00,752.718
2025-10-22 22:00:00,662.006
2025-10-22 22:30:00,618.72
2025-10-22 23:00:00,537.965
2025-10-22 23:30:00,490.486
2025-10-23 00:00:00,363.075
2025-10-23 00:30:00,341.578
2025-10-23 01:00:00,357.984
2025-10-23 01:30:00,324.75
2025-10-23 02:00:00,329.285
2025-10-23 02:30:00,367.293
2025-10-23 03:00:00,373.715
2025-10-23 03:30:00,327.143
2025-10-23 04:00:00,368.94
2025-10-23 04:30:00,339.489
2025-10-23 05:00:00,354.22
2025-10-23 05:30:00,390.78
2025-10-23 06:00:00,377.892
2025-10-23 06:30:00,381.083
2025-10-23 07:00:00,413.955
2025-10-23 07:30:00,355.798
2025-10-23 08:00:00,358.674
2025-10-23 08:30:00,378.718
2025-10-23 09:00:00,408.216
2025-10-23 09:30:00,378.739
2025-10-23 10:00:00,461.476
2025-10-23 10:30:00,488.829
2025-10-23 11:00:00,564.987
2025-10-23 11:30:00,604.416
2025-10-23 12:00:00,637.694
2025-10-23 12:30:00,730.546
2025-10-23 13:00:00,801.436
2025-10-23 13:30:00,834.074
2025-10-23 14:00:00,910.663
2025-10-23 14:30:00,933.838
2025-10-23 15:00:00,1022.312
2025-10-23 15:30:00,1081.653
2025-10-23 16:00:00,1140.47
2025-10-23 16:30:00,1138.961
2025-10-23 17:00:00,1157.914
2025-10-23 17:30:00,1131.962
2025-10-23 18:00:00,1142.894
2025-10-23 18:30:00,1110.857
2025-10-23 19:00:00,1059.637
2025-10-23 19:30:00,989.781
2025-10-23 20:00:00,884.461
2025-10-23 20:30:00,837.789
2025-10-23 21:00:00,773.172
2025-10-23 21:30:00,705.715
2025-10-23 22:00:00,654.586
2025-10-23 22:30:00,631.244
2025-10-23 23:00:00,565.696
2025-10-23 23:30:00,477.755
2025-10-24 00:00:00,368.193
2025-10-24 00:30:00,367.248
2025-10-24 01:00:00,331.103
2025-10-24 01:30:00,372.502
2025-10-24 02:00:00,347.317
2025-10-24 02:30:00,316.159
2025-10-24 03:00:00,362.928
2025-10-24 03:30:00,357.208
2025-10-24 04:00:00,346.483
2025-10-24 04:30:00,351.871
2025-10-24 05:00:00,335.83
2025-10-24 05:30:00,370.61
2025-10-24 06:00:00,356.619
2025-10-24 06:30:00,365.348
2025-10-24 07:00:00,375.164
2025-10-24 07:30:00,344.53
2025-10-24 08:00:00,360.964
2025-10-24 08:30:00,341.522
2025-10-24 09:00:00,428.697
2025-10-24 09:30:00,407.297
2025-10-24 10:00:00,469.976
2025-10-24 10:30:00,511.718
2025-10-24 11:00:00,560.452
2025-10-24 11:30:00,565.505
2025-10-24 12:00:00,651.082
2025-10-24 12:30:00,757.554
2025-10-24 13:00:00,826.212
2025-10-24 13:30:00,877.971
2025-10-24 14:00:00,931.426
2025-10-24 14:30:00,964.344
2025-10-24 15:00:00,1067.544
2025-10-24 15:30:00,1096.264
2025-10-24 16:00:00,1152.629
2025-10-24 16:30:00,1146.775
2025-10-24 17:00:00,1166.427
2025-10-24 17:30:00,1166.699
2025-10-24 18:00:00,1144.773
2025-10-24 18:30:00,1112.558
2025-10-24 19:00:00,1035.098
2025-10-24 19:30:00,955.89
2025-10-24 20:00:00,963.608
2025-10-24 20:30:00,915.519
2025-10-24 21:00:00,794.54
2025-10-24 21:30:00,682.698
2025-10-24 22:00:00,633.382
2025-10-24 22:30:00,608.333
2025-10-24 23:00:00,578.921
2025-10-24 23:30:00,472.121
2025-10-25 00:00:00,179.533
2025-10-25 00:30:00,187.543
2025-10-25 01:00:00,204.267
2025-10-25 01:30:00,174.076
2025-10-25 02:00:00,143.594
2025-10-25 02:30:00,198.262
2025-10-25 03:00:00,210.925
2025-10-25 03:30:00,180.863
2025-10-25 04:00:00,193.262
2025-10-25 04:30:00,171.597
2025-10-25 05:00:00,162.836
2025-10-25 05:30:00,210.446
2025-10-25 06:00:00,195.694
2025-10-25 06:30:00,200.076
2025-10-25 07:00:00,227.995
2025-10-25 07:30:00,167.794
2025-10-25 08:00:00,185.526
2025-10-25 08:30:00,210.269
2025-10-25 09:00:00,201.473
2025-10-25 09:30:00,247.132
2025-10-25 10:00:00,237.979
2025-10-25 10:30:00,236.457
2025-10-25 11:00:00,285.249
2025-10-25 11:30:00,313.973
2025-10-25 12:00:00,362.777
2025-10-25 12:30:00,382.043
2025-10-25 13:00:00,418.873
2025-10-25 13:30:00,451.717
2025-10-25 14:00:00,475.248
2025-10-25 14:30:00,496.62
2025-10-25 15:00:00,553.002
2025-10-25 15:30:00,563.783
2025-10-25 16:00:00,634.326
2025-10-25 16:30:00,638.104
2025-10-25 17:00:00,624.611
2025-10-25 17:30:00,614.011
2025-10-25 18:00:00,589.881
2025-10-25 18:30:00,540.583
2025-10-25 19:00:00,540.376
2025-10-25 19:30:00,517.06
2025-10-25 20:00:00,485.69
2025-10-25 20:30:00,455.448
2025-10-25 21:00:00,430.378
2025-10-25 21:30:00,354.911
2025-10-25 22:00:00,322.333
2025-10-25 22:30:00,345.986
2025-10-25 23:00:00,302.879
2025-10-25 23:30:00,251.501
2025-10-26 00:00:00,179.961
2025-10-26 00:30:00,180.077
2025-10-26 01:00:00,183.442
2025-10-26 01:30:00,194.483
2025-10-26 02:00:00,246.064
2025-10-26 02:30:00,187.476
2025-10-26 03:00:00,199.37
2025-10-26 03:30:00,140.766
2025-10-26 04:00:00,171.009
2025-10-26 04:30:00,214.18
2025-10-26 05:00:00,194.038
2025-10-26 05:30:00,75.058
2025-10-26 06:00:00,202.857
2025-10-26 06:30:00,235.771
2025-10-26 07:00:00,140.545
2025-10-26 07:30:00,232.15
2025-10-26 08:00:00,130.028
2025-10-26 08:30:00,229.771
2025-10-26 09:00:00,215.364
2025-10-26 09:30:00,168.804
2025-10-26 10:00:00,253.818
2025-10-26 10:30:00,290.042
2025-10-26 11:00:00,292.702
2025-10-26 11:30:00,324.335
2025-10-26 12:00:00,329.118
2025-10-26 12:30:00,325.68
2025-10-26 13:00:00,424.641
2025-10-26 13:30:00,487.453
2025-10-26 14:00:00,508.193
2025-10-26 14:30:00,464.828
2025-10-26 15:00:00,507.908
2025-10-26 15:30:00,550.962
2025-10-26 16:00:00,552.256
2025-10-26 16:30:00,605.654
2025-10-26 17:00:00,618.625
2025-10-26 17:30:00,568.793
2025-10-26 18:00:00,611.509
2025-10-26 18:30:00,587.139
2025-10-26 19:00:00,532.077
2025-10-26 19:30:00,510.212
2025-10-26 20:00:00,431.209
2025-10-26 20:30:00,435.403
2025-10-26 21:00:00,407.529
2025-10-26 21:30:00,376.433
2025-10-26 22:00:00,348.882
2025-10-26 22:30:00,315.821
2025-10-26 23:00:00,276.996
2025-10-26 23:30:00,268.425
2025-10-27 00:00:00,376.284
2025-10-27 00:30:00,348.853
2025-10-27 01:00:00,359.194
2025-10-27 01:30:00,346.626
2025-10-27 02:00:00,335.157
2025-10-27 02:30:00,364.479
2025-10-27 03:00:00,337.667
2025-10-27 03:30:00,361.438
2025-10-27 04:00:00,352.881
2025-10-27 04:30:00,345.209
2025-10-27 05:00:00,345.604
2025-10-27 05:30:00,342.654
2025-10-27 06:00:00,316.56
2025-10-27 06:30:00,370.759
2025-10-27 07:00:00,372.024
2025-10-27 07:30:00,394.636
2025-10-27 08:00:00,370.034
2025-10-27 08:30:00,444.156
2025-10-27 09:00:00,405.085
2025-10-27 09:30:00,415.725
2025-10-27 10:00:00,441.82
2025-10-27 10:30:00,459.095
2025-10-27 11:00:00,583.709
2025-10-27 11:30:00,629.882
2025-10-27 12:00:00,667.73
2025-10-27 12:30:00,693.395
2025-10-27 13:00:00,828.636
2025-10-27 13:30:00,844.495
2025-10-27 14:00:00,916.263
2025-10-27 14:30:00,1025.403
2025-10-27 15:00:00,1066.051
2025-10-27 15:30:00,1155.242
2025-10-27 16:00:00,1144.834
2025-10-27 16:30:00,1152.67
2025-10-27 17:00:00,1155.455
2025-10-27 17:30:00,1116.421
2025-10-27 18:00:00,1131.651
2025-10-27 18:30:00,1128.829
2025-10-27 19:00:00,1064.549
2025-10-27 19:30:00,989.979
2025-10-27 20:00:00,898.115
2025-10-27 20:30:00,858.959
2025-10-27 21:00:00,808.675
2025-10-27 21:30:00,726.565
2025-10-27 22:00:00,656.88
2025-10-27 22:30:00,575.681
2025-10-27 23:00:00,567.073
2025-10-27 23:30:00,424.146
2025-10-28 00:00:00,360.804
2025-10-28 00:30:00,415.498
2025-10-28 01:00:00,313.545
2025-10-28 01:30:00,345.246
2025-10-28 02:00:00,351.128
2025-10-28 02:30:00,339.843
2025-10-28 03:00:00,377.457
2025-10-28 03:30:00,363.595
2025-10-28 04:00:00,355.983
2025-10-28 04:30:00,372.739
2025-10-28 05:00:00,354.226
2025-10-28 05:30:00,434.853
2025-10-28 06:00:00,361.489
2025-10-28 06:30:00,366.069
2025-10-28 07:00:00,323.473
2025-10-28 07:30:00,359.808
2025-10-28 08:00:00,412.005
2025-10-28 08:30:00,363.385
2025-10-28 09:00:00,360.639
2025-10-28 09:30:00,438.41
2025-10-28 10:00:00,500.931
2025-10-28 10:30:00,503.503
2025-10-28 11:00:00,536.99
2025-10-28 11:30:00,549.143
2025-10-28 12:00:00,664.018
2025-10-28 12:30:00,732.329
2025-10-28 13:00:00,738.811
2025-10-28 13:30:00,881.651
2025-10-28 14:00:00,942.131
2025-10-28 14:30:00,1017.78
2025-10-28 15:00:00,1064.166
2025-10-28 15:30:00,1116.557
2025-10-28 16:00:00,1151.634
2025-10-28 16:30:00,1184.307
2025-10-28 17:00:00,1125.281
2025-10-28 17:30:00,1125.069
2025-10-28 18:00:00,1120.216
2025-10-28 18:30:00,1096.969
2025-10-28 19:00:00,1059.282
2025-10-28 19:30:00,997.589
2025-10-28 20:00:00,950.916
2025-10-28 20:30:00,882.0
2025-10-28 21:00:00,761.545
2025-10-28 21:30:00,721.762
2025-10-28 22:00:00,631.516
2025-10-28 22:30:00,590.899
2025-10-28 23:00:00,553.438
2025-10-28 23:30:00,417.226
2025-10-29 00:00:00,411.514
2025-10-29 00:30:00,365.4
2025-10-29 01:00:00,336.362
2025-10-29 01:30:00,399.464
2025-10-29 02:00:00,342.64
2025-10-29 02:30:00,354.72
2025-10-29 03:00:00,339.37
2025-10-29 03:30:00,393.084
2025-10-29 04:00:00,349.55
2025-10-29 04:30:00,356.544
2025-10-29 05:00:00,383.902
2025-10-29 05:30:00,369.985
2025-10-29 06:00:00,356.346
2025-10-29 06:30:00,388.946
2025-10-29 07:00:00,429.697
2025-10-29 07:30:00,381.33
2025-10-29 08:00:00,386.24
2025-10-29 08:30:00,401.037
2025-10-29 09:00:00,447.339
2025-10-29 09:30:00,422.622
2025-10-29 10:00:00,459.704
2025-10-29 10:30:00,464.007
2025-10-29 11:00:00,515.797
2025-10-29 11:30:00,582.66
2025-10-29 12:00:00,651.313
2025-10-29 12:30:00,760.024
2025-10-29 13:00:00,796.754
2025-10-29 13:30:00,830.486
2025-10-29 14:00:00,904.789
2025-10-29 14:30:00,1023.84
2025-10-29 15:00:00,1077.743
2025-10-29 15:30:00,1100.918
2025-10-29 16:00:00,1127.553
2025-10-29 16:30:00,1190.719
2025-10-29 17:00:00,1145.917
2025-10-29 17:30:00,1172.396
2025-10-29 18:00:00,1195.432
2025-10-29 18:30:00,1105.348
2025-10-29 19:00:00,1030.188
2025-10-29 19:30:00,999.731
2025-10-29 20:00:00,911.238
2025-10-29 20:30:00,818.435
2025-10-29 21:00:00,800.88
2025-10-29 21:30:00,743.743
2025-10-29 22:00:00,644.939
2025-10-29 22:30:00,586.174
2025-10-29 23:00:00,521.354
2025-10-29 23:30:00,498.695
2025-10-30 00:00:00,337.174
2025-10-30 00:30:00,325.964
2025-10-30 01:00:00,398.558
2025-10-30 01:30:00,362.942
2025-10-30 02:00:00,365.636
2025-10-30 02:30:00,373.492
2025-10-30 03:00:00,370.824
2025-10-30 03:30:00,341.456
2025-10-30 04:00:00,358.989
2025-10-30 04:30:00,346.081
2025-10-30 05:00:00,364.769
2025-10-30 05:30:00,363.899
2025-10-30 06:00:00,348.139
2025-10-30 06:30:00,327.954
2025-10-30 07:00:00,369.891
2025-10-30 07:30:00,368.288
2025-10-30 08:00:00,336.061
2025-10-30 08:30:00,409.463
2025-10-30 09:00:00,438.712
2025-10-30 09:30:00,500.811
2025-10-30 10:00:00,456.882
2025-10-30 10:30:00,488.976
2025-10-30 11:00:00,517.658
2025-10-30 11:30:00,600.821
2025-10-30 12:00:00,657.769
2025-10-30 12:30:00,695.515
2025-10-30 13:00:00,778.981
2025-10-30 13:30:00,803.821
2025-10-30 14:00:00,946.148
2025-10-30 14:30:00,970.205
2025-10-30 15:00:00,1048.712
2025-10-30 15:30:00,1064.547
2025-10-30 16:00:00,1124.057
2025-10-30 16:30:00,1155.606
2025-10-30 17:00:00,1170.468
2025-10-30 17:30:00,1174.589
2025-10-30 18:00:00,1174.593
2025-10-30 18:30:00,1118.532
2025-10-30 19:00:00,1073.632
2025-10-30 19:30:00,1025.624
2025-10-30 20:00:00,937.231
2025-10-30 20:30:00,852.37
2025-10-30 21:00:00,808.582
2025-10-30 21:30:00,742.623
2025-10-30 22:00:00,668.926
2025-10-30 22:30:00,559.239
2025-10-30 23:00:00,524.357
2025-10-30 23:30:00,495.572
2025-10-31 00:00:00,370.723
2025-10-31 00:30:00,350.707
2025-10-31 01:00:00,379.676
2025-10-31 01:30:00,384.161
2025-10-31 02:00:00,381.305
2025-10-31 02:30:00,381.546
2025-10-31 03:00:00,325.623
2025-10-31 03:30:00,363.85
2025-10-31 04:00:00,336.987
2025-10-31 04:30:00,311.58
2025-10-31 05:00:00,346.621
2025-10-31 05:30:00,388.475
2025-10-31 06:00:00,369.224
2025-10-31 06:30:00,411.632
2025-10-31 07:00:00,370.666
2025-10-31 07:30:00,434.59
2025-10-31 08:00:00,387.759
2025-10-31 08:30:00,397.333
2025-10-31 09:00:00,382.593
2025-10-31 09:30:00,465.366
2025-10-31 10:00:00,454.109
2025-10-31 10:30:00,486.267
2025-10-31 11:00:00,577.424
2025-10-31 11:30:00,624.561
2025-10-31 12:00:00,681.013
2025-10-31 12:30:00,706.743
2025-10-31 13:00:00,782.08
2025-10-31 13:30:00,851.791
2025-10-31 14:00:00,942.551
2025-10-31 14:30:00,1028.311
2025-10-31 15:00:00,1058.782
2025-10-31 15:30:00,1149.587
2025-10-31 16:00:00,1161.046
2025-10-31 16:30:00,1156.726
2025-10-31 17:00:00,1191.468
2025-10-31 17:30:00,1205.244
2025-10-31 18:00:00,1188.573
2025-10-31 18:30:00,1129.887
2025-10-31 19:00:00,1050.22
2025-10-31 19:30:00,984.054
2025-10-31 20:00:00,937.39
2025-10-31 20:30:00,895.137
2025-10-31 21:00:00,794.199
2025-10-31 21:30:00,727.161
2025-10-31 22:00:00,653.996
2025-10-31 22:30:00,587.408
2025-10-31 23:00:00,541.34
2025-10-31 23:30:00,505.829
2025-11-01 00:00:00,206.756
2025-11-01 00:30:00,157.814
2025-11-01 01:00:00,165.129
2025-11-01 01:30:00,142.191
2025-11-01 02:00:00,181.763
2025-11-01 02:30:00,198.052
2025-11-01 03:00:00,204.563
2025-11-01 03:30:00,169.145
2025-11-01 04:00:00,178.602
2025-11-01 04:30:00,160.699
2025-11-01 05:00:00,178.205
2025-11-01 05:30:00,173.576
2025-11-01 06:00:00,168.279
2025-11-01 06:30:00,171.89
2025-11-01 07:00:00,182.098
2025-11-01 07:30:00,166.785
2025-11-01 08:00:00,172.706
2025-11-01 08:30:00,227.725
2025-11-01 09:00:00,261.11
2025-11-01 09:30:00,173.974
2025-11-01 10:00:00,186.149
2025-11-01 10:30:00,210.395
2025-11-01 11:00:00,251.772
2025-11-01 11:30:00,300.166
2025-11-01 12:00:00,319.185
2025-11-01 12:30:00,338.126
2025-11-01 13:00:00,378.555
2025-11-01 13:30:00,380.644
2025-11-01 14:00:00,424.349
2025-11-01 14:30:00,460.955
2025-11-01 15:00:00,449.884
2025-11-01 15:30:00,484.072
2025-11-01 16:00:00,502.975
2025-11-01 16:30:00,561.3
2025-11-01 17:00:00,552.134
2025-11-01 17:30:00,557.474
2025-11-01 18:00:00,485.022
2025-11-01 18:30:00,476.015
2025-11-01 19:00:00,506.07
2025-11-01 19:30:00,391.991
2025-11-01 20:00:00,461.068
2025-11-01 20:30:00,352.363
2025-11-01 21:00:00,386.415
2025-11-01 21:30:00,311.61
2025-11-01 22:00:00,330.626
2025-11-01 22:30:00,357.975
2025-11-01 23:00:00,197.524
2025-11-01 23:30:00,251.708
2025-11-02 00:00:00,118.6
2025-11-02 00:30:00,174.476
2025-11-02 01:00:00,158.644
2025-11-02 01:30:00,167.07
2025-11-02 02:00:00,141.055
2025-11-02 02:30:00,183.399
2025-11-02 03:00:00,127.742
2025-11-02 03:30:00,195.102
2025-11-02 04:00:00,154.012
2025-11-02 04:30:00,129.471
2025-11-02 05:00:00,204.878
2025-11-02 05:30:00,164.043
2025-11-02 06:00:00,214.513
2025-11-02 06:30:00,198.98
2025-11-02 07:00:00,150.847
2025-11-02 07:30:00,172.014
2025-11-02 08:00:00,181.794
2025-11-02 08:30:00,223.199
2025-11-02 09:00:00,204.284
2025-11-02 09:30:00,208.491
2025-11-02 10:00:00,212.639
2025-11-02 10:30:00,233.059
2025-11-02 11:00:00,286.969
2025-11-02 11:30:00,277.864
2025-11-02 12:00:00,294.529
2025-11-02 12:30:00,319.712
2025-11-02 13:00:00,351.487
2025-11-02 13:30:00,362.893
2025-11-02 14:00:00,411.693
2025-11-02 14:30:00,498.918
2025-11-02 15:00:00,484.324
2025-11-02 15:30:00,530.715
2025-11-02 16:00:00,469.045
2025-11-02 16:30:00,556.405
2025-11-02 17:00:00,541.966
2025-11-02 17:30:00,530.161
2025-11-02 18:00:00,535.538
2025-11-02 18:30:00,500.709
2025-11-02 19:00:00,436.392
2025-11-02 19:30:00,484.514
2025-11-02 20:00:00,436.527
2025-11-02 20:30:00,390.097
2025-11-02 21:00:00,341.177
2025-11-02 21:30:00,297.078
2025-11-02 22:00:00,310.001
2025-11-02 22:30:00,318.107
2025-11-02 23:00:00,259.433
2025-11-02 23:30:00,199.754
2025-11-03 00:00:00,320.635
2025-11-03 00:30:00,313.68
2025-11-03 01:00:00,336.627
2025-11-03 01:30:00,330.218
2025-11-03 02:00:00,240.445
2025-11-03 02:30:00,328.795
2025-11-03 03:00:00,290.202
2025-11-03 03:30:00,279.958
2025-11-03 04:00:00,311.14
2025-11-03 04:30:00,326.693
2025-11-03 05:00:00,276.298
2025-11-03 05:30:00,336.32
2025-11-03 06:00:00,339.895
2025-11-03 06:30:00,325.108
2025-11-03 07:00:00,306.771
2025-11-03 07:30:00,310.399
2025-11-03 08:00:00,369.434
2025-11-03 08:30:00,318.068
2025-11-03 09:00:00,398.431
2025-11-03 09:30:00,388.338
2025-11-03 10:00:00,416.135
2025-11-03 10:30:00,407.92
2025-11-03 11:00:00,485.474
2025-11-03 11:30:00,549.515
2025-11-03 12:00:00,551.981
2025-11-03 12:30:00,654.437
2025-11-03 13:00:00,704.785
2025-11-03 13:30:00,749.187
2025-11-03 14:00:00,849.159
2025-11-03 14:30:00,832.362
2025-11-03 15:00:00,949.993
2025-11-03 15:30:00,1027.225
2025-11-03 16:00:00,1057.179
2025-11-03 16:30:00,1052.432
2025-11-03 17:00:00,1042.458
2025-11-03 17:30:00,1026.792
2025-11-03 18:00:00,1013.607
2025-11-03 18:30:00,1000.335
2025-11-03 19:00:00,921.145
2025-11-03 19:30:00,906.354
2025-11-03 20:00:00,881.121
2025-11-03 20:30:00,763.733
2025-11-03 21:00:00,668.95
2025-11-03 21:30:00,608.352
2025-11-03 22:00:00,604.806
2025-11-03 22:30:00,532.681
2025-11-03 23:00:00,511.063
2025-11-03 23:30:00,437.281
2025-11-04 00:00:00,335.773
2025-11-04 00:30:00,311.056
2025-11-04 01:00:00,296.714
2025-11-04 01:30:00,305.024
2025-11-04 02:00:00,285.164
2025-11-04 02:30:00,364.898
2025-11-04 03:00:00,312.88
2025-11-04 03:30:00,331.614
2025-11-04 04:00:00,302.43
2025-11-04 04:30:00,290.121
2025-11-04 05:00:00,311.469
2025-11-04 05:30:00,346.236
2025-11-04 06:00:00,307.793
2025-11-04 06:30:00,302.171
2025-11-04 07:00:00,332.349
2025-11-04 07:30:00,347.359
2025-11-04 08:00:00,384.857
2025-11-04 08:30:00,364.692
2025-11-04 09:00:00,387.919
2025-11-04 09:30:00,410.45
2025-11-04 10:00:00,389.706
2025-11-04 10:30:00,426.539
2025-11-04 11:00:00,462.044
2025-11-04 11:30:00,500.871
2025-11-04 12:00:00,605.278
2025-11-04 12:30:00,649.222
2025-11-04 13:00:00,704.547
2025-11-04 13:30:00,700.462
2025-11-04 14:00:00,879.179
2025-11-04 14:30:00,865.062
2025-11-04 15:00:00,992.621
2025-11-04 15:30:00,950.508
2025-11-04 16:00:00,1000.87
2025-11-04 16:30:00,987.615
2025-11-04 17:00:00,1059.053
2025-11-04 17:30:00,1015.155
2025-11-04 18:00:00,994.355
2025-11-04 18:30:00,952.427
2025-11-04 19:00:00,960.76
2025-11-04 19:30:00,905.205
2025-11-04 20:00:00,873.093
2025-11-04 20:30:00,748.138
2025-11-04 21:00:00,708.03
2025-11-04 21:30:00,609.737
2025-11-04 22:00:00,577.015
2025-11-04 22:30:00,521.204
2025-11-04 23:00:00,500.753
2025-11-04 23:30:00,476.047
2025-11-05 00:00:00,339.784
2025-11-05 00:30:00,293.943
2025-11-05 01:00:00,339.988
2025-11-05 01:30:00,313.947
2025-11-05 02:00:00,306.976
2025-11-05 02:30:00,297.451
2025-11-05 03:00:00,301.291
2025-11-05 03:30:00,359.059
2025-11-05 04:00:00,323.537
2025-11-05 04:30:00,320.784
2025-11-05 05:00:00,310.76
2025-11-05 05:30:00,379.855
2025-11-05 06:00:00,353.437
2025-11-05 06:30:00,305.908
2025-11-05 07:00:00,321.622
2025-11-05 07:30:00,329.527
2025-11-05 08:00:00,347.432
2025-11-05 08:30:00,338.318
2025-11-05 09:00:00,382.789
2025-11-05 09:30:00,428.771
2025-11-05 10:00:00,385.69
2025-11-05 10:30:00,422.418
2025-11-05 11:00:00,477.063
2025-11-05 11:30:00,523.255
2025-11-05 12:00:00,635.353
2025-11-05 12:30:00,667.013
2025-11-05 13:00:00,726.168
2025-11-05 13:30:00,758.671
2025-11-05 14:00:00,820.634
2025-11-05 14:30:00,851.126
2025-11-05 15:00:00,960.869
2025-11-05 15:30:00,999.016
2025-11-05 16:00:00,1053.33
2025-11-05 16:30:00,1037.416
2025-11-05 17:00:00,1046.456
2025-11-05 17:30:00,1046.938
2025-11-05 18:00:00,1043.478
2025-11-05 18:30:00,949.984
2025-11-05 19:00:00,959.727
2025-11-05 19:30:00,886.906
2025-11-05 20:00:00,801.326
2025-11-05 20:30:00,713.165
2025-11-05 21:00:00,699.148
2025-11-05 21:30:00,678.164
2025-11-05 22:00:00,627.259
2025-11-05 22:30:00,543.059
2025-11-05 23:00:00,538.192
2025-11-05 23:30:00,449.548
2025-11-06 00:00:00,338.84
2025-11-06 00:30:00,303.733
2025-11-06 01:00:00,302.161
2025-11-06 01:30:00,298.112
2025-11-06 02:00:00,263.577
2025-11-06 02:30:00,347.341
2025-11-06 03:00:00,299.249
2025-11-06 03:30:00,295.466
2025-11-06 04:00:00,286.353
2025-11-06 04:30:00,311.31
2025-11-06 05:00:00,361.403
2025-11-06 05:30:00,371.05
2025-11-06 06:00:00,279.29
2025-11-06 06:30:00,315.073
2025-11-06 07:00:00,302.603
2025-11-06 07:30:00,359.592
2025-11-06 08:00:00,350.95
2025-11-06 08:30:00,339.934
2025-11-06 09:00:00,373.633
2025-11-06 09:30:00,380.533
2025-11-06 10:00:00,458.887
2025-11-06 10:30:00,464.296
2025-11-06 11:00:00,505.887
2025-11-06 11:30:00,467.502
2025-11-06 12:00:00,583.722
2025-11-06 12:30:00,694.051
2025-11-06 13:00:00,735.713
2025-11-06 13:30:00,719.103
2025-11-06 14:00:00,819.956
2025-11-06 14:30:00,857.381
2025-11-06 15:00:00,984.103
2025-11-06 15:30:00,992.846
2025-11-06 16:00:00,1001.985
2025-11-06 16:30:00,1043.541
2025-11-06 17:00:00,984.816
2025-11-06 17:30:00,1015.563
2025-11-06 18:00:00,1022.091
2025-11-06 18:30:00,1007.881
2025-11-06 19:00:00,892.793
2025-11-06 19:30:00,877.89
2025-11-06 20:00:00,853.034
2025-11-06 20:30:00,728.994
2025-11-06 21:00:00,708.29
2025-11-06 21:30:00,643.62
2025-11-06 22:00:00,628.251
2025-11-06 22:30:00,528.422
2025-11-06 23:00:00,484.852
2025-11-06 23:30:00,471.996
2025-11-07 00:00:00,281.848
2025-11-07 00:30:00,309.492
2025-11-07 01:00:00,303.633
2025-11-07 01:30:00,311.576
2025-11-07 02:00:00,336.301
2025-11-07 02:30:00,329.018
2025-11-07 03:00:00,296.572
2025-11-07 03:30:00,318.919
2025-11-07 04:00:00,353.113
2025-11-07 04:30:00,295.635
2025-11-07 05:00:00,320.945
2025-11-07 05:30:00,313.877
2025-11-07 06:00:00,319.237
2025-11-07 06:30:00,283.168
2025-11-07 07:00:00,363.731
2025-11-07 07:30:00,315.524
2025-11-07 08:00:00,369.437
2025-11-07 08:30:00,340.314
2025-11-07 09:00:00,356.181
2025-11-07 09:30:00,422.797
2025-11-07 10:00:00,443.378
2025-11-07 10:30:00,455.838
2025-11-07 11:00:00,508.171
2025-11-07 11:30:00,526.961
2025-11-07 12:00:00,585.182
2025-11-07 12:30:00,625.43
2025-11-07 13:00:00,725.162
2025-11-07 13:30:00,747.945
2025-11-07 14:00:00,864.921
2025-11-07 14:30:00,879.523
2025-11-07 15:00:00,941.838
2025-11-07 15:30:00,1005.708
2025-11-07 16:00:00,1021.777
2025-11-07 16:30:00,1035.239
2025-11-07 17:00:00,1049.249
2025-11-07 17:30:00,1065.032
2025-11-07 18:00:00,1004.609
2025-11-07 18:30:00,983.583
2025-11-07 19:00:00,941.583
2025-11-07 19:30:00,909.033
2025-11-07 20:00:00,825.296
2025-11-07 20:30:00,810.488
2025-11-07 21:00:00,698.646
2025-11-07 21:30:00,636.029
2025-11-07 22:00:00,581.116
2025-11-07 22:30:00,501.259
2025-11-07 23:00:00,463.224
2025-11-07 23:30:00,437.355
2025-11-08 00:00:00,192.199
2025-11-08 00:30:00,162.979
2025-11-08 01:00:00,151.698
2025-11-08 01:30:00,194.489
2025-11-08 02:00:00,202.627
2025-11-08 02:30:00,195.27
2025-11-08 03:00:00,142.623
2025-11-08 03:30:00,151.68
2025-11-08 04:00:00,209.586
2025-11-08 04:30:00,170.566
2025-11-08 05:00:00,158.314
2025-11-08 05:30:00,183.686
2025-11-08 06:00:00,192.005
2025-11-08 06:30:00,154.159
2025-11-08 07:00:00,176.286
2025-11-08 07:30:00,197.303
2025-11-08 08:00:00,149.761
2025-11-08 08:30:00,185.35
2025-11-08 09:00:00,165.486
2025-11-08 09:30:00,179.494
2025-11-08 10:00:00,203.559
2025-11-08 10:30:00,246.251
2025-11-08 11:00:00,246.303
2025-11-08 11:30:00,261.561
2025-11-08 12:00:00,305.692
2025-11-08 12:30:00,305.151
2025-11-08 13:00:00,376.051
2025-11-08 13:30:00,426.23
2025-11-08 14:00:00,428.472
2025-11-08 14:30:00,456.391
2025-11-08 15:00:00,498.825
2025-11-08 15:30:00,462.393
2025-11-08 16:00:00,544.434
2025-11-08 16:30:00,619.744
2025-11-08 17:00:00,542.933
2025-11-08 17:30:00,539.219
2025-11-08 18:00:00,549.604
2025-11-08 18:30:00,554.238
2025-11-08 19:00:00,513.864
2025-11-08 19:30:00,407.567
2025-11-08 20:00:00,444.537
2025-11-08 20:30:00,462.244
2025-11-08 21:00:00,380.892
2025-11-08 21:30:00,304.96
2025-11-08 22:00:00,311.449
2025-11-08 22:30:00,245.754
2025-11-08 23:00:00,285.174
2025-11-08 23:30:00,210.426
2025-11-09 00:00:00,165.66
2025-11-09 00:30:00,142.363
2025-11-09 01:00:00,150.152
2025-11-09 01:30:00,200.979
2025-11-09 02:00:00,166.434
2025-11-09 02:30:00,149.905
2025-11-09 03:00:00,135.32
2025-11-09 03:30:00,117.268
2025-11-09 04:00:00,132.961
2025-11-09 04:30:00,167.337
2025-11-09 05:00:00,189.51
2025-11-09 05:30:00,151.718
2025-11-09 06:00:00,206.086
2025-11-09 06:30:00,150.508
2025-11-09 07:00:00,164.85
2025-11-09 07:30:00,147.15
2025-11-09 08:00:00,203.537
2025-11-09 08:30:00,237.479
2025-11-09 09:00:00,149.3
2025-11-09 09:30:00,195.43
2025-11-09 10:00:00,249.256
2025-11-09 10:30:00,198.15
2025-11-09 11:00:00,268.521
2025-11-09 11:30:00,308.308
2025-11-09 12:00:00,306.359
2025-11-09 12:30:00,347.581
2025-11-09 13:00:00,409.354
2025-11-09 13:30:00,446.656
2025-11-09 14:00:00,428.903
2025-11-09 14:30:00,448.148
2025-11-09 15:00:00,466.49
2025-11-09 15:30:00,537.529
2025-11-09 16:00:00,496.719
2025-11-09 16:30:00,535.883
2025-11-09 17:00:00,548.567
2025-11-09 17:30:00,529.622
2025-11-09 18:00:00,538.009
2025-11-09 18:30:00,577.217
2025-11-09 19:00:00,486.449
2025-11-09 19:30:00,450.573
2025-11-09 20:00:00,455.835
2025-11-09 20:30:00,403.935
2025-11-09 21:00:00,401.315
2025-11-09 21:30:00,337.942
2025-11-09 22:00:00,298.193
2025-11-09 22:30:00,233.178
2025-11-09 23:00:00,213.86
2025-11-09 23:30:00,188.431
2025-11-10 00:00:00,324.49
2025-11-10 00:30:00,280.957
2025-11-10 01:00:00,346.416
2025-11-10 01:30:00,315.805
2025-11-10 02:00:00,308.986
2025-11-10 02:30:00,294.067
2025-11-10 03:00:00,330.846
2025-11-10 03:30:00,295.389
2025-11-10 04:00:00,291.218
2025-11-10 04:30:00,346.128
2025-11-10 05:00:00,326.182
2025-11-10 05:30:00,312.832
2025-11-10 06:00:00,336.848
2025-11-10 06:30:00,324.157
2025-11-10 07:00:00,338.037
2025-11-10 07:30:00,314.462
2025-11-10 08:00:00,395.545
2025-11-10 08:30:00,341.358
2025-11-10 09:00:00,410.719
2025-11-10 09:30:00,387.747
2025-11-10 10:00:00,438.708
2025-11-10 10:30:00,468.977
2025-11-10 11:00:00,517.813
2025-11-10 11:30:00,513.159
2025-11-10 12:00:00,612.282
2025-11-10 12:30:00,688.132
2025-11-10 13:00:00,696.093
2025-11-10 13:30:00,766.148
2025-11-10 14:00:00,814.706
2025-11-10 14:30:00,878.758
2025-11-10 15:00:00,984.111
2025-11-10 15:30:00,961.634
2025-11-10 16:00:00,997.627
2025-11-10 16:30:00,1082.959
2025-11-10 17:00:00,1065.614
2025-11-10 17:30:00,1095.696
2025-11-10 18:00:00,1009.919
2025-11-10 18:30:00,989.896
2025-11-10 19:00:00,924.809
2025-11-10 19:30:00,891.001
2025-11-10 20:00:00,783.44
2025-11-10 20:30:00,782.404
2025-11-10 21:00:00,710.647
2025-11-10 21:30:00,640.532
2025-11-10 22:00:00,575.632
2025-11-10 22:30:00,511.806
2025-11-10 23:00:00,507.335
2025-11-10 23:30:00,421.345
2025-11-11 00:00:00,327.804
2025-11-11 00:30:00,366.875
2025-11-11 01:00:00,352.164
2025-11-11 01:30:00,277.421
2025-11-11 02:00:00,301.672
2025-11-11 02:30:00,325.7
2025-11-11 03:00:00,313.532
2025-11-11 03:30:00,280.516
2025-11-11 04:00:00,325.485
2025-11-11 04:30:00,316.168
2025-11-11 05:00:00,365.174
2025-11-11 05:30:00,312.375
2025-11-11 06:00:00,350.012
2025-11-11 06:30:00,292.257
2025-11-11 07:00:00,302.762
2025-11-11 07:30:00,352.925
2025-11-11 08:00:00,370.879
2025-11-11 08:30:00,331.914
2025-11-11 09:00:00,372.421
2025-11-11 09:30:00,357.929
2025-11-11 10:00:00,414.0
2025-11-11 10:30:00,471.545
2025-11-11 11:00:00,478.268
2025-11-11 11:30:00,527.949
2025-11-11 12:00:00,557.147
2025-11-11 12:30:00,625.762
2025-11-11 13:00:00,746.513
2025-11-11 13:30:00,767.104
2025-11-11 14:00:00,802.734
2025-11-11 14:30:00,879.549
2025-11-11 15:00:00,901.39
2025-11-11 15:30:00,961.385
2025-11-11 16:00:00,1055.189
2025-11-11 16:30:00,1039.125
2025-11-11 17:00:00,1097.268
2025-11-11 17:30:00,1040.303
2025-11-11 18:00:00,1020.281
2025-11-11 18:30:00,1002.762
2025-11-11 19:00:00,874.511
2025-11-11 19:30:00,892.542
2025-11-11 20:00:00,826.567
2025-11-11 20:30:00,802.431
2025-11-11 21:00:00,726.677
2025-11-11 21:30:00,613.628
2025-11-11 22:00:00,616.445
2025-11-11 22:30:00,527.617
2025-11-11 23:00:00,466.531
2025-11-11 23:30:00,455.549
2025-11-12 00:00:00,309.938
2025-11-12 00:30:00,353.475
2025-11-12 01:00:00,323.542
2025-11-12 01:30:00,320.191
2025-11-12 02:00:00,337.607
2025-11-12 02:30:00,342.485
2025-11-12 03:00:00,334.879
2025-11-12 03:30:00,350.988
2025-11-12 04:00:00,331.069
2025-11-12 04:30:00,320.61
2025-11-12 05:00:00,348.295
2025-11-12 05:30:00,316.433
2025-11-12 06:00:00,321.643
2025-11-12 06:30:00,366.973
2025-11-12 07:00:00,369.01
2025-11-12 07:30:00,334.679
2025-11-12 08:00:00,332.447
2025-11-12 08:30:00,392.428
2025-11-12 09:00:00,391.829
2025-11-12 09:30:00,400.358
2025-11-12 10:00:00,410.484
2025-11-12 10:30:00,458.914
2025-11-12 11:00:00,488.599
2025-11-12 11:30:00,517.567
2025-11-12 12:00:00,588.617
2025-11-12 12:30:00,648.606
2025-11-12 13:00:00,693.175
2025-11-12 13:30:00,787.876
2025-11-12 14:00:00,860.013
2025-11-12 14:30:00,911.666
2025-11-12 15:00:00,934.419
2025-11-12 15:30:00,1005.635
2025-11-12 16:00:00,1023.129
2025-11-12 16:30:00,1011.793
2025-11-12 17:00:00,1066.818
2025-11-12 17:30:00,1046.34
2025-11-12 18:00:00,1086.019
2025-11-12 18:30:00,1023.171
2025-11-12 19:00:00,959.104
2025-11-12 19:30:00,893.648
2025-11-12 20:00:00,831.885
2025-11-12 20:30:00,740.188
2025-11-12 21:00:00,659.085
2025-11-12 21:30:00,620.157
2025-11-12 22:00:00,584.198
2025-11-12 22:30:00,481.537
2025-11-12 23:00:00,475.534
2025-11-12 23:30:00,444.432
2025-11-13 00:00:00,309.621
2025-11-13 00:30:00,298.471
2025-11-13 01:00:00,306.488
2025-11-13 01:30:00,358.147
2025-11-13 02:00:00,331.644
2025-11-13 02:30:00,301.156
2025-11-13 03:00:00,313.581
2025-11-13 03:30:00,314.794
2025-11-13 04:00:00,296.653
2025-11-13 04:30:00,297.191
2025-11-13 05:00:00,342.579
2025-11-13 05:30:00,308.211
2025-11-13 06:00:00,293.444
2025-11-13 06:30:00,322.856
2025-11-13 07:00:00,331.412
2025-11-13 07:30:00,285.566
2025-11-13 08:00:00,342.767
2025-11-13 08:30:00,377.548
2025-11-13 09:00:00,383.1
2025-11-13 09:30:00,448.213
2025-11-13 10:00:00,449.809
2025-11-13 10:30:00,486.845
2025-11-13 11:00:00,559.144
2025-11-13 11:30:00,553.129
2025-11-13 12:00:00,589.468
2025-11-13 12:30:00,666.314
2025-11-13 13:00:00,688.579
2025-11-13 13:30:00,767.973
2025-11-13 14:00:00,811.599
2025-11-13 14:30:00,897.368
2025-11-13 15:00:00,925.028
2025-11-13 15:30:00,969.566
2025-11-13 16:00:00,1031.517
2025-11-13 16:30:00,1039.244
2025-11-13 17:00:00,1001.812
2025-11-13 17:30:00,1006.298
2025-11-13 18:00:00,992.499
2025-11-13 18:30:00,964.665
2025-11-13 19:00:00,951.686
2025-11-13 19:30:00,892.892
2025-11-13 20:00:00,854.424
2025-11-13 20:30:00,784.1
2025-11-13 21:00:00,729.358
2025-11-13 21:30:00,657.181
2025-11-13 22:00:00,590.633
2025-11-13 22:30:00,561.659
2025-11-13 23:00:00,512.127
2025-11-13 23:30:00,460.024
2025-11-14 00:00:00,346.784
2025-11-14 00:30:00,256.369
2025-11-14 01:00:00,307.765
2025-11-14 01:30:00,307.405
2025-11-14 02:00:00,343.908
2025-11-14 02:30:00,354.449
2025-11-14 03:00:00,279.035
2025-11-14 03:30:00,350.781
2025-11-14 04:00:00,286.566
2025-11-14 04:30:00,287.889
2025-11-14 05:00:00,311.459
2025-11-14 05:30:00,310.751
2025-11-14 06:00:00,281.851
2025-11-14 06:30:00,340.181
2025-11-14 07:00:00,345.447
2025-11-14 07:30:00,361.234
2025-11-14 08:00:00,332.949
2025-11-14 08:30:00,354.859
2025-11-14 09:00:00,371.058
2025-11-14 09:30:00,434.668
2025-11-14 10:00:00,347.675
2025-11-14 10:30:00,426.698
2025-11-14 11:00:00,489.28
2025-11-14 11:30:00,507.036
2025-11-14 12:00:00,578.933
2025-11-14 12:30:00,638.819
2025-11-14 13:00:00,686.118
2025-11-14 13:30:00,766.892
2025-11-14 14:00:00,843.496
2025-11-14 14:30:00,881.512
2025-11-14 15:00:00,929.996
2025-11-14 15:30:00,982.595
2025-11-14 16:00:00,1020.994
2025-11-14 16:30:00,999.179
2025-11-14 17:00:00,1061.539
2025-11-14 17:30:00,1031.412
2025-11-14 18:00:00,1052.719
2025-11-14 18:30:00,1001.516
2025-11-14 19:00:00,970.577
2025-11-14 19:30:00,862.143
2025-11-14 20:00:00,818.507
2025-11-14 20:30:00,734.219
2025-11-14 21:00:00,684.93
2025-11-14 21:30:00,673.273
2025-11-14 22:00:00,622.579
2025-11-14 22:30:00,505.472
2025-11-14 23:00:00,477.685
2025-11-14 23:30:00,448.717
2025-11-15 00:00:00,178.444
2025-11-15 00:30:00,119.812
2025-11-15 01:00:00,123.739
2025-11-15 01:30:00,176.066
2025-11-15 02:00:00,115.121
2025-11-15 02:30:00,152.715
2025-11-15 03:00:00,168.003
2025-11-15 03:30:00,174.452
2025-11-15 04:00:00,160.7
2025-11-15 04:30:00,155.394
2025-11-15 05:00:00,186.119
2025-11-15 05:30:00,172.857
2025-11-15 06:00:00,150.647
2025-11-15 06:30:00,169.389
2025-11-15 07:00:00,180.379
2025-11-15 07:30:00,217.095
2025-11-15 08:00:00,198.427
2025-11-15 08:30:00,215.405
2025-11-15 09:00:00,178.081
2025-11-15 09:30:00,190.979
2025-11-15 10:00:00,211.752
2025-11-15 10:30:00,230.734
2025-11-15 11:00:00,229.153
2025-11-15 11:30:00,309.419
2025-11-15 12:00:00,326.487
2025-11-15 12:30:00,326.183
2025-11-15 13:00:00,381.374
2025-11-15 13:30:00,403.518
2025-11-15 14:00:00,448.448
2025-11-15 14:30:00,427.85
2025-11-15 15:00:00,485.848
2025-11-15 15:30:00,511.654
2025-11-15 16:00:00,546.605
2025-11-15 16:30:00,526.486
2025-11-15 17:00:00,483.502
2025-11-15 17:30:00,515.155
2025-11-15 18:00:00,529.488
2025-11-15 18:30:00,514.702
2025-11-15 19:00:00,531.583
2025-11-15 19:30:00,476.026
2025-11-15 20:00:00,432.49
2025-11-15 20:30:00,397.136
2025-11-15 21:00:00,392.936
2025-11-15 21:30:00,319.072
2025-11-15 22:00:00,300.896
2025-11-15 22:30:00,250.54
2025-11-15 23:00:00,289.826
2025-11-15 23:30:00,244.136
2025-11-16 00:00:00,146.116
2025-11-16 00:30:00,160.946
2025-11-16 01:00:00,176.555
2025-11-16 01:30:00,157.558
2025-11-16 02:00:00,150.485
2025-11-16 02:30:00,147.528
2025-11-16 03:00:00,172.425
2025-11-16 03:30:00,155.109
2025-11-16 04:00:00,152.899
2025-11-16 04:30:00,131.136
2025-11-16 05:00:00,166.945
2025-11-16 05:30:00,161.196
2025-11-16 06:00:00,158.781
2025-11-16 06:30:00,173.415
2025-11-16 07:00:00,189.5
2025-11-16 07:30:00,191.678
2025-11-16 08:00:00,192.587
2025-11-16 08:30:00,179.024
2025-11-16 09:00:00,179.171
2025-11-16 09:30:00,177.986
2025-11-16 10:00:00,202.807
2025-11-16 10:30:00,234.815
2025-11-16 11:00:00,234.697
2025-11-16 11:30:00,280.172
2025-11-16 12:00:00,280.267
2025-11-16 12:30:00,292.3
2025-11-16 13:00:00,385.816
2025-11-16 13:30:00,386.085
2025-11-16 14:00:00,409.526
2025-11-16 14:30:00,434.111
2025-11-16 15:00:00,500.065
2025-11-16 15:30:00,547.477
2025-11-16 16:00:00,520.937
2025-11-16 16:30:00,536.808
2025-11-16 17:00:00,572.791
2025-11-16 17:30:00,496.936
2025-11-16 18:00:00,580.185
2025-11-16 18:30:00,574.207
2025-11-16 19:00:00,421.831
2025-11-16 19:30:00,459.02
2025-11-16 20:00:00,412.478
2025-11-16 20:30:00,391.327
2025-11-16 21:00:00,354.872
2025-11-16 21:30:00,354.119
2025-11-16 22:00:00,301.589
2025-11-16 22:30:00,254.998
2025-11-16 23:00:00,250.049
2025-11-16 23:30:00,247.193
2025-11-17 00:00:00,285.414
2025-11-17 00:30:00,273.858
2025-11-17 01:00:00,364.845
2025-11-17 01:30:00,298.989
2025-11-17 02:00:00,311.657
2025-11-17 02:30:00,305.219
2025-11-17 03:00:00,328.992
2025-11-17 03:30:00,359.821
2025-11-17 04:00:00,330.35
2025-11-17 04:30:00,278.46
2025-11-17 05:00:00,282.713
2025-11-17 05:30:00,308.732
2025-11-17 06:00:00,314.106
2025-11-17 06:30:00,280.885
2025-11-17 07:00:00,348.946
2025-11-17 07:30:00,307.725
2025-11-17 08:00:00,381.118
2025-11-17 08:30:00,401.364
2025-11-17 09:00:00,365.613
2025-11-17 09:30:00,403.443
2025-11-17 10:00:00,387.732
2025-11-17 10:30:00,466.214
2025-11-17 11:00:00,476.687
2025-11-17 11:30:00,506.994
2025-11-17 12:00:00,578.158
2025-11-17 12:30:00,630.327
2025-11-17 13:00:00,694.431
2025-11-17 13:30:00,789.022
2025-11-17 14:00:00,808.159
2025-11-17 14:30:00,930.794
2025-11-17 15:00:00,908.199
2025-11-17 15:30:00,1027.125
2025-11-17 16:00:00,995.767
2025-11-17 16:30:00,1042.661
2025-11-17 17:00:00,1037.745
2025-11-17 17:30:00,1034.093
2025-11-17 18:00:00,1041.214
2025-11-17 18:30:00,1024.235
2025-11-17 19:00:00,971.089
2025-11-17 19:30:00,877.297
2025-11-17 20:00:00,832.398
2025-11-17 20:30:00,745.728
2025-11-17 21:00:00,677.771
2025-11-17 21:30:00,613.313
2025-11-17 22:00:00,574.452
2025-11-17 22:30:00,540.415
2025-11-17 23:00:00,441.347
2025-11-17 23:30:00,449.463
2025-11-18 00:00:00,352.908
2025-11-18 00:30:00,343.061
2025-11-18 01:00:00,300.397
2025-11-18 01:30:00,280.127
2025-11-18 02:00:00,326.586
2025-11-18 02:30:00,257.228
2025-11-18 03:00:00,343.043
2025-11-18 03:30:00,310.162
2025-11-18 04:00:00,361.635
2025-11-18 04:30:00,273.245
2025-11-18 05:00:00,340.27
2025-11-18 05:30:00,316.193
2025-11-18 06:00:00,312.535
2025-11-18 06:30:00,289.688
2025-11-18 07:00:00,343.356
2025-11-18 07:30:00,351.787
2025-11-18 08:00:00,388.414
2025-11-18 08:30:00,381.05
2025-11-18 09:00:00,356.972
2025-11-18 09:30:00,367.372
2025-11-18 10:00:00,384.319
2025-11-18 10:30:00,487.452
2025-11-18 11:00:00,469.688
2025-11-18 11:30:00,571.181
2025-11-18 12:00:00,598.518
2025-11-18 12:30:00,650.218
2025-11-18 13:00:00,694.888
2025-11-18 13:30:00,781.797
2025-11-18 14:00:00,827.405
2025-11-18 14:30:00,878.188
2025-11-18 15:00:00,958.726
2025-11-18 15:30:00,983.14
2025-11-18 16:00:00,1001.222
2025-11-18 16:30:00,1057.682
2025-11-18 17:00:00,1048.4
2025-11-18 17:30:00,1054.909
2025-11-18 18:00:00,1009.834
2025-11-18 18:30:00,956.511
2025-11-18 19:00:00,984.703
2025-11-18 19:30:00,926.084
2025-11-18 20:00:00,849.887
2025-11-18 20:30:00,755.585
2025-11-18 21:00:00,695.052
2025-11-18 21:30:00,676.529
2025-11-18 22:00:00,576.546
2025-11-18 22:30:00,518.361
2025-11-18 23:00:00,535.948
2025-11-18 23:30:00,449.43
2025-11-19 00:00:00,359.218
2025-11-19 00:30:00,280.054
2025-11-19 01:00:00,327.981
2025-11-19 01:30:00,366.826
2025-11-19 02:00:00,315.834
2025-11-19 02:30:00,308.564
2025-11-19 03:00:00,286.096
2025-11-19 03:30:00,342.56
2025-11-19 04:00:00,296.599
2025-11-19 04:30:00,314.049
2025-11-19 05:00:00,286.454
2025-11-19 05:30:00,357.628
2025-11-19 06:00:00,349.684
2025-11-19 06:30:00,323.144
2025-11-19 07:00:00,299.608
2025-11-19 07:30:00,373.281
2025-11-19 08:00:00,334.637
2025-11-19 08:30:00,328.218
2025-11-19 09:00:00,327.766
2025-11-19 09:30:00,376.319
2025-11-19 10:00:00,382.165
2025-11-19 10:30:00,435.051
2025-11-19 11:00:00,507.752
2025-11-19 11:30:00,524.79
2025-11-19 12:00:00,594.284
2025-11-19 12:30:00,623.887
2025-11-19 13:00:00,704.189
2025-11-19 13:30:00,813.303
2025-11-19 14:00:00,819.08
2025-11-19 14:30:00,897.029
2025-11-19 15:00:00,902.188
2025-11-19 15:30:00,1024.742
2025-11-19 16:00:00,1009.25
2025-11-19 16:30:00,1068.95
2025-11-19 17:00:00,1046.92
2025-11-19 17:30:00,1057.976
2025-11-19 18:00:00,1037.956
2025-11-19 18:30:00,975.428
2025-11-19 19:00:00,968.623
2025-11-19 19:30:00,868.444
2025-11-19 20:00:00,847.24
2025-11-19 20:30:00,755.525
2025-11-19 21:00:00,711.299
2025-11-19 21:30:00,630.421
2025-11-19 22:00:00,586.641
2025-11-19 22:30:00,507.308
2025-11-19 23:00:00,495.331
2025-11-19 23:30:00,451.727
2025-11-20 00:00:00,301.503
2025-11-20 00:30:00,313.638
2025-11-20 01:00:00,318.376
2025-11-20 01:30:00,299.64
2025-11-20 02:00:00,311.872
2025-11-20 02:30:00,290.025
2025-11-20 03:00:00,373.933
2025-11-20 03:30:00,341.979
2025-11-20 04:00:00,322.679
2025-11-20 04:30:00,345.722
2025-11-20 05:00:00,267.835
2025-11-20 05:30:00,254.764
2025-11-20 06:00:00,310.829
2025-11-20 06:30:00,289.47
2025-11-20 07:00:00,322.547
2025-11-20 07:30:00,340.025
2025-11-20 08:00:00,366.796
2025-11-20 08:30:00,327.392
2025-11-20 09:00:00,381.81
2025-11-20 09:30:00,392.828
2025-11-20 10:00:00,427.219
2025-11-20 10:30:00,437.628
2025-11-20 11:00:00,523.72
2025-11-20 11:30:00,531.587
2025-11-20 12:00:00,629.746
2025-11-20 12:30:00,622.211
2025-11-20 13:00:00,721.131
2025-11-20 13:30:00,763.789
2025-11-20 14:00:00,819.599
2025-11-20 14:30:00,903.226
2025-11-20 15:00:00,933.846
2025-11-20 15:30:00,920.19
2025-11-20 16:00:00,944.609
2025-11-20 16:30:00,1074.497
2025-11-20 17:00:00,1080.756
2025-11-20 17:30:00,1089.87
2025-11-20 18:00:00,1020.742
2025-11-20 18:30:00,954.424
2025-11-20 19:00:00,930.836
2025-11-20 19:30:00,887.704
2025-11-20 20:00:00,802.616
2025-11-20 20:30:00,806.495
2025-11-20 21:00:00,758.548
2025-11-20 21:30:00,653.928
2025-11-20 22:00:00,585.12
2025-11-20 22:30:00,501.801
2025-11-20 23:00:00,527.803
2025-11-20 23:30:00,452.53
2025-11-21 00:00:00,307.778
2025-11-21 00:30:00,327.043
2025-11-21 01:00:00,300.383
2025-11-21 01:30:00,318.721
2025-11-21 02:00:00,279.029
2025-11-21 02:30:00,342.341
2025-11-21 03:00:00,312.679
2025-11-21 03:30:00,344.472
2025-11-21 04:00:00,310.824
2025-11-21 04:30:00,313.014
2025-11-21 05:00:00,287.008
2025-11-21 05:30:00,337.7
2025-11-21 06:00:00,298.916
2025-11-21 06:30:00,311.773
2025-11-21 07:00:00,328.488
2025-11-21 07:30:00,337.914
2025-11-21 08:00:00,301.133
2025-11-21 08:30:00,350.078
2025-11-21 09:00:00,391.7
2025-11-21 09:30:00,383.01
2025-11-21 10:00:00,412.913
2025-11-21 10:30:00,454.682
2025-11-21 11:00:00,485.993
2025-11-21 11:30:00,508.412
2025-11-21 12:00:00,584.483
2025-11-21 12:30:00,666.823
2025-11-21 13:00:00,676.281
2025-11-21 13:30:00,755.918
2025-11-21 14:00:00,793.251
2025-11-21 14:30:00,910.953
2025-11-21 15:00:00,939.017
2025-11-21 15:30:00,965.484
2025-11-21 16:00:00,1023.487
2025-11-21 16:30:00,1012.597
2025-11-21 17:00:00,1024.163
2025-11-21 17:30:00,1006.183
2025-11-21 18:00:00,994.511
2025-11-21 18:30:00,1020.673
2025-11-21 19:00:00,922.998
2025-11-21 19:30:00,899.074
2025-11-21 20:00:00,806.885
2025-11-21 20:30:00,784.269
2025-11-21 21:00:00,676.908
2025-11-21 21:30:00,642.951
2025-11-21 22:00:00,586.713
2025-11-21 22:30:00,592.37
2025-11-21 23:00:00,504.903
2025-11-21 23:30:00,435.799
2025-11-22 00:00:00,180.93
2025-11-22 00:30:00,217.261
2025-11-22 01:00:00,123.073
2025-11-22 01:30:00,142.764
2025-11-22 02:00:00,157.925
2025-11-22 02:30:00,153.458
2025-11-22 03:00:00,155.632
2025-11-22 03:30:00,131.455
2025-11-22 04:00:00,199.342
2025-11-22 04:30:00,128.973
2025-11-22 05:00:00,159.999
2025-11-22 05:30:00,191.873
2025-11-22 06:00:00,166.067
2025-11-22 06:30:00,143.961
2025-11-22 07:00:00,137.083
2025-11-22 07:30:00,168.389
2025-11-22 08:00:00,159.843
2025-11-22 08:30:00,190.172
2025-11-22 09:00:00,158.31
2025-11-22 09:30:00,224.409
2025-11-22 10:00:00,220.525
2025-11-22 10:30:00,239.069
2025-11-22 11:00:00,290.381
2025-11-22 11:30:00,266.826
2025-11-22 12:00:00,286.258
2025-11-22 12:30:00,320.131
2025-11-22 13:00:00,360.518
2025-11-22 13:30:00,395.672
2025-11-22 14:00:00,409.684
2025-11-22 14:30:00,410.881
2025-11-22 15:00:00,475.466
2025-11-22 15:30:00,522.1
2025-11-22 16:00:00,534.42
2025-11-22 16:30:00,572.186
2025-11-22 17:00:00,594.887
2025-11-22 17:30:00,561.18
2025-11-22 18:00:00,565.577
2025-11-22 18:30:00,532.274
2025-11-22 19:00:00,532.237
2025-11-22 19:30:00,507.729
2025-11-22 20:00:00,454.231
2025-11-22 20:30:00,415.605
2025-11-22 21:00:00,360.2
2025-11-22 21:30:00,332.791
2025-11-22 22:00:00,295.958
2025-11-22 22:30:00,293.302
2025-11-22 23:00:00,236.345
2025-11-22 23:30:00,229.546
2025-11-23 00:00:00,104.924
2025-11-23 00:30:00,206.884
2025-11-23 01:00:00,158.302
2025-11-23 01:30:00,175.215
2025-11-23 02:00:00,200.292
2025-11-23 02:30:00,171.392
2025-11-23 03:00:00,200.059
2025-11-23 03:30:00,133.017
2025-11-23 04:00:00,224.177
2025-11-23 04:30:00,191.716
2025-11-23 05:00:00,170.234
2025-11-23 05:30:00,201.354
2025-11-23 06:00:00,137.606
2025-11-23 06:30:00,161.23
2025-11-23 07:00:00,206.906
2025-11-23 07:30:00,127.463
2025-11-23 08:00:00,192.78
2025-11-23 08:30:00,198.346
2025-11-23 09:00:00,242.577
2025-11-23 09:30:00,164.51
2025-11-23 10:00:00,257.877
2025-11-23 10:30:00,220.337
2025-11-23 11:00:00,243.179
2025-11-23 11:30:00,247.221
2025-11-23 12:00:00,277.207
2025-11-23 12:30:00,343.913
2025-11-23 13:00:00,337.523
2025-11-23 13:30:00,416.453
2025-11-23 14:00:00,413.878
2025-11-23 14:30:00,431.132
2025-11-23 15:00:00,476.294
2025-11-23 15:30:00,521.522
2025-11-23 16:00:00,524.08
2025-11-23 16:30:00,543.052
2025-11-23 17:00:00,563.405
2025-11-23 17:30:00,569.258
2025-11-23 18:00:00,523.261
2025-11-23 18:30:00,486.999
2025-11-23 19:00:00,491.392
2025-11-23 19:30:00,473.224
2025-11-23 20:00:00,393.934
2025-11-23 20:30:00,375.681
2025-11-23 21:00:00,347.351
2025-11-23 21:30:00,328.629
2025-11-23 22:00:00,285.378
2025-11-23 22:30:00,295.447
2025-11-23 23:00:00,214.225
2025-11-23 23:30:00,194.83
2025-11-24 00:00:00,306.66
2025-11-24 00:30:00,310.622
2025-11-24 01:00:00,278.66
2025-11-24 01:30:00,299.881
2025-11-24 02:00:00,305.065
2025-11-24 02:30:00,305.331
2025-11-24 03:00:00,319.086
2025-11-24 03:30:00,298.962
2025-11-24 04:00:00,352.798
2025-11-24 04:30:00,328.624
2025-11-24 05:00:00,297.138
2025-11-24 05:30:00,321.068
2025-11-24 06:00:00,323.912
2025-11-24 06:30:00,354.302
2025-11-24 07:00:00,313.452
2025-11-24 07:30:00,354.067
2025-11-24 08:00:00,344.832
2025-11-24 08:30:00,393.138
2025-11-24 09:00:00,404.091
2025-11-24 09:30:00,397.393
2025-11-24 10:00:00,411.974
2025-11-24 10:30:00,463.287
2025-11-24 11:00:00,484.631
2025-11-24 11:30:00,576.183
2025-11-24 12:00:00,587.353
2025-11-24 12:30:00,631.83
2025-11-24 13:00:00,691.07
2025-11-24 13:30:00,734.955
2025-11-24 14:00:00,841.706
2025-11-24 14:30:00,866.918
2025-11-24 15:00:00,968.779
2025-11-24 15:30:00,954.416
2025-11-24 16:00:00,1024.361
2025-11-24 16:30:00,1071.442
2025-11-24 17:00:00,996.194
2025-11-24 17:30:00,1093.143
2025-11-24 18:00:00,1010.548
2025-11-24 18:30:00,990.267
2025-11-24 19:00:00,955.612
2025-11-24 19:30:00,905.572
2025-11-24 20:00:00,834.639
2025-11-24 20:30:00,790.215
2025-11-24 21:00:00,715.537
2025-11-24 21:30:00,685.993
2025-11-24 22:00:00,598.45
2025-11-24 22:30:00,583.291
2025-11-24 23:00:00,511.669
2025-11-24 23:30:00,405.478
2025-11-25 00:00:00,380.285
2025-11-25 00:30:00,300.655
2025-11-25 01:00:00,352.415
2025-11-25 01:30:00,315.719
2025-11-25 02:00:00,341.618
2025-11-25 02:30:00,297.952
2025-11-25 03:00:00,330.933
2025-11-25 03:30:00,309.172
2025-11-25 04:00:00,355.327
2025-11-25 04:30:00,327.386
2025-11-25 05:00:00,340.715
2025-11-25 05:30:00,264.604
2025-11-25 06:00:00,318.672
2025-11-25 06:30:00,334.198
2025-11-25 07:00:00,334.052
2025-11-25 07:30:00,358.912
2025-11-25 08:00:00,334.638
2025-11-25 08:30:00,357.068
2025-11-25 09:00:00,401.35
2025-11-25 09:30:00,335.501
2025-11-25 10:00:00,433.265
2025-11-25 10:30:00,442.275
2025-11-25 11:00:00,466.334
2025-11-25 11:30:00,542.589
2025-11-25 12:00:00,616.078
2025-11-25 12:30:00,667.949
2025-11-25 13:00:00,699.182
2025-11-25 13:30:00,787.174
2025-11-25 14:00:00,849.494
2025-11-25 14:30:00,885.234
2025-11-25 15:00:00,923.999
2025-11-25 15:30:00,970.859
2025-11-25 16:00:00,1042.127
2025-11-25 16:30:00,1041.633
2025-11-25 17:00:00,1023.845
2025-11-25 17:30:00,1000.565
2025-11-25 18:00:00,1041.976
2025-11-25 18:30:00,973.07
2025-11-25 19:00:00,949.585
2025-11-25 19:30:00,918.411
2025-11-25 20:00:00,795.069
2025-11-25 20:30:00,764.152
2025-11-25 21:00:00,698.293
2025-11-25 21:30:00,651.464
2025-11-25 22:00:00,616.37
2025-11-25 22:30:00,500.939
2025-11-25 23:00:00,503.387
2025-11-25 23:30:00,476.41
2025-11-26 00:00:00,310.348
2025-11-26 00:30:00,311.578
2025-11-26 01:00:00,325.487
2025-11-26 01:30:00,323.67
2025-11-26 02:00:00,329.65
2025-11-26 02:30:00,329.196
2025-11-26 03:00:00,290.74
2025-11-26 03:30:00,340.258
2025-11-26 04:00:00,345.022
2025-11-26 04:30:00,321.071
2025-11-26 05:00:00,279.962
2025-11-26 05:30:00,315.837
2025-11-26 06:00:00,325.672
2025-11-26 06:30:00,295.319
2025-11-26 07:00:00,319.459
2025-11-26 07:30:00,299.649
2025-11-26 08:00:00,358.968
2025-11-26 08:30:00,359.997
2025-11-26 09:00:00,330.674
2025-11-26 09:30:00,401.255
2025-11-26 10:00:00,417.118
2025-11-26 10:30:00,463.532
2025-11-26 11:00:00,479.354
2025-11-26 11:30:00,514.138
2025-11-26 12:00:00,566.12
2025-11-26 12:30:00,628.516
2025-11-26 13:00:00,703.031
2025-11-26 13:30:00,768.979
2025-11-26 14:00:00,823.024
2025-11-26 14:30:00,876.836
2025-11-26 15:00:00,932.541
2025-11-26 15:30:00,1049.433
2025-11-26 16:00:00,1001.912
2025-11-26 16:30:00,1028.737
2025-11-26 17:00:00,1132.346
2025-11-26 17:30:00,1053.212
2025-11-26 18:00:00,986.681
2025-11-26 18:30:00,1007.807
2025-11-26 19:00:00,918.575
2025-11-26 19:30:00,910.145
2025-11-26 20:00:00,822.518
2025-11-26 20:30:00,754.286
2025-11-26 21:00:00,742.789
2025-11-26 21:30:00,656.131
2025-11-26 22:00:00,609.716
2025-11-26 22:30:00,545.048
2025-11-26 23:00:00,478.031
2025-11-26 23:30:00,465.906
2025-11-27 00:00:00,345.237
2025-11-27 00:30:00,318.382
2025-11-27 01:00:00,360.067
2025-11-27 01:30:00,336.311
2025-11-27 02:00:00,320.39
2025-11-27 02:30:00,321.451
2025-11-27 03:00:00,318.72
2025-11-27 03:30:00,284.221
2025-11-27 04:00:00,313.6
2025-11-27 04:30:00,321.949
2025-11-27 05:00:00,306.914
2025-11-27 05:30:00,327.148
2025-11-27 06:00:00,321.344
2025-11-27 06:30:00,343.276
2025-11-27 07:00:00,345.04
2025-11-27 07:30:00,339.062
2025-11-27 08:00:00,309.605
2025-11-27 08:30:00,400.617
2025-11-27 09:00:00,368.272
2025-11-27 09:30:00,390.446
2025-11-27 10:00:00,409.968
2025-11-27 10:30:00,438.412
2025-11-27 11:00:00,527.743
2025-11-27 11:30:00,568.826
2025-11-27 12:00:00,596.501
2025-11-27 12:30:00,639.283
2025-11-27 13:00:00,718.038
2025-11-27 13:30:00,767.125
2025-11-27 14:00:00,823.037
2025-11-27 14:30:00,895.871
2025-11-27 15:00:00,930.297
2025-11-27 15:30:00,993.046
2025-11-27 16:00:00,1026.286
2025-11-27 16:30:00,1057.76
2025-11-27 17:00:00,1034.522
2025-11-27 17:30:00,1060.44
2025-11-27 18:00:00,998.522
2025-11-27 18:30:00,972.425
2025-11-27 19:00:00,928.103
2025-11-27 19:30:00,860.617
2025-11-27 20:00:00,853.184
2025-11-27 20:30:00,741.054
2025-11-27 21:00:00,685.087
2025-11-27 21:30:00,673.356
2025-11-27 22:00:00,571.127
2025-11-27 22:30:00,529.471
2025-11-27 23:00:00,463.841
2025-11-27 23:30:00,471.446
2025-11-28 00:00:00,336.175
2025-11-28 00:30:00,333.487
2025-11-28 01:00:00,328.464
2025-11-28 01:30:00,316.889
2025-11-28 02:00:00,301.981
2025-11-28 02:30:00,294.789
2025-11-28 03:00:00,347.537
2025-11-28 03:30:00,334.622
2025-11-28 04:00:00,298.519
2025-11-28 04:30:00,317.415
2025-11-28 05:00:00,309.813
2025-11-28 05:30:00,290.5
2025-11-28 06:00:00,325.253
2025-11-28 06:30:00,313.547
2025-11-28 07:00:00,304.649
2025-11-28 07:30:00,297.905
2025-11-28 08:00:00,304.69
2025-11-28 08:30:00,346.563
2025-11-28 09:00:00,369.692
2025-11-28 09:30:00,370.586
2025-11-28 10:00:00,434.799
2025-11-28 10:30:00,448.983
2025-11-28 11:00:00,503.564
2025-11-28 11:30:00,529.602
2025-11-28 12:00:00,565.713
2025-11-28 12:30:00,644.824
2025-11-28 13:00:00,670.993
2025-11-28 13:30:00,778.766
2025-11-28 14:00:00,804.363
2025-11-28 14:30:00,910.374
2025-11-28 15:00:00,932.864
2025-11-28 15:30:00,1013.303
2025-11-28 16:00:00,993.115
2025-11-28 16:30:00,1025.742
2025-11-28 17:00:00,1059.523
2025-11-28 17:30:00,1071.949
2025-11-28 18:00:00,1062.845
2025-11-28 18:30:00,987.774
2025-11-28 19:00:00,987.269
2025-11-28 19:30:00,880.177
2025-11-28 20:00:00,855.261
2025-11-28 20:30:00,741.726
2025-11-28 21:00:00,713.065
2025-11-28 21:30:00,583.428
2025-11-28 22:00:00,557.352
2025-11-28 22:30:00,545.842
2025-11-28 23:00:00,456.331
2025-11-28 23:30:00,461.296
2025-11-29 00:00:00,186.465
2025-11-29 00:30:00,151.274
2025-11-29 01:00:00,139.59
2025-11-29 01:30:00,151.971
2025-11-29 02:00:00,139.702
2025-11-29 02:30:00,161.355
2025-11-29 03:00:00,166.503
2025-11-29 03:30:00,156.411
2025-11-29 04:00:00,206.102
2025-11-29 04:30:00,146.553
2025-11-29 05:00:00,199.79
2025-11-29 05:30:00,139.696
2025-11-29 06:00:00,168.642
2025-11-29 06:30:00,198.023
2025-11-29 07:00:00,199.084
2025-11-29 07:30:00,163.633
2025-11-29 08:00:00,192.645
2025-11-29 08:30:00,195.571
2025-11-29 09:00:00,179.847
2025-11-29 09:30:00,219.482
2025-11-29 10:00:00,264.198
2025-11-29 10:30:00,246.116
2025-11-29 11:00:00,268.513
2025-11-29 11:30:00,294.575
2025-11-29 12:00:00,267.879
2025-11-29 12:30:00,345.33
2025-11-29 13:00:00,339.912
2025-11-29 13:30:00,383.199
2025-11-29 14:00:00,484.5
2025-11-29 14:30:00,455.126
2025-11-29 15:00:00,470.985
2025-11-29 15:30:00,541.919
2025-11-29 16:00:00,507.322
2025-11-29 16:30:00,531.012
2025-11-29 17:00:00,577.226
2025-11-29 17:30:00,543.266
2025-11-29 18:00:00,491.974
2025-11-29 18:30:00,526.704
2025-11-29 19:00:00,479.578
2025-11-29 19:30:00,499.954
2025-11-29 20:00:00,415.297
2025-11-29 20:30:00,424.226
2025-11-29 21:00:00,409.724
2025-11-29 21:30:00,312.551
2025-11-29 22:00:00,299.573
2025-11-29 22:30:00,287.487
2025-11-29 23:00:00,232.92
2025-11-29 23:30:00,241.081
2025-11-30 00:00:00,158.181
2025-11-30 00:30:00,157.68
2025-11-30 01:00:00,165.037
2025-11-30 01:30:00,165.607
2025-11-30 02:00:00,167.944
2025-11-30 02:30:00,148.914
2025-11-30 03:00:00,150.071
2025-11-30 03:30:00,161.096
2025-11-30 04:00:00,163.124
2025-11-30 04:30:00,153.567
2025-11-30 05:00:00,173.103
2025-11-30 05:30:00,120.358
2025-11-30 06:00:00,148.56
2025-11-30 06:30:00,161.448
2025-11-30 07:00:00,149.397
2025-11-30 07:30:00,214.869
2025-11-30 08:00:00,179.24
2025-11-30 08:30:00,189.46
2025-11-30 09:00:00,181.265
2025-11-30 09:30:00,203.689
2025-11-30 10:00:00,187.255
2025-11-30 10:30:00,230.078
2025-11-30 11:00:00,230.929
2025-11-30 11:30:00,270.836
2025-11-30 12:00:00,240.406
2025-11-30 12:30:00,305.625
2025-11-30 13:00:00,401.929
2025-11-30 13:30:00,418.706
2025-11-30 14:00:00,463.428
2025-11-30 14:30:00,496.151
2025-11-30 15:00:00,506.314
2025-11-30 15:30:00,501.783
2025-11-30 16:00:00,505.082
2025-11-30 16:30:00,570.866
2025-11-30 17:00:00,547.614
2025-11-30 17:30:00,604.548
2025-11-30 18:00:00,521.886
2025-11-30 18:30:00,562.427
2025-11-30 19:00:00,485.57
2025-11-30 19:30:00,494.859
2025-11-30 20:00:00,472.869
2025-11-30 20:30:00,372.372
2025-11-30 21:00:00,353.206
2025-11-30 21:30:00,308.0
2025-11-30 22:00:00,273.655
2025-11-30 22:30:00,294.448
2025-11-30 23:00:00,249.438
2025-11-30 23:30:00,235.633
2025-12-01 00:00:00,292.687
2025-12-01 00:30:00,232.352
2025-12-01 01:00:00,310.967
2025-12-01 01:30:00,270.091
2025-12-01 02:00:00,292.165
2025-12-01 02:30:00,294.438
2025-12-01 03:00:00,313.301
2025-12-01 03:30:00,276.597
2025-12-01 04:00:00,226.438
2025-12-01 04:30:00,281.459
2025-12-01 05:00:00,285.842
2025-12-01 05:30:00,256.198
2025-12-01 06:00:00,287.606
2025-12-01 06:30:00,277.656
2025-12-01 07:00:00,257.12
2025-12-01 07:30:00,313.159
2025-12-01 08:00:00,290.157
2025-12-01 08:30:00,304.766
2025-12-01 09:00:00,317.495
2025-12-01 09:30:00,378.222
2025-12-01 10:00:00,369.377
2025-12-01 10:30:00,400.778
2025-12-01 11:00:00,421.875
2025-12-01 11:30:00,484.317
2025-12-01 12:00:00,551.804
2025-12-01 12:30:00,584.341
2025-12-01 13:00:00,638.937
2025-12-01 13:30:00,692.429
2025-12-01 14:00:00,698.09
2025-12-01 14:30:00,763.462
2025-12-01 15:00:00,827.949
2025-12-01 15:30:00,855.118
2025-12-01 16:00:00,877.131
2025-12-01 16:30:00,875.973
2025-12-01 17:00:00,895.587
2025-12-01 17:30:00,916.365
2025-12-01 18:00:00,902.009
2025-12-01 18:30:00,853.438
2025-12-01 19:00:00,835.046
2025-12-01 19:30:00,774.52
2025-12-01 20:00:00,759.86
2025-12-01 20:30:00,673.233
2025-12-01 21:00:00,639.174
2025-12-01 21:30:00,573.224
2025-12-01 22:00:00,483.02
2025-12-01 22:30:00,470.478
2025-12-01 23:00:00,402.0
2025-12-01 23:30:00,396.097
2025-12-02 00:00:00,260.153
2025-12-02 00:30:00,288.336
2025-12-02 01:00:00,245.239
2025-12-02 01:30:00,279.186
2025-12-02 02:00:00,293.166
2025-12-02 02:30:00,301.61
2025-12-02 03:00:00,259.927
2025-12-02 03:30:00,279.663
2025-12-02 04:00:00,284.133
2025-12-02 04:30:00,318.709
2025-12-02 05:00:00,243.791
2025-12-02 05:30:00,259.277
2025-12-02 06:00:00,354.03
2025-12-02 06:30:00,279.854
2025-12-02 07:00:00,243.414
2025-12-02 07:30:00,281.808
2025-12-02 08:00:00,235.028
2025-12-02 08:30:00,320.949
2025-12-02 09:00:00,349.304
2025-12-02 09:30:00,324.543
2025-12-02 10:00:00,358.632
2025-12-02 10:30:00,421.892
2025-12-02 11:00:00,389.135
2025-12-02 11:30:00,439.706
2025-12-02 12:00:00,512.368
2025-12-02 12:30:00,549.336
2025-12-02 13:00:00,614.419
2025-12-02 13:30:00,645.679
2025-12-02 14:00:00,737.954
2025-12-02 14:30:00,781.635
2025-12-02 15:00:00,846.803
2025-12-02 15:30:00,878.274
2025-12-02 16:00:00,908.912
2025-12-02 16:30:00,886.62
2025-12-02 17:00:00,941.565
2025-12-02 17:30:00,914.506
2025-12-02 18:00:00,899.58
2025-12-02 18:30:00,899.471
2025-12-02 19:00:00,815.087
2025-12-02 19:30:00,819.145
2025-12-02 20:00:00,768.708
2025-12-02 20:30:00,696.093
2025-12-02 21:00:00,597.25
2025-12-02 21:30:00,513.487
2025-12-02 22:00:00,545.042
2025-12-02 22:30:00,475.53
2025-12-02 23:00:00,414.261
2025-12-02 23:30:00,428.139
2025-12-03 00:00:00,257.242
2025-12-03 00:30:00,268.183
2025-12-03 01:00:00,291.92
2025-12-03 01:30:00,250.979
2025-12-03 02:00:00,276.118
2025-12-03 02:30:00,306.148
2025-12-03 03:00:00,284.309
2025-12-03 03:30:00,310.404
2025-12-03 04:00:00,307.869
2025-12-03 04:30:00,280.224
2025-12-03 05:00:00,222.406
2025-12-03 05:30:00,254.41
2025-12-03 06:00:00,303.002
2025-12-03 06:30:00,247.925
2025-12-03 07:00:00,282.522
2025-12-03 07:30:00,304.834
2025-12-03 08:00:00,340.989
2025-12-03 08:30:00,300.55
2025-12-03 09:00:00,312.973
2025-12-03 09:30:00,346.023
2025-12-03 10:00:00,379.173
2025-12-03 10:30:00,394.944
2025-12-03 11:00:00,459.122
2025-12-03 11:30:00,452.766
2025-12-03 12:00:00,521.075
2025-12-03 12:30:00,579.274
2025-12-03 13:00:00,611.76
2025-12-03 13:30:00,698.266
2025-12-03 14:00:00,736.32
2025-12-03 14:30:00,805.087
2025-12-03 15:00:00,837.926
2025-12-03 15:30:00,882.675
2025-12-03 16:00:00,887.935
2025-12-03 16:30:00,907.008
2025-12-03 17:00:00,959.86
2025-12-03 17:30:00,938.665
2025-12-03 18:00:00,878.17
2025-12-03 18:30:00,877.786
2025-12-03 19:00:00,773.729
2025-12-03 19:30:00,771.017
2025-12-03 20:00:00,756.622
2025-12-03 20:30:00,674.145
2025-12-03 21:00:00,624.713
2025-12-03 21:30:00,492.735
2025-12-03 22:00:00,508.265
2025-12-03 22:30:00,481.202
2025-12-03 23:00:00,444.523
2025-12-03 23:30:00,422.859
2025-12-04 00:00:00,273.525
2025-12-04 00:30:00,274.646
2025-12-04 01:00:00,245.495
2025-12-04 01:30:00,273.706
2025-12-04 02:00:00,247.316
2025-12-04 02:30:00,232.723
2025-12-04 03:00:00,251.902
2025-12-04 03:30:00,316.936
2025-12-04 04:00:00,272.765
2025-12-04 04:30:00,285.528
2025-12-04 05:00:00,267.987
2025-12-04 05:30:00,237.291
2025-12-04 06:00:00,307.321
2025-12-04 06:30:00,232.377
2025-12-04 07:00:00,276.819
2025-12-04 07:30:00,295.006
2025-12-04 08:00:00,310.012
2025-12-04 08:30:00,296.764
2025-12-04 09:00:00,283.111
2025-12-04 09:30:00,327.307
2025-12-04 10:00:00,351.681
2025-12-04 10:30:00,379.473
2025-12-04 11:00:00,457.142
2025-12-04 11:30:00,442.405
2025-12-04 12:00:00,525.596
2025-12-04 12:30:00,572.101
2025-12-04 13:00:00,645.777
2025-12-04 13:30:00,673.945
2025-12-04 14:00:00,752.374
2025-12-04 14:30:00,781.06
2025-12-04 15:00:00,843.933
2025-12-04 15:30:00,835.691
2025-12-04 16:00:00,837.788
2025-12-04 16:30:00,932.216
2025-12-04 17:00:00,940.03
2025-12-04 17:30:00,934.665
2025-12-04 18:00:00,890.621
2025-12-04 18:30:00,910.507
2025-12-04 19:00:00,821.576
2025-12-04 19:30:00,795.887
2025-12-04 20:00:00,747.462
2025-12-04 20:30:00,720.242
2025-12-04 21:00:00,613.84
2025-12-04 21:30:00,551.814
2025-12-04 22:00:00,480.618
2025-12-04 22:30:00,511.554
2025-12-04 23:00:00,443.426
2025-12-04 23:30:00,410.127
2025-12-05 00:00:00,356.699
2025-12-05 00:30:00,286.913
2025-12-05 01:00:00,246.24
2025-12-05 01:30:00,273.921
2025-12-05 02:00:00,254.486
2025-12-05 02:30:00,269.023
2025-12-05 03:00:00,268.966
2025-12-05 03:30:00,264.543
2025-12-05 04:00:00,244.697
2025-12-05 04:30:00,319.843
2025-12-05 05:00:00,288.296
2025-12-05 05:30:00,276.418
2025-12-05 06:00:00,302.859
2025-12-05 06:30:00,298.458
2025-12-05 07:00:00,297.581
2025-12-05 07:30:00,313.497
2025-12-05 08:00:00,307.599
2025-12-05 08:30:00,331.681
2025-12-05 09:00:00,347.888
2025-12-05 09:30:00,351.403
2025-12-05 10:00:00,364.89
2025-12-05 10:30:00,437.06
2025-12-05 11:00:00,420.943
2025-12-05 11:30:00,482.528
2025-12-05 12:00:00,528.419
2025-12-05 12:30:00,552.905
2025-12-05 13:00:00,601.57
2025-12-05 13:30:00,668.427
2025-12-05 14:00:00,720.291
2025-12-05 14:30:00,748.912
2025-12-05 15:00:00,816.786
2025-12-05 15:30:00,879.92
2025-12-05 16:00:00,935.393
2025-12-05 16:30:00,936.637
2025-12-05 17:00:00,864.262
2025-12-05 17:30:00,938.81
2025-12-05 18:00:00,889.791
2025-12-05 18:30:00,884.591
2025-12-05 19:00:00,832.72
2025-12-05 19:30:00,780.548
2025-12-05 20:00:00,730.04
2025-12-05 20:30:00,676.713
2025-12-05 21:00:00,655.376
2025-12-05 21:30:00,567.653
2025-12-05 22:00:00,545.21
2025-12-05 22:30:00,496.243
2025-12-05 23:00:00,449.567
2025-12-05 23:30:00,354.135
2025-12-06 00:00:00,172.882
2025-12-06 00:30:00,133.522
2025-12-06 01:00:00,162.868
2025-12-06 01:30:00,120.672
2025-12-06 02:00:00,115.378
2025-12-06 02:30:00,194.448
2025-12-06 03:00:00,121.172
2025-12-06 03:30:00,173.846
2025-12-06 04:00:00,148.316
2025-12-06 04:30:00,135.113
2025-12-06 05:00:00,144.908
2025-12-06 05:30:00,114.141
2025-12-06 06:00:00,147.294
2025-12-06 06:30:00,122.006
2025-12-06 07:00:00,141.272
2025-12-06 07:30:00,177.246
2025-12-06 08:00:00,164.565
2025-12-06 08:30:00,126.707
2025-12-06 09:00:00,192.398
2025-12-06 09:30:00,180.436
2025-12-06 10:00:00,179.053
2025-12-06 10:30:00,226.043
2025-12-06 11:00:00,220.923
2025-12-06 11:30:00,216.686
2025-12-06 12:00:00,315.592
2025-12-06 12:30:00,295.003
2025-12-06 13:00:00,321.283
2025-12-06 13:30:00,342.054
2025-12-06 14:00:00,410.449
2025-12-06 14:30:00,395.268
2025-12-06 15:00:00,394.574
2025-12-06 15:30:00,437.131
2025-12-06 16:00:00,503.117
2025-12-06 16:30:00,500.648
2025-12-06 17:00:00,476.835
2025-12-06 17:30:00,514.176
2025-12-06 18:00:00,488.646
2025-12-06 18:30:00,447.433
2025-12-06 19:00:00,429.05
2025-12-06 19:30:00,416.623
2025-12-06 20:00:00,360.153
2025-12-06 20:30:00,352.295
2025-12-06 21:00:00,331.031
2025-12-06 21:30:00,253.261
2025-12-06 22:00:00,264.664
2025-12-06 22:30:00,238.251
2025-12-06 23:00:00,250.805
2025-12-06 23:30:00,161.264
2025-12-07 00:00:00,135.429
2025-12-07 00:30:00,132.925
2025-12-07 01:00:00,168.977
2025-12-07 01:30:00,143.897
2025-12-07 02:00:00,189.907
2025-12-07 02:30:00,161.594
2025-12-07 03:00:00,134.841
2025-12-07 03:30:00,151.185
2025-12-07 04:00:00,136.503
2025-12-07 04:30:00,167.101
2025-12-07 05:00:00,112.724
2025-12-07 05:30:00,126.076
2025-12-07 06:00:00,159.03
2025-12-07 06:30:00,179.718
2025-12-07 07:00:00,96.109
2025-12-07 07:30:00,188.475
2025-12-07 08:00:00,154.707
2025-12-07 08:30:00,116.665
2025-12-07 09:00:00,96.068
2025-12-07 09:30:00,142.379
2025-12-07 10:00:00,192.115
2025-12-07 10:30:00,205.729
2025-12-07 11:00:00,240.933
2025-12-07 11:30:00,232.09
2025-12-07 12:00:00,241.696
2025-12-07 12:30:00,285.108
2025-12-07 13:00:00,324.158
2025-12-07 13:30:00,357.951
2025-12-07 14:00:00,361.221
2025-12-07 14:30:00,430.926
2025-12-07 15:00:00,417.663
2025-12-07 15:30:00,432.355
2025-12-07 16:00:00,456.387
2025-12-07 16:30:00,506.715
2025-12-07 17:00:00,479.89
2025-12-07 17:30:00,462.482
2025-12-07 18:00:00,493.1
2025-12-07 18:30:00,507.666
2025-12-07 19:00:00,438.44
2025-12-07 19:30:00,439.236
2025-12-07 20:00:00,406.852
2025-12-07 20:30:00,337.041
2025-12-07 21:00:00,323.984
2025-12-07 21:30:00,263.371
2025-12-07 22:00:00,264.274
2025-12-07 22:30:00,230.173
2025-12-07 23:00:00,215.031
2025-12-07 23:30:00,188.629
2025-12-08 00:00:00,271.604
2025-12-08 00:30:00,292.093
2025-12-08 01:00:00,275.811
2025-12-08 01:30:00,232.209
2025-12-08 02:00:00,260.202
2025-12-08 02:30:00,240.935
2025-12-08 03:00:00,285.133
2025-12-08 03:30:00,291.802
2025-12-08 04:00:00,285.943
2025-12-08 04:30:00,260.346
2025-12-08 05:00:00,286.996
2025-12-08 05:30:00,270.302
2025-12-08 06:00:00,255.463
2025-12-08 06:30:00,305.23
2025-12-08 07:00:00,311.14
2025-12-08 07:30:00,320.094
2025-12-08 08:00:00,289.041
2025-12-08 08:30:00,344.41
2025-12-08 09:00:00,316.72
2025-12-08 09:30:00,363.672
2025-12-08 10:00:00,357.627
2025-12-08 10:30:00,393.201
2025-12-08 11:00:00,372.361
2025-12-08 11:30:00,465.197
2025-12-08 12:00:00,520.349
2025-12-08 12:30:00,557.893
2025-12-08 13:00:00,665.67
2025-12-08 13:30:00,648.212
2025-12-08 14:00:00,718.506
2025-12-08 14:30:00,762.744
2025-12-08 15:00:00,818.979
2025-12-08 15:30:00,899.05
2025-12-08 16:00:00,940.695
2025-12-08 16:30:00,905.258
2025-12-08 17:00:00,911.175
2025-12-08 17:30:00,893.849
2025-12-08 18:00:00,936.402
2025-12-08 18:30:00,901.289
2025-12-08 19:00:00,830.424
2025-12-08 19:30:00,750.463
2025-12-08 20:00:00,699.929
2025-12-08 20:30:00,681.539
2025-12-08 21:00:00,635.499
2025-12-08 21:30:00,516.49
2025-12-08 22:00:00,510.039
2025-12-08 22:30:00,513.202
2025-12-08 23:00:00,427.453
2025-12-08 23:30:00,436.041
2025-12-09 00:00:00,295.007
2025-12-09 00:30:00,251.68
2025-12-09 01:00:00,271.481
2025-12-09 01:30:00,275.601
2025-12-09 02:00:00,255.042
2025-12-09 02:30:00,254.673
2025-12-09 03:00:00,316.7
2025-12-09 03:30:00,254.785
2025-12-09 04:00:00,306.49
2025-12-09 04:30:00,269.119
2025-12-09 05:00:00,280.184
2025-12-09 05:30:00,296.101
2025-12-09 06:00:00,268.954
2025-12-09 06:30:00,300.879
2025-12-09 07:00:00,239.528
2025-12-09 07:30:00,307.364
2025-12-09 08:00:00,242.537
2025-12-09 08:30:00,309.255
2025-12-09 09:00:00,350.416
2025-12-09 09:30:00,362.892
2025-12-09 10:00:00,337.94
2025-12-09 10:30:00,369.559
2025-12-09 11:00:00,415.674
2025-12-09 11:30:00,477.4
2025-12-09 12:00:00,467.273
2025-12-09 12:30:00,567.813
2025-12-09 13:00:00,629.551
2025-12-09 13:30:00,670.197
2025-12-09 14:00:00,745.729
2025-12-09 14:30:00,790.959
2025-12-09 15:00:00,819.532
2025-12-09 15:30:00,824.86
2025-12-09 16:00:00,907.08
2025-12-09 16:30:00,898.951
2025-12-09 17:00:00,914.791
2025-12-09 17:30:00,934.756
2025-12-09 18:00:00,939.178
2025-12-09 18:30:00,872.313
2025-12-09 19:00:00,846.925
2025-12-09 19:30:00,749.253
2025-12-09 20:00:00,738.734
2025-12-09 20:30:00,675.776
2025-12-09 21:00:00,652.496
2025-12-09 21:30:00,554.633
2025-12-09 22:00:00,512.03
2025-12-09 22:30:00,499.215
2025-12-09 23:00:00,430.59
2025-12-09 23:30:00,371.079
2025-12-10 00:00:00,342.572
2025-12-10 00:30:00,251.822
2025-12-10 01:00:00,277.181
2025-12-10 01:30:00,287.486
2025-12-10 02:00:00,285.546
2025-12-10 02:30:00,274.176
2025-12-10 03:00:00,274.412
2025-12-10 03:30:00,273.346
2025-12-10 04:00:00,251.631
2025-12-10 04:30:00,333.786
2025-12-10 05:00:00,275.325
2025-12-10 05:30:00,296.978
2025-12-10 06:00:00,275.552
2025-12-10 06:30:00,277.813
2025-12-10 07:00:00,279.303
2025-12-10 07:30:00,257.625
2025-12-10 08:00:00,300.235
2025-12-10 08:30:00,304.751
2025-12-10 09:00:00,358.348
2025-12-10 09:30:00,317.417
2025-12-10 10:00:00,355.971
2025-12-10 10:30:00,376.339
2025-12-10 11:00:00,468.954
2025-12-10 11:30:00,451.01
2025-12-10 12:00:00,532.129
2025-12-10 12:30:00,592.398
2025-12-10 13:00:00,618.112
2025-12-10 13:30:00,642.853
2025-12-10 14:00:00,698.492
2025-12-10 14:30:00,806.86
2025-12-10 15:00:00,801.558
2025-12-10 15:30:00,883.065
2025-12-10 16:00:00,906.603
2025-12-10 16:30:00,932.206
2025-12-10 17:00:00,941.04
2025-12-10 17:30:00,899.436
2025-12-10 18:00:00,879.356
2025-12-10 18:30:00,891.138
2025-12-10 19:00:00,817.34
2025-12-10 19:30:00,716.612
2025-12-10 20:00:00,748.815
2025-12-10 20:30:00,651.367
2025-12-10 21:00:00,633.444
2025-12-10 21:30:00,602.965
2025-12-10 22:00:00,518.49
2025-12-10 22:30:00,497.639
2025-12-10 23:00:00,436.736
2025-12-10 23:30:00,438.486
2025-12-11 00:00:00,252.229
2025-12-11 00:30:00,278.582
2025-12-11 01:00:00,295.627
2025-12-11 01:30:00,274.058
2025-12-11 02:00:00,307.661
2025-12-11 02:30:00,268.119
2025-12-11 03:00:00,330.765
2025-12-11 03:30:00,332.274
2025-12-11 04:00:00,286.581
2025-12-11 04:30:00,293.846
2025-12-11 05:00:00,310.617
2025-12-11 05:30:00,252.375
2025-12-11 06:00:00,251.118
2025-12-11 06:30:00,318.092
2025-12-11 07:00:00,297.539
2025-12-11 07:30:00,290.709
2025-12-11 08:00:00,304.528
2025-12-11 08:30:00,255.275
2025-12-11 09:00:00,324.296
2025-12-11 09:30:00,328.508
2025-12-11 10:00:00,393.352
2025-12-11 10:30:00,423.676
2025-12-11 11:00:00,447.308
2025-12-11 11:30:00,482.631
2025-12-11 12:00:00,480.638
2025-12-11 12:30:00,582.91
2025-12-11 13:00:00,637.5
2025-12-11 13:30:00,708.403
2025-12-11 14:00:00,785.551
2025-12-11 14:30:00,743.051
2025-12-11 15:00:00,823.361
2025-12-11 15:30:00,854.708
2025-12-11 16:00:00,908.057
2025-12-11 16:30:00,923.113
2025-12-11 17:00:00,923.398
2025-12-11 17:30:00,948.468
2025-12-11 18:00:00,876.209
2025-12-11 18:30:00,847.236
2025-12-11 19:00:00,807.468
2025-12-11 19:30:00,776.357
2025-12-11 20:00:00,701.881
2025-12-11 20:30:00,676.059
2025-12-11 21:00:00,617.628
2025-12-11 21:30:00,548.481
2025-12-11 22:00:00,539.916
2025-12-11 22:30:00,471.257
2025-12-11 23:00:00,459.457
2025-12-11 23:30:00,393.924
2025-12-12 00:00:00,278.176
2025-12-12 00:30:00,264.718
2025-12-12 01:00:00,278.622
2025-12-12 01:30:00,296.624
2025-12-12 02:00:00,268.572
2025-12-12 02:30:00,291.88
2025-12-12 03:00:00,258.712
2025-12-12 03:30:00,298.195
2025-12-12 04:00:00,265.031
2025-12-12 04:30:00,301.323
2025-12-12 05:00:00,282.349
2025-12-12 05:30:00,320.078
2025-12-12 06:00:00,255.067
2025-12-12 06:30:00,249.777
2025-12-12 07:00:00,275.283
2025-12-12 07:30:00,261.756
2025-12-12 08:00:00,269.682
2025-12-12 08:30:00,330.465
2025-12-12 09:00:00,328.955
2025-12-12 09:30:00,335.343
2025-12-12 10:00:00,360.726
2025-12-12 10:30:00,383.869
2025-12-12 11:00:00,474.15
2025-12-12 11:30:00,454.357
2025-12-12 12:00:00,485.018
2025-12-12 12:30:00,588.045
2025-12-12 13:00:00,616.372
2025-12-12 13:30:00,728.242
2025-12-12 14:00:00,719.441
2025-12-12 14:30:00,806.515
2025-12-12 15:00:00,860.128
2025-12-12 15:30:00,860.231
2025-12-12 16:00:00,885.171
2025-12-12 16:30:00,941.312
2025-12-12 17:00:00,943.622
2025-12-12 17:30:00,887.512
2025-12-12 18:00:00,875.534
2025-12-12 18:30:00,809.854
2025-12-12 19:00:00,847.958
2025-12-12 19:30:00,778.82
2025-12-12 20:00:00,728.542
2025-12-12 20:30:00,634.987
2025-12-12 21:00:00,594.313
2025-12-12 21:30:00,556.195
2025-12-12 22:00:00,501.263
2025-12-12 22:30:00,475.691
2025-12-12 23:00:00,447.477
2025-12-12 23:30:00,455.541
2025-12-13 00:00:00,144.466
2025-12-13 00:30:00,172.854
2025-12-13 01:00:00,124.226
2025-12-13 01:30:00,103.112
2025-12-13 02:00:00,136.197
2025-12-13 02:30:00,105.095
2025-12-13 03:00:00,145.463
2025-12-13 03:30:00,125.682
2025-12-13 04:00:00,96.498
2025-12-13 04:30:00,189.017
2025-12-13 05:00:00,132.59
2025-12-13 05:30:00,105.728
2025-12-13 06:00:00,170.092
2025-12-13 06:30:00,130.859
2025-12-13 07:00:00,178.412
2025-12-13 07:30:00,135.778
2025-12-13 08:00:00,144.688
2025-12-13 08:30:00,172.382
2025-12-13 09:00:00,185.942
2025-12-13 09:30:00,199.826
2025-12-13 10:00:00,190.364
2025-12-13 10:30:00,220.592
2025-12-13 11:00:00,243.744
2025-12-13 11:30:00,250.842
2025-12-13 12:00:00,265.831
2025-12-13 12:30:00,259.303
2025-12-13 13:00:00,338.297
2025-12-13 13:30:00,353.236
2025-12-13 14:00:00,370.61
2025-12-13 14:30:00,440.334
2025-12-13 15:00:00,397.502
2025-12-13 15:30:00,495.198
2025-12-13 16:00:00,469.39
2025-12-13 16:30:00,487.782
2025-12-13 17:00:00,473.334
2025-12-13 17:30:00,438.168
2025-12-13 18:00:00,466.457
2025-12-13 18:30:00,462.466
2025-12-13 19:00:00,450.104
2025-12-13 19:30:00,403.439
2025-12-13 20:00:00,326.136
2025-12-13 20:30:00,313.641
2025-12-13 21:00:00,374.619
2025-12-13 21:30:00,268.122
2025-12-13 22:00:00,305.073
2025-12-13 22:30:00,222.475
2025-12-13 23:00:00,220.542
2025-12-13 23:30:00,223.006
2025-12-14 00:00:00,124.461
2025-12-14 00:30:00,184.775
2025-12-14 01:00:00,146.868
2025-12-14 01:30:00,156.507
2025-12-14 02:00:00,138.315
2025-12-14 02:30:00,161.506
2025-12-14 03:00:00,184.566
2025-12-14 03:30:00,141.912
2025-12-14 04:00:00,188.598
2025-12-14 04:30:00,130.326
2025-12-14 05:00:00,165.131
2025-12-14 05:30:00,158.896
2025-12-14 06:00:00,120.923
2025-12-14 06:30:00,154.42
2025-12-14 07:00:00,151.342
2025-12-14 07:30:00,132.783
2025-12-14 08:00:00,167.16
2025-12-14 08:30:00,167.419
2025-12-14 09:00:00,169.296
2025-12-14 09:30:00,178.9
2025-12-14 10:00:00,190.358
2025-12-14 10:30:00,198.184
2025-12-14 11:00:00,228.599
2025-12-14 11:30:00,229.729
2025-12-14 12:00:00,335.817
2025-12-14 12:30:00,260.202
2025-12-14 13:00:00,308.7
2025-12-14 13:30:00,339.538
2025-12-14 14:00:00,431.962
2025-12-14 14:30:00,375.387
2025-12-14 15:00:00,443.846
2025-12-14 15:30:00,460.307
2025-12-14 16:00:00,478.287
2025-12-14 16:30:00,510.753
2025-12-14 17:00:00,513.606
2025-12-14 17:30:00,468.57
2025-12-14 18:00:00,474.798
2025-12-14 18:30:00,407.495
2025-12-14 19:00:00,435.675
2025-12-14 19:30:00,388.54
2025-12-14 20:00:00,376.29
2025-12-14 20:30:00,310.048
2025-12-14 21:00:00,333.44
2025-12-14 21:30:00,253.021
2025-12-14 22:00:00,273.104
2025-12-14 22:30:00,215.165
2025-12-14 23:00:00,203.862
2025-12-14 23:30:00,236.244
2025-12-15 00:00:00,293.479
2025-12-15 00:30:00,307.517
2025-12-15 01:00:00,317.791
2025-12-15 01:30:00,259.498
2025-12-15 02:00:00,316.33
2025-12-15 02:30:00,242.282
2025-12-15 03:00:00,297.684
2025-12-15 03:30:00,266.885
2025-12-15 04:00:00,256.272
2025-12-15 04:30:00,295.392
2025-12-15 05:00:00,304.449
2025-12-15 05:30:00,304.936
2025-12-15 06:00:00,289.29
2025-12-15 06:30:00,289.981
2025-12-15 07:00:00,303.861
2025-12-15 07:30:00,303.966
2025-12-15 08:00:00,317.784
2025-12-15 08:30:00,320.026
2025-12-15 09:00:00,350.129
2025-12-15 09:30:00,306.654
2025-12-15 10:00:00,367.118
2025-12-15 10:30:00,364.204
2025-12-15 11:00:00,439.808
2025-12-15 11:30:00,513.793
2025-12-15 12:00:00,506.219
2025-12-15 12:30:00,571.325
2025-12-15 13:00:00,640.678
2025-12-15 13:30:00,625.58
2025-12-15 14:00:00,719.543
2025-12-15 14:30:00,794.478
2025-12-15 15:00:00,760.648
2025-12-15 15:30:00,848.844
2025-12-15 16:00:00,931.266
2025-12-15 16:30:00,947.853
2025-12-15 17:00:00,938.608
2025-12-15 17:30:00,944.833
2025-12-15 18:00:00,909.122
2025-12-15 18:30:00,887.149
2025-12-15 19:00:00,825.182
2025-12-15 19:30:00,788.261
2025-12-15 20:00:00,716.787
2025-12-15 20:30:00,708.86
2025-12-15 21:00:00,659.805
2025-12-15 21:30:00,602.642
2025-12-15 22:00:00,507.869
2025-12-15 22:30:00,448.901
2025-12-15 23:00:00,464.815
2025-12-15 23:30:00,412.398
2025-12-16 00:00:00,286.996
2025-12-16 00:30:00,262.946
2025-12-16 01:00:00,289.44
2025-12-16 01:30:00,251.687
2025-12-16 02:00:00,294.707
2025-12-16 02:30:00,313.392
2025-12-16 03:00:00,319.807
2025-12-16 03:30:00,296.932
2025-12-16 04:00:00,244.979
2025-12-16 04:30:00,284.964
2025-12-16 05:00:00,334.317
2025-12-16 05:30:00,260.339
2025-12-16 06:00:00,282.439
2025-12-16 06:30:00,322.02
2025-12-16 07:00:00,306.117
2025-12-16 07:30:00,358.375
2025-12-16 08:00:00,285.928
2025-12-16 08:30:00,290.182
2025-12-16 09:00:00,359.663
2025-12-16 09:30:00,317.438
2025-12-16 10:00:00,365.481
2025-12-16 10:30:00,397.159
2025-12-16 11:00:00,458.79
2025-12-16 11:30:00,488.102
2025-12-16 12:00:00,529.498
2025-12-16 12:30:00,558.083
2025-12-16 13:00:00,652.141
2025-12-16 13:30:00,777.919
2025-12-16 14:00:00,749.878
2025-12-16 14:30:00,787.857
2025-12-16 15:00:00,800.627
2025-12-16 15:30:00,857.327
2025-12-16 16:00:00,898.402
2025-12-16 16:30:00,909.413
2025-12-16 17:00:00,928.848
2025-12-16 17:30:00,967.228
2025-12-16 18:00:00,934.924
2025-12-16 18:30:00,869.294
2025-12-16 19:00:00,802.866
2025-12-16 19:30:00,818.8
2025-12-16 20:00:00,731.37
2025-12-16 20:30:00,634.111
2025-12-16 21:00:00,639.576
2025-12-16 21:30:00,593.786
2025-12-16 22:00:00,457.424
2025-12-16 22:30:00,452.131
2025-12-16 23:00:00,430.129
2025-12-16 23:30:00,417.163
2025-12-17 00:00:00,265.888
2025-12-17 00:30:00,257.984
2025-12-17 01:00:00,296.977
2025-12-17 01:30:00,267.111
2025-12-17 02:00:00,292.407
2025-12-17 02:30:00,251.132
2025-12-17 03:00:00,245.223
2025-12-17 03:30:00,298.101
2025-12-17 04:00:00,285.842
2025-12-17 04:30:00,303.092
2025-12-17 05:00:00,267.51
2025-12-17 05:30:00,262.177
2025-12-17 06:00:00,317.936
2025-12-17 06:30:00,248.608
2025-12-17 07:00:00,321.975
2025-12-17 07:30:00,329.384
2025-12-17 08:00:00,325.752
2025-12-17 08:30:00,297.731
2025-12-17 09:00:00,308.647
2025-12-17 09:30:00,342.083
2025-12-17 10:00:00,338.024
2025-12-17 10:30:00,374.758
2025-12-17 11:00:00,449.009
2025-12-17 11:30:00,488.979
2025-12-17 12:00:00,491.832
2025-12-17 12:30:00,585.047
2025-12-17 13:00:00,633.123
2025-12-17 13:30:00,715.02
2025-12-17 14:00:00,746.824
2025-12-17 14:30:00,811.83
2025-12-17 15:00:00,845.0
2025-12-17 15:30:00,897.763
2025-12-17 16:00:00,871.567
2025-12-17 16:30:00,919.734
2025-12-17 17:00:00,928.275
2025-12-17 17:30:00,916.684
2025-12-17 18:00:00,914.842
2025-12-17 18:30:00,889.124
2025-12-17 19:00:00,842.88
2025-12-17 19:30:00,780.942
2025-12-17 20:00:00,714.203
2025-12-17 20:30:00,704.703
2025-12-17 21:00:00,630.509
2025-12-17 21:30:00,542.679
2025-12-17 22:00:00,513.229
2025-12-17 22:30:00,429.162
2025-12-17 23:00:00,433.775
2025-12-17 23:30:00,393.841
2025-12-18 00:00:00,264.42
2025-12-18 00:30:00,318.402
2025-12-18 01:00:00,249.894
2025-12-18 01:30:00,296.478
2025-12-18 02:00:00,333.523
2025-12-18 02:30:00,305.852
2025-12-18 03:00:00,278.243
2025-12-18 03:30:00,250.867
2025-12-18 04:00:00,245.477
2025-12-18 04:30:00,269.742
2025-12-18 05:00:00,263.65
2025-12-18 05:30:00,264.066
2025-12-18 06:00:00,275.761
2025-12-18 06:30:00,284.125
2025-12-18 07:00:00,302.819
2025-12-18 07:30:00,265.427
2025-12-18 08:00:00,287.194
2025-12-18 08:30:00,310.934
2025-12-18 09:00:00,324.173
2025-12-18 09:30:00,393.245
2025-12-18 10:00:00,376.206
2025-12-18 10:30:00,358.461
2025-12-18 11:00:00,443.345
2025-12-18 11:30:00,486.386
2025-12-18 12:00:00,514.943
2025-12-18 12:30:00,537.809
2025-12-18 13:00:00,665.717
2025-12-18 13:30:00,650.526
2025-12-18 14:00:00,749.115
2025-12-18 14:30:00,790.367
2025-12-18 15:00:00,848.093
2025-12-18 15:30:00,915.936
2025-12-18 16:00:00,917.785
2025-12-18 16:30:00,908.811
2025-12-18 17:00:00,956.9
2025-12-18 17:30:00,907.0
2025-12-18 18:00:00,907.833
2025-12-18 18:30:00,840.937
2025-12-18 19:00:00,807.241
2025-12-18 19:30:00,786.65
2025-12-18 20:00:00,741.798
2025-12-18 20:30:00,634.713
2025-12-18 21:00:00,634.198
2025-12-18 21:30:00,547.658
2025-12-18 22:00:00,550.064
2025-12-18 22:30:00,463.946
2025-12-18 23:00:00,404.8
2025-12-18 23:30:00,400.695
2025-12-19 00:00:00,255.875
2025-12-19 00:30:00,310.511
2025-12-19 01:00:00,278.811
2025-12-19 01:30:00,275.027
2025-12-19 02:00:00,293.65
2025-12-19 02:30:00,253.796
2025-12-19 03:00:00,246.802
2025-12-19 03:30:00,289.428
2025-12-19 04:00:00,252.037
2025-12-19 04:30:00,252.53
2025-12-19 05:00:00,301.744
2025-12-19 05:30:00,295.181
2025-12-19 06:00:00,252.573
2025-12-19 06:30:00,271.203
2025-12-19 07:00:00,268.096
2025-12-19 07:30:00,340.78
2025-12-19 08:00:00,326.9
2025-12-19 08:30:00,304.405
2025-12-19 09:00:00,343.465
2025-12-19 09:30:00,313.43
2025-12-19 10:00:00,353.584
2025-12-19 10:30:00,401.422
2025-12-19 11:00:00,444.196
2025-12-19 11:30:00,470.308
2025-12-19 12:00:00,524.272
2025-12-19 12:30:00,570.102
2025-12-19 13:00:00,617.676
2025-12-19 13:30:00,669.87
2025-12-19 14:00:00,721.939
2025-12-19 14:30:00,791.164
2025-12-19 15:00:00,843.344
2025-12-19 15:30:00,878.223
2025-12-19 16:00:00,874.28
2025-12-19 16:30:00,897.804
2025-12-19 17:00:00,939.222
2025-12-19 17:30:00,959.569
2025-12-19 18:00:00,907.555
2025-12-19 18:30:00,862.973
2025-12-19 19:00:00,838.682
2025-12-19 19:30:00,756.945
2025-12-19 20:00:00,765.32
2025-12-19 20:30:00,681.938
2025-12-19 21:00:00,605.029
2025-12-19 21:30:00,563.974
2025-12-19 22:00:00,504.895
2025-12-19 22:30:00,505.537
2025-12-19 23:00:00,427.835
2025-12-19 23:30:00,402.684
2025-12-20 00:00:00,159.309
2025-12-20 00:30:00,126.45
2025-12-20 01:00:00,149.818
2025-12-20 01:30:00,151.847
2025-12-20 02:00:00,106.153
2025-12-20 02:30:00,151.356
2025-12-20 03:00:00,143.952
2025-12-20 03:30:00,148.443
2025-12-20 04:00:00,146.246
2025-12-20 04:30:00,152.095
2025-12-20 05:00:00,179.462
2025-12-20 05:30:00,117.181
2025-12-20 06:00:00,139.084
2025-12-20 06:30:00,165.74
2025-12-20 07:00:00,163.181
2025-12-20 07:30:00,165.598
2025-12-20 08:00:00,227.05
2025-12-20 08:30:00,179.115
2025-12-20 09:00:00,199.385
2025-12-20 09:30:00,172.937
2025-12-20 10:00:00,167.785
2025-12-20 10:30:00,199.518
2025-12-20 11:00:00,242.902
2025-12-20 11:30:00,255.998
2025-12-20 12:00:00,279.478
2025-12-20 12:30:00,290.076
2025-12-20 13:00:00,313.973
2025-12-20 13:30:00,347.686
2025-12-20 14:00:00,399.062
2025-12-20 14:30:00,429.408
2025-12-20 15:00:00,408.042
2025-12-20 15:30:00,473.156
2025-12-20 16:00:00,453.679
2025-12-20 16:30:00,491.567
2025-12-20 17:00:00,478.411
2025-12-20 17:30:00,518.989
2025-12-20 18:00:00,459.495
2025-12-20 18:30:00,458.563
2025-12-20 19:00:00,448.363
2025-12-20 19:30:00,386.541
2025-12-20 20:00:00,379.128
2025-12-20 20:30:00,345.517
2025-12-20 21:00:00,310.473
2025-12-20 21:30:00,284.442
2025-12-20 22:00:00,297.197
2025-12-20 22:30:00,230.864
2025-12-20 23:00:00,239.263
2025-12-20 23:30:00,215.241
2025-12-21 00:00:00,110.042
2025-12-21 00:30:00,157.949
2025-12-21 01:00:00,109.637
2025-12-21 01:30:00,160.688
2025-12-21 02:00:00,132.325
2025-12-21 02:30:00,145.247
2025-12-21 03:00:00,112.739
2025-12-21 03:30:00,148.253
2025-12-21 04:00:00,168.529
2025-12-21 04:30:00,125.442
2025-12-21 05:00:00,130.85
2025-12-21 05:30:00,158.034
2025-12-21 06:00:00,159.628
2025-12-21 06:30:00,88.22
2025-12-21 07:00:00,201.543
2025-12-21 07:30:00,167.327
2025-12-21 08:00:00,175.633
2025-12-21 08:30:00,160.173
2025-12-21 09:00:00,124.727
2025-12-21 09:30:00,197.482
2025-12-21 10:00:00,178.478
2025-12-21 10:30:00,220.974
2025-12-21 11:00:00,219.633
2025-12-21 11:30:00,251.778
2025-12-21 12:00:00,250.022
2025-12-21 12:30:00,317.045
2025-12-21 13:00:00,293.609
2025-12-21 13:30:00,408.321
2025-12-21 14:00:00,436.899
2025-12-21 14:30:00,449.208
2025-12-21 15:00:00,465.085
2025-12-21 15:30:00,451.984
2025-12-21 16:00:00,499.111
2025-12-21 16:30:00,477.44
2025-12-21 17:00:00,444.372
2025-12-21 17:30:00,517.424
2025-12-21 18:00:00,498.168
2025-12-21 18:30:00,453.314
2025-12-21 19:00:00,402.568
2025-12-21 19:30:00,393.735
2025-12-21 20:00:00,335.421
2025-12-21 20:30:00,375.809
2025-12-21 21:00:00,283.235
2025-12-21 21:30:00,302.606
2025-12-21 22:00:00,248.305
2025-12-21 22:30:00,210.16
2025-12-21 23:00:00,231.062
2025-12-21 23:30:00,199.031
2025-12-22 00:00:00,299.736
2025-12-22 00:30:00,247.097
2025-12-22 01:00:00,259.865
2025-12-22 01:30:00,219.128
2025-12-22 02:00:00,224.247
2025-12-22 02:30:00,323.875
2025-12-22 03:00:00,331.121
2025-12-22 03:30:00,281.537
2025-12-22 04:00:00,258.933
2025-12-22 04:30:00,272.569
2025-12-22 05:00:00,302.664
2025-12-22 05:30:00,269.195
2025-12-22 06:00:00,289.859
2025-12-22 06:30:00,286.363
2025-12-22 07:00:00,276.469
2025-12-22 07:30:00,283.217
2025-12-22 08:00:00,311.583
2025-12-22 08:30:00,290.504
2025-12-22 09:00:00,340.353
2025-12-22 09:30:00,335.545
2025-12-22 10:00:00,373.584
2025-12-22 10:30:00,433.399
2025-12-22 11:00:00,428.686
2025-12-22 11:30:00,495.74
2025-12-22 12:00:00,473.271
2025-12-22 12:30:00,556.385
2025-12-22 13:00:00,622.458
2025-12-22 13:30:00,725.356
2025-12-22 14:00:00,683.597
2025-12-22 14:30:00,782.96
2025-12-22 15:00:00,869.49
2025-12-22 15:30:00,853.639
2025-12-22 16:00:00,898.424
2025-12-22 16:30:00,931.071
2025-12-22 17:00:00,933.863
2025-12-22 17:30:00,961.922
2025-12-22 18:00:00,914.956
2025-12-22 18:30:00,906.459
2025-12-22 19:00:00,824.073
2025-12-22 19:30:00,766.852
2025-12-22 20:00:00,726.953
2025-12-22 20:30:00,648.296
2025-12-22 21:00:00,633.853
2025-12-22 21:30:00,558.497
2025-12-22 22:00:00,501.277
2025-12-22 22:30:00,485.211
2025-12-22 23:00:00,404.298
2025-12-22 23:30:00,418.063
2025-12-23 00:00:00,266.823
2025-12-23 00:30:00,307.765
2025-12-23 01:00:00,268.98
2025-12-23 01:30:00,294.616
2025-12-23 02:00:00,283.344
2025-12-23 02:30:00,297.517
2025-12-23 03:00:00,281.78
2025-12-23 03:30:00,237.634
2025-12-23 04:00:00,304.749
2025-12-23 04:30:00,277.839
2025-12-23 05:00:00,300.563
2025-12-23 05:30:00,299.311
2025-12-23 06:00:00,264.586
2025-12-23 06:30:00,263.812
2025-12-23 07:00:00,307.073
2025-12-23 07:30:00,288.79
2025-12-23 08:00:00,327.661
2025-12-23 08:30:00,310.471
2025-12-23 09:00:00,354.645
2025-12-23 09:30:00,357.917
2025-12-23 10:00:00,377.599
2025-12-23 10:30:00,389.45
2025-12-23 11:00:00,438.701
2025-12-23 11:30:00,502.566
2025-12-23 12:00:00,516.716
2025-12-23 12:30:00,581.423
2025-12-23 13:00:00,622.925
2025-12-23 13:30:00,680.388
2025-12-23 14:00:00,775.681
2025-12-23 14:30:00,815.409
2025-12-23 15:00:00,835.058
2025-12-23 15:30:00,878.626
2025-12-23 16:00:00,886.198
2025-12-23 16:30:00,918.453
2025-12-23 17:00:00,936.985
2025-12-23 17:30:00,944.043
2025-12-23 18:00:00,922.475
2025-12-23 18:30:00,845.533
2025-12-23 19:00:00,857.498
2025-12-23 19:30:00,783.146
2025-12-23 20:00:00,707.921
2025-12-23 20:30:00,710.683
2025-12-23 21:00:00,658.348
2025-12-23 21:30:00,574.738
2025-12-23 22:00:00,535.791
2025-12-23 22:30:00,491.931
2025-12-23 23:00:00,467.785
2025-12-23 23:30:00,417.002
2025-12-24 00:00:00,245.589
2025-12-24 00:30:00,329.032
2025-12-24 01:00:00,305.44
2025-12-24 01:30:00,266.081
2025-12-24 02:00:00,253.115
2025-12-24 02:30:00,291.54
2025-12-24 03:00:00,272.075
2025-12-24 03:30:00,287.469
2025-12-24 04:00:00,298.114
2025-12-24 04:30:00,265.87
2025-12-24 05:00:00,252.922
2025-12-24 05:30:00,291.7
2025-12-24 06:00:00,270.584
2025-12-24 06:30:00,290.334
2025-12-24 07:00:00,257.106
2025-12-24 07:30:00,290.067
2025-12-24 08:00:00,322.124
2025-12-24 08:30:00,330.074
2025-12-24 09:00:00,309.351
2025-12-24 09:30:00,318.128
2025-12-24 10:00:00,370.794
2025-12-24 10:30:00,412.826
2025-12-24 11:00:00,443.02
2025-12-24 11:30:00,459.941
2025-12-24 12:00:00,525.517
2025-12-24 12:30:00,605.703
2025-12-24 13:00:00,626.894
2025-12-24 13:30:00,636.444
2025-12-24 14:00:00,737.676
2025-12-24 14:30:00,836.464
2025-12-24 15:00:00,800.888
2025-12-24 15:30:00,874.008
2025-12-24 16:00:00,898.086
2025-12-24 16:30:00,925.175
2025-12-24 17:00:00,934.106
2025-12-24 17:30:00,951.277
2025-12-24 18:00:00,905.864
2025-12-24 18:30:00,905.196
2025-12-24 19:00:00,830.132
2025-12-24 19:30:00,776.612
2025-12-24 20:00:00,715.866
2025-12-24 20:30:00,631.846
2025-12-24 21:00:00,628.66
2025-12-24 21:30:00,619.494
2025-12-24 22:00:00,529.527
2025-12-24 22:30:00,489.914
2025-12-24 23:00:00,422.565
2025-12-24 23:30:00,392.692
2025-12-25 00:00:00,303.397
2025-12-25 00:30:00,329.004
2025-12-25 01:00:00,315.997
2025-12-25 01:30:00,298.95
2025-12-25 02:00:00,279.734
2025-12-25 02:30:00,284.163
2025-12-25 03:00:00,260.193
2025-12-25 03:30:00,243.015
2025-12-25 04:00:00,251.359
2025-12-25 04:30:00,281.276
2025-12-25 05:00:00,273.525
2025-12-25 05:30:00,245.318
2025-12-25 06:00:00,282.985
2025-12-25 06:30:00,278.721
2025-12-25 07:00:00,261.368
2025-12-25 07:30:00,287.117
2025-12-25 08:00:00,296.226
2025-12-25 08:30:00,299.51
2025-12-25 09:00:00,352.227
2025-12-25 09:30:00,299.762
2025-12-25 10:00:00,320.755
2025-12-25 10:30:00,398.882
2025-12-25 11:00:00,435.294
2025-12-25 11:30:00,482.85
2025-12-25 12:00:00,504.597
2025-12-25 12:30:00,545.196
2025-12-25 13:00:00,621.583
2025-12-25 13:30:00,666.234
2025-12-25 14:00:00,771.373
2025-12-25 14:30:00,777.26
2025-12-25 15:00:00,831.744
2025-12-25 15:30:00,935.15
2025-12-25 16:00:00,898.876
2025-12-25 16:30:00,936.682
2025-12-25 17:00:00,945.408
2025-12-25 17:30:00,941.063
2025-12-25 18:00:00,910.982
2025-12-25 18:30:00,878.11
2025-12-25 19:00:00,835.582
2025-12-25 19:30:00,770.966
2025-12-25 20:00:00,740.734
2025-12-25 20:30:00,727.989
2025-12-25 21:00:00,652.033
2025-12-25 21:30:00,575.742
2025-12-25 22:00:00,539.467
2025-12-25 22:30:00,451.015
2025-12-25 23:00:00,426.378
2025-12-25 23:30:00,422.497
2025-12-26 00:00:00,315.96
2025-12-26 00:30:00,259.515
2025-12-26 01:00:00,266.709
2025-12-26 01:30:00,333.353
2025-12-26 02:00:00,281.262
2025-12-26 02:30:00,324.504
2025-12-26 03:00:00,284.203
2025-12-26 03:30:00,285.373
2025-12-26 04:00:00,271.892
2025-12-26 04:30:00,303.595
2025-12-26 05:00:00,314.769
2025-12-26 05:30:00,256.179
2025-12-26 06:00:00,275.107
2025-12-26 06:30:00,309.559
2025-12-26 07:00:00,287.45
2025-12-26 07:30:00,284.037
2025-12-26 08:00:00,329.489
2025-12-26 08:30:00,342.512
2025-12-26 09:00:00,317.819
2025-12-26 09:30:00,352.644
2025-12-26 10:00:00,340.188
2025-12-26 10:30:00,376.413
2025-12-26 11:00:00,435.995
2025-12-26 11:30:00,473.53
2025-12-26 12:00:00,493.899
2025-12-26 12:30:00,550.245
2025-12-26 13:00:00,595.139
2025-12-26 13:30:00,688.65
2025-12-26 14:00:00,683.405
2025-12-26 14:30:00,760.076
2025-12-26 15:00:00,786.5
2025-12-26 15:30:00,883.74
2025-12-26 16:00:00,858.676
2025-12-26 16:30:00,923.571
2025-12-26 17:00:00,970.238
2025-12-26 17:30:00,964.614
2025-12-26 18:00:00,858.597
2025-12-26 18:30:00,880.725
2025-12-26 19:00:00,808.349
2025-12-26 19:30:00,755.537
2025-12-26 20:00:00,729.759
2025-12-26 20:30:00,707.98
2025-12-26 21:00:00,636.757
2025-12-26 21:30:00,550.266
2025-12-26 22:00:00,535.697
2025-12-26 22:30:00,416.652
2025-12-26 23:00:00,414.067
2025-12-26 23:30:00,378.203
2025-12-27 00:00:00,146.924
2025-12-27 00:30:00,139.899
2025-12-27 01:00:00,141.438
2025-12-27 01:30:00,140.618
2025-12-27 02:00:00,145.565
2025-12-27 02:30:00,158.542
2025-12-27 03:00:00,148.829
2025-12-27 03:30:00,138.085
2025-12-27 04:00:00,155.399
2025-12-27 04:30:00,166.269
2025-12-27 05:00:00,132.128
2025-12-27 05:30:00,145.183
2025-12-27 06:00:00,176.685
2025-12-27 06:30:00,121.505
2025-12-27 07:00:00,196.276
2025-12-27 07:30:00,120.634
2025-12-27 08:00:00,149.576
2025-12-27 08:30:00,140.007
2025-12-27 09:00:00,225.809
2025-12-27 09:30:00,168.03
2025-12-27 10:00:00,180.087
2025-12-27 10:30:00,198.107
2025-12-27 11:00:00,227.493
2025-12-27 11:30:00,237.616
2025-12-27 12:00:00,266.075
2025-12-27 12:30:00,207.205
2025-12-27 13:00:00,324.747
2025-12-27 13:30:00,352.627
2025-12-27 14:00:00,406.914
2025-12-27 14:30:00,441.117
2025-12-27 15:00:00,428.505
2025-12-27 15:30:00,474.503
2025-12-27 16:00:00,442.408
2025-12-27 16:30:00,499.028
2025-12-27 17:00:00,468.898
2025-12-27 17:30:00,450.227
2025-12-27 18:00:00,465.307
2025-12-27 18:30:00,489.109
2025-12-27 19:00:00,437.723
2025-12-27 19:30:00,445.802
2025-12-27 20:00:00,362.232
2025-12-27 20:30:00,378.378
2025-12-27 21:00:00,307.014
2025-12-27 21:30:00,301.068
2025-12-27 22:00:00,274.814
2025-12-27 22:30:00,262.365
2025-12-27 23:00:00,231.372
2025-12-27 23:30:00,188.897
2025-12-28 00:00:00,166.974
2025-12-28 00:30:00,188.261
2025-12-28 01:00:00,130.38
2025-12-28 01:30:00,99.105
2025-12-28 02:00:00,157.488
2025-12-28 02:30:00,136.759
2025-12-28 03:00:00,141.819
2025-12-28 03:30:00,159.098
2025-12-28 04:00:00,133.945
2025-12-28 04:30:00,138.895
2025-12-28 05:00:00,143.526
2025-12-28 05:30:00,183.412
2025-12-28 06:00:00,148.389
2025-12-28 06:30:00,118.183
2025-12-28 07:00:00,121.261
2025-12-28 07:30:00,157.594
2025-12-28 08:00:00,129.974
2025-12-28 08:30:00,124.704
2025-12-28 09:00:00,186.999
2025-12-28 09:30:00,197.726
2025-12-28 10:00:00,183.405
2025-12-28 10:30:00,214.718
2025-12-28 11:00:00,229.806
2025-12-28 11:30:00,260.888
2025-12-28 12:00:00,284.516
2025-12-28 12:30:00,230.29
2025-12-28 13:00:00,317.306
2025-12-28 13:30:00,365.13
2025-12-28 14:00:00,370.689
2025-12-28 14:30:00,409.295
2025-12-28 15:00:00,451.966
2025-12-28 15:30:00,456.121
2025-12-28 16:00:00,507.645
2025-12-28 16:30:00,508.019
2025-12-28 17:00:00,480.246
2025-12-28 17:30:00,474.893
2025-12-28 18:00:00,398.689
2025-12-28 18:30:00,445.935
2025-12-28 19:00:00,399.366
2025-12-28 19:30:00,413.921
2025-12-28 20:00:00,384.772
2025-12-28 20:30:00,369.578
2025-12-28 21:00:00,358.235
2025-12-28 21:30:00,294.778
2025-12-28 22:00:00,326.408
2025-12-28 22:30:00,251.639
2025-12-28 23:00:00,192.348
2025-12-28 23:30:00,193.324
2025-12-29 00:00:00,269.463
2025-12-29 00:30:00,293.59
2025-12-29 01:00:00,255.117
2025-12-29 01:30:00,271.369
2025-12-29 02:00:00,274.829
2025-12-29 02:30:00,267.717
2025-12-29 03:00:00,299.316
2025-12-29 03:30:00,295.252
2025-12-29 04:00:00,308.693
2025-12-29 04:30:00,271.755
2025-12-29 05:00:00,310.888
2025-12-29 05:30:00,247.955
2025-12-29 06:00:00,249.209
2025-12-29 06:30:00,256.337
2025-12-29 07:00:00,290.919
2025-12-29 07:30:00,326.431
2025-12-29 08:00:00,289.197
2025-12-29 08:30:00,303.009
2025-12-29 09:00:00,323.659
2025-12-29 09:30:00,361.655
2025-12-29 10:00:00,358.459
2025-12-29 10:30:00,385.465
2025-12-29 11:00:00,399.256
2025-12-29 11:30:00,458.452
2025-12-29 12:00:00,547.508
2025-12-29 12:30:00,570.417
2025-12-29 13:00:00,603.269
2025-12-29 13:30:00,708.177
2025-12-29 14:00:00,717.966
2025-12-29 14:30:00,820.864
2025-12-29 15:00:00,868.163
2025-12-29 15:30:00,874.665
2025-12-29 16:00:00,866.281
2025-12-29 16:30:00,980.015
2025-12-29 17:00:00,938.932
2025-12-29 17:30:00,914.68
2025-12-29 18:00:00,927.648
2025-12-29 18:30:00,890.822
2025-12-29 19:00:00,865.847
2025-12-29 19:30:00,768.807
2025-12-29 20:00:00,740.558
2025-12-29 20:30:00,647.626
2025-12-29 21:00:00,638.424
2025-12-29 21:30:00,567.57
2025-12-29 22:00:00,525.097
2025-12-29 22:30:00,469.086
2025-12-29 23:00:00,426.616
2025-12-29 23:30:00,377.095
2025-12-30 00:00:00,298.542
2025-12-30 00:30:00,316.03
2025-12-30 01:00:00,264.882
2025-12-30 01:30:00,292.657
2025-12-30 02:00:00,289.66
2025-12-30 02:30:00,279.122
2025-12-30 03:00:00,240.866
2025-12-30 03:30:00,246.679
2025-12-30 04:00:00,260.005
2025-12-30 04:30:00,226.556
2025-12-30 05:00:00,316.025
2025-12-30 05:30:00,291.247
2025-12-30 06:00:00,283.169
2025-12-30 06:30:00,231.926
2025-12-30 07:00:00,245.092
2025-12-30 07:30:00,296.313
2025-12-30 08:00:00,353.512
2025-12-30 08:30:00,297.46
2025-12-30 09:00:00,350.655
2025-12-30 09:30:00,335.337
2025-12-30 10:00:00,371.781
2025-12-30 10:30:00,429.167
2025-12-30 11:00:00,424.242
2025-12-30 11:30:00,455.492
2025-12-30 12:00:00,553.523
2025-12-30 12:30:00,569.283
2025-12-30 13:00:00,649.046
2025-12-30 13:30:00,660.142
2025-12-30 14:00:00,767.763
2025-12-30 14:30:00,792.206
2025-12-30 15:00:00,843.943
2025-12-30 15:30:00,876.555
2025-12-30 16:00:00,891.108
2025-12-30 16:30:00,922.736
2025-12-30 17:00:00,918.185
2025-12-30 17:30:00,946.766
2025-12-30 18:00:00,898.668
2025-12-30 18:30:00,835.852
2025-12-30 19:00:00,791.088
2025-12-30 19:30:00,742.197
2025-12-30 20:00:00,748.045
2025-12-30 20:30:00,648.486
2025-12-30 21:00:00,629.268
2025-12-30 21:30:00,571.558
2025-12-30 22:00:00,516.454
2025-12-30 22:30:00,483.705
2025-12-30 23:00:00,436.848
2025-12-30 23:30:00,331.057
2025-12-31 00:00:00,270.691
2025-12-31 00:30:00,289.415
2025-12-31 01:00:00,319.805
2025-12-31 01:30:00,320.98
2025-12-31 02:00:00,244.777
2025-12-31 02:30:00,270.177
2025-12-31 03:00:00,239.878
2025-12-31 03:30:00,317.216
2025-12-31 04:00:00,304.85
2025-12-31 04:30:00,288.795
2025-12-31 05:00:00,284.977
2025-12-31 05:30:00,316.57
2025-12-31 06:00:00,314.201
2025-12-31 06:30:00,315.633
2025-12-31 07:00:00,302.106
2025-12-31 07:30:00,287.641
2025-12-31 08:00:00,323.428
2025-12-31 08:30:00,335.327
2025-12-31 09:00:00,324.294
2025-12-31 09:30:00,338.553
2025-12-31 10:00:00,398.733
2025-12-31 10:30:00,440.403
2025-12-31 11:00:00,414.156
2025-12-31 11:30:00,466.16
2025-12-31 12:00:00,526.845
2025-12-31 12:30:00,580.309
2025-12-31 13:00:00,608.706
2025-12-31 13:30:00,724.361
2025-12-31 14:00:00,743.148
2025-12-31 14:30:00,798.65
2025-12-31 15:00:00,877.045
2025-12-31 15:30:00,862.038
2025-12-31 16:00:00,901.534
2025-12-31 16:30:00,891.445
2025-12-31 17:00:00,924.941
2025-12-31 17:30:00,885.554
2025-12-31 18:00:00,922.441
2025-12-31 18:30:00,883.764
2025-12-31 19:00:00,826.146
2025-12-31 19:30:00,782.855
2025-12-31 20:00:00,751.633
2025-12-31 20:30:00,648.878
2025-12-31 21:00:00,626.87
2025-12-31 21:30:00,585.632
2025-12-31 22:00:00,473.515
2025-12-31 22:30:00,489.868
2025-12-31 23:00:00,391.039
2025-12-31 23:30:00,395.86
2026-01-01 00:00:00,223.177
2026-01-01 00:30:00,288.049
2026-01-01 01:00:00,223.349
2026-01-01 01:30:00,211.041
2026-01-01 02:00:00,255.663
2026-01-01 02:30:00,242.045
2026-01-01 03:00:00,214.873
2026-01-01 03:30:00,265.803
2026-01-01 04:00:00,203.151
2026-01-01 04:30:00,227.487
2026-01-01 05:00:00,239.731
2026-01-01 05:30:00,275.28
2026-01-01 06:00:00,289.297
2026-01-01 06:30:00,286.981
2026-01-01 07:00:00,259.205
2026-01-01 07:30:00,207.496
2026-01-01 08:00:00,285.08
2026-01-01 08:30:00,321.733
2026-01-01 09:00:00,328.603
2026-01-01 09:30:00,325.868
2026-01-01 10:00:00,305.428
2026-01-01 10:30:00,347.732
2026-01-01 11:00:00,440.057
2026-01-01 11:30:00,392.357
2026-01-01 12:00:00,440.094
2026-01-01 12:30:00,537.663
2026-01-01 13:00:00,551.841
2026-01-01 13:30:00,583.304
2026-01-01 14:00:00,701.107
2026-01-01 14:30:00,722.184
2026-01-01 15:00:00,744.282
2026-01-01 15:30:00,761.551
2026-01-01 16:00:00,868.961
2026-01-01 16:30:00,834.387
2026-01-01 17:00:00,875.788
2026-01-01 17:30:00,857.339
2026-01-01 18:00:00,804.753
2026-01-01 18:30:00,777.371
2026-01-01 19:00:00,789.985
2026-01-01 19:30:00,747.22
2026-01-01 20:00:00,615.985
2026-01-01 20:30:00,626.592
2026-01-01 21:00:00,559.59
2026-01-01 21:30:00,488.266
2026-01-01 22:00:00,475.333
2026-01-01 22:30:00,394.035
2026-01-01 23:00:00,380.05
2026-01-01 23:30:00,340.903
2026-01-02 00:00:00,239.767
2026-01-02 00:30:00,250.48
2026-01-02 01:00:00,226.888
2026-01-02 01:30:00,291.625
2026-01-02 02:00:00,264.661
2026-01-02 02:30:00,297.252
2026-01-02 03:00:00,248.486
2026-01-02 03:30:00,238.938
2026-01-02 04:00:00,296.899
2026-01-02 04:30:00,238.941
2026-01-02 05:00:00,249.654
2026-01-02 05:30:00,273.225
2026-01-02 06:00:00,225.967
2026-01-02 06:30:00,277.193
2026-01-02 07:00:00,277.621
2026-01-02 07:30:00,299.912
2026-01-02 08:00:00,297.559
2026-01-02 08:30:00,317.468
2026-01-02 09:00:00,294.997
2026-01-02 09:30:00,292.728
2026-01-02 10:00:00,387.915
2026-01-02 10:30:00,322.697
2026-01-02 11:00:00,356.049
2026-01-02 11:30:00,441.903
2026-01-02 12:00:00,509.414
2026-01-02 12:30:00,518.838
2026-01-02 13:00:00,587.603
2026-01-02 13:30:00,562.952
2026-01-02 14:00:00,650.419
2026-01-02 14:30:00,663.809
2026-01-02 15:00:00,773.337
2026-01-02 15:30:00,751.514
2026-01-02 16:00:00,785.83
2026-01-02 16:30:00,847.849
2026-01-02 17:00:00,867.4
2026-01-02 17:30:00,831.024
2026-01-02 18:00:00,832.03
2026-01-02 18:30:00,803.64
2026-01-02 19:00:00,748.441
2026-01-02 19:30:00,683.29
2026-01-02 20:00:00,677.03
2026-01-02 20:30:00,628.175
2026-01-02 21:00:00,584.971
2026-01-02 21:30:00,521.901
2026-01-02 22:00:00,439.577
2026-01-02 22:30:00,445.033
2026-01-02 23:00:00,391.677
2026-01-02 23:30:00,348.796
2026-01-03 00:00:00,123.81
2026-01-03 00:30:00,113.923
2026-01-03 01:00:00,153.405
2026-01-03 01:30:00,95.741
2026-01-03 02:00:00,106.374
2026-01-03 02:30:00,123.022
2026-01-03 03:00:00,171.638
2026-01-03 03:30:00,157.739
2026-01-03 04:00:00,90.507
2026-01-03 04:30:00,165.548
2026-01-03 05:00:00,165.873
2026-01-03 05:30:00,103.366
2026-01-03 06:00:00,70.557
2026-01-03 06:30:00,133.088
2026-01-03 07:00:00,164.84
2026-01-03 07:30:00,179.235
2026-01-03 08:00:00,121.39
2026-01-03 08:30:00,191.983
2026-01-03 09:00:00,99.136
2026-01-03 09:30:00,154.232
2026-01-03 10:00:00,163.856
2026-01-03 10:30:00,216.458
2026-01-03 11:00:00,236.148
2026-01-03 11:30:00,246.299
2026-01-03 12:00:00,210.007
2026-01-03 12:30:00,288.897
2026-01-03 13:00:00,305.288
2026-01-03 13:30:00,276.9
2026-01-03 14:00:00,293.037
2026-01-03 14:30:00,395.492
2026-01-03 15:00:00,387.488
2026-01-03 15:30:00,378.772
2026-01-03 16:00:00,420.039
2026-01-03 16:30:00,443.3
2026-01-03 17:00:00,435.173
2026-01-03 17:30:00,395.399
2026-01-03 18:00:00,472.382
2026-01-03 18:30:00,436.007
2026-01-03 19:00:00,383.606
2026-01-03 19:30:00,362.164
2026-01-03 20:00:00,353.699
2026-01-03 20:30:00,290.44
2026-01-03 21:00:00,300.629
2026-01-03 21:30:00,234.063
2026-01-03 22:00:00,242.007
2026-01-03 22:30:00,193.229
2026-01-03 23:00:00,175.738
2026-01-03 23:30:00,228.793
2026-01-04 00:00:00,132.657
2026-01-04 00:30:00,136.364
2026-01-04 01:00:00,80.9
2026-01-04 01:30:00,116.269
2026-01-04 02:00:00,142.741
2026-01-04 02:30:00,136.095
2026-01-04 03:00:00,77.443
2026-01-04 03:30:00,136.561
2026-01-04 04:00:00,140.692
2026-01-04 04:30:00,163.858
2026-01-04 05:00:00,115.757
2026-01-04 05:30:00,76.665
2026-01-04 06:00:00,108.674
2026-01-04 06:30:00,107.467
2026-01-04 07:00:00,155.197
2026-01-04 07:30:00,71.535
2026-01-04 08:00:00,131.951
2026-01-04 08:30:00,183.829
2026-01-04 09:00:00,155.014
2026-01-04 09:30:00,185.841
2026-01-04 10:00:00,133.241
2026-01-04 10:30:00,147.6
2026-01-04 11:00:00,239.621
2026-01-04 11:30:00,224.973
2026-01-04 12:00:00,246.353
2026-01-04 12:30:00,239.378
2026-01-04 13:00:00,295.082
2026-01-04 13:30:00,290.032
2026-01-04 14:00:00,374.384
2026-01-04 14:30:00,437.738
2026-01-04 15:00:00,404.089
2026-01-04 15:30:00,395.028
2026-01-04 16:00:00,361.902
2026-01-04 16:30:00,392.087
2026-01-04 17:00:00,476.116
2026-01-04 17:30:00,408.469
2026-01-04 18:00:00,415.972
2026-01-04 18:30:00,427.284
2026-01-04 19:00:00,429.047
2026-01-04 19:30:00,364.552
2026-01-04 20:00:00,334.595
2026-01-04 20:30:00,320.471
2026-01-04 21:00:00,276.871
2026-01-04 21:30:00,252.986
2026-01-04 22:00:00,254.068
2026-01-04 22:30:00,227.075
2026-01-04 23:00:00,256.98
2026-01-04 23:30:00,198.621
2026-01-05 00:00:00,281.041
2026-01-05 00:30:00,225.485
2026-01-05 01:00:00,265.406
2026-01-05 01:30:00,234.221
2026-01-05 02:00:00,262.215
2026-01-05 02:30:00,269.6
2026-01-05 03:00:00,253.735
2026-01-05 03:30:00,312.841
2026-01-05 04:00:00,288.638
2026-01-05 04:30:00,282.824
2026-01-05 05:00:00,273.218
2026-01-05 05:30:00,299.308
2026-01-05 06:00:00,220.986
2026-01-05 06:30:00,293.668
2026-01-05 07:00:00,238.256
2026-01-05 07:30:00,254.071
2026-01-05 08:00:00,289.343
2026-01-05 08:30:00,315.799
2026-01-05 09:00:00,268.918
2026-01-05 09:30:00,301.481
2026-01-05 10:00:00,337.604
2026-01-05 10:30:00,356.205
2026-01-05 11:00:00,413.063
2026-01-05 11:30:00,513.673
2026-01-05 12:00:00,479.273
2026-01-05 12:30:00,495.719
2026-01-05 13:00:00,530.207
2026-01-05 13:30:00,604.716
2026-01-05 14:00:00,639.401
2026-01-05 14:30:00,722.346
2026-01-05 15:00:00,765.127
2026-01-05 15:30:00,778.616
2026-01-05 16:00:00,867.399
2026-01-05 16:30:00,816.612
2026-01-05 17:00:00,837.869
2026-01-05 17:30:00,850.977
2026-01-05 18:00:00,840.077
2026-01-05 18:30:00,822.134
2026-01-05 19:00:00,764.539
2026-01-05 19:30:00,736.93
2026-01-05 20:00:00,646.28
2026-01-05 20:30:00,635.799
2026-01-05 21:00:00,585.238
2026-01-05 21:30:00,551.921
2026-01-05 22:00:00,427.079
2026-01-05 22:30:00,405.095
2026-01-05 23:00:00,412.29
2026-01-05 23:30:00,294.58
2026-01-06 00:00:00,264.562
2026-01-06 00:30:00,278.763
2026-01-06 01:00:00,237.868
2026-01-06 01:30:00,241.541
2026-01-06 02:00:00,225.476
2026-01-06 02:30:00,239.349
2026-01-06 03:00:00,240.174
2026-01-06 03:30:00,235.587
2026-01-06 04:00:00,234.497
2026-01-06 04:30:00,246.618
2026-01-06 05:00:00,247.034
2026-01-06 05:30:00,302.077
2026-01-06 06:00:00,247.056
2026-01-06 06:30:00,268.015
2026-01-06 07:00:00,248.615
2026-01-06 07:30:00,253.439
2026-01-06 08:00:00,232.699
2026-01-06 08:30:00,245.684
2026-01-06 09:00:00,267.583
2026-01-06 09:30:00,318.887
2026-01-06 10:00:00,362.07
2026-01-06 10:30:00,316.198
2026-01-06 11:00:00,377.985
2026-01-06 11:30:00,393.603
2026-01-06 12:00:00,462.183
2026-01-06 12:30:00,540.993
2026-01-06 13:00:00,551.448
2026-01-06 13:30:00,611.659
2026-01-06 14:00:00,699.288
2026-01-06 14:30:00,722.105
2026-01-06 15:00:00,734.825
2026-01-06 15:30:00,794.168
2026-01-06 16:00:00,797.087
2026-01-06 16:30:00,845.51
2026-01-06 17:00:00,853.738
2026-01-06 17:30:00,800.819
2026-01-06 18:00:00,822.154
2026-01-06 18:30:00,787.256
2026-01-06 19:00:00,767.444
2026-01-06 19:30:00,731.441
2026-01-06 20:00:00,674.844
2026-01-06 20:30:00,605.268
2026-01-06 21:00:00,585.953
2026-01-06 21:30:00,492.273
2026-01-06 22:00:00,435.777
2026-01-06 22:30:00,347.893
2026-01-06 23:00:00,389.958
2026-01-06 23:30:00,340.326
2026-01-07 00:00:00,262.206
2026-01-07 00:30:00,202.987
2026-01-07 01:00:00,236.098
2026-01-07 01:30:00,264.053
2026-01-07 02:00:00,226.583
2026-01-07 02:30:00,262.619
2026-01-07 03:00:00,238.563
2026-01-07 03:30:00,251.838
2026-01-07 04:00:00,267.818
2026-01-07 04:30:00,277.213
2026-01-07 05:00:00,256.424
2026-01-07 05:30:00,234.874
2026-01-07 06:00:00,245.46
2026-01-07 06:30:00,275.335
2026-01-07 07:00:00,237.506
2026-01-07 07:30:00,263.727
2026-01-07 08:00:00,265.661
2026-01-07 08:30:00,282.384
2026-01-07 09:00:00,272.526
2026-01-07 09:30:00,267.996
2026-01-07 10:00:00,348.184
2026-01-07 10:30:00,384.968
2026-01-07 11:00:00,346.907
2026-01-07 11:30:00,436.998
2026-01-07 12:00:00,495.869
2026-01-07 12:30:00,528.997
2026-01-07 13:00:00,552.203
2026-01-07 13:30:00,589.26
2026-01-07 14:00:00,664.932
2026-01-07 14:30:00,716.852
2026-01-07 15:00:00,756.222
2026-01-07 15:30:00,785.692
2026-01-07 16:00:00,790.709
2026-01-07 16:30:00,845.565
2026-01-07 17:00:00,852.626
2026-01-07 17:30:00,840.019
2026-01-07 18:00:00,820.55
2026-01-07 18:30:00,832.176
2026-01-07 19:00:00,738.217
2026-01-07 19:30:00,742.693
2026-01-07 20:00:00,644.557
2026-01-07 20:30:00,640.571
2026-01-07 21:00:00,593.454
2026-01-07 21:30:00,506.773
2026-01-07 22:00:00,510.314
2026-01-07 22:30:00,439.501
2026-01-07 23:00:00,369.78
2026-01-07 23:30:00,351.51
2026-01-08 00:00:00,280.581
2026-01-08 00:30:00,275.344
2026-01-08 01:00:00,225.826
2026-01-08 01:30:00,248.814
2026-01-08 02:00:00,257.417
2026-01-08 02:30:00,239.697
2026-01-08 03:00:00,311.433
2026-01-08 03:30:00,258.5
2026-01-08 04:00:00,251.393
2026-01-08 04:30:00,283.164
2026-01-08 05:00:00,244.981
2026-01-08 05:30:00,280.41
2026-01-08 06:00:00,215.217
2026-01-08 06:30:00,248.07
2026-01-08 07:00:00,289.264
2026-01-08 07:30:00,307.434
2026-01-08 08:00:00,255.976
2026-01-08 08:30:00,262.723
2026-01-08 09:00:00,311.944
2026-01-08 09:30:00,298.718
2026-01-08 10:00:00,328.451
2026-01-08 10:30:00,382.774
2026-01-08 11:00:00,378.109
2026-01-08 11:30:00,378.639
2026-01-08 12:00:00,436.263
2026-01-08 12:30:00,514.348
2026-01-08 13:00:00,516.034
2026-01-08 13:30:00,605.418
2026-01-08 14:00:00,628.105
2026-01-08 14:30:00,751.656
2026-01-08 15:00:00,807.955
2026-01-08 15:30:00,763.74
2026-01-08 16:00:00,824.195
2026-01-08 16:30:00,810.988
2026-01-08 17:00:00,833.122
2026-01-08 17:30:00,880.085
2026-01-08 18:00:00,806.108
2026-01-08 18:30:00,783.044
2026-01-08 19:00:00,730.264
2026-01-08 19:30:00,739.312
2026-01-08 20:00:00,581.326
2026-01-08 20:30:00,601.777
2026-01-08 21:00:00,561.473
2026-01-08 21:30:00,497.572
2026-01-08 22:00:00,490.378
2026-01-08 22:30:00,457.826
2026-01-08 23:00:00,356.411
2026-01-08 23:30:00,413.202
2026-01-09 00:00:00,216.681
2026-01-09 00:30:00,284.483
2026-01-09 01:00:00,256.023
2026-01-09 01:30:00,239.703
2026-01-09 02:00:00,242.095
2026-01-09 02:30:00,251.55
2026-01-09 03:00:00,257.699
2026-01-09 03:30:00,229.654
2026-01-09 04:00:00,247.09
2026-01-09 04:30:00,234.126
2026-01-09 05:00:00,223.735
2026-01-09 05:30:00,234.791
2026-01-09 06:00:00,228.161
2026-01-09 06:30:00,248.907
2026-01-09 07:00:00,273.849
2026-01-09 07:30:00,271.197
2026-01-09 08:00:00,324.667
2026-01-09 08:30:00,229.707
2026-01-09 09:00:00,309.491
2026-01-09 09:30:00,314.455
2026-01-09 10:00:00,355.557
2026-01-09 10:30:00,378.776
2026-01-09 11:00:00,387.587
2026-01-09 11:30:00,432.091
2026-01-09 12:00:00,450.188
2026-01-09 12:30:00,529.441
2026-01-09 13:00:00,515.648
2026-01-09 13:30:00,632.268
2026-01-09 14:00:00,662.328
2026-01-09 14:30:00,698.481
2026-01-09 15:00:00,748.014
2026-01-09 15:30:00,786.215
2026-01-09 16:00:00,850.208
2026-01-09 16:30:00,915.836
2026-01-09 17:00:00,871.352
2026-01-09 17:30:00,820.865
2026-01-09 18:00:00,833.52
2026-01-09 18:30:00,807.028
2026-01-09 19:00:00,730.698
2026-01-09 19:30:00,679.137
2026-01-09 20:00:00,661.326
2026-01-09 20:30:00,633.04
2026-01-09 21:00:00,522.325
2026-01-09 21:30:00,496.077
2026-01-09 22:00:00,483.106
2026-01-09 22:30:00,428.818
2026-01-09 23:00:00,427.119
2026-01-09 23:30:00,325.58
2026-01-10 00:00:00,189.98
2026-01-10 00:30:00,92.729
2026-01-10 01:00:00,80.455
2026-01-10 01:30:00,129.721
2026-01-10 02:00:00,102.85
2026-01-10 02:30:00,130.273
2026-01-10 03:00:00,129.451
2026-01-10 03:30:00,126.488
2026-01-10 04:00:00,110.468
2026-01-10 04:30:00,142.581
2026-01-10 05:00:00,124.204
2026-01-10 05:30:00,160.308
2026-01-10 06:00:00,129.084
2026-01-10 06:30:00,110.778
2026-01-10 07:00:00,94.586
2026-01-10 07:30:00,135.15
2026-01-10 08:00:00,111.43
2026-01-10 08:30:00,114.435
2026-01-10 09:00:00,168.021
2026-01-10 09:30:00,118.991
2026-01-10 10:00:00,209.591
2026-01-10 10:30:00,191.642
2026-01-10 11:00:00,202.594
2026-01-10 11:30:00,196.574
2026-01-10 12:00:00,262.88
2026-01-10 12:30:00,267.259
2026-01-10 13:00:00,275.41
2026-01-10 13:30:00,323.676
2026-01-10 14:00:00,302.642
2026-01-10 14:30:00,328.659
2026-01-10 15:00:00,363.985
2026-01-10 15:30:00,419.64
2026-01-10 16:00:00,425.162
2026-01-10 16:30:00,460.424
2026-01-10 17:00:00,414.245
2026-01-10 17:30:00,448.566
2026-01-10 18:00:00,422.397
2026-01-10 18:30:00,387.325
2026-01-10 19:00:00,401.623
2026-01-10 19:30:00,367.892
2026-01-10 20:00:00,328.984
2026-01-10 20:30:00,319.731
2026-01-10 21:00:00,289.324
2026-01-10 21:30:00,263.489
2026-01-10 22:00:00,233.456
2026-01-10 22:30:00,189.819
2026-01-10 23:00:00,205.559
2026-01-10 23:30:00,167.582
2026-01-11 00:00:00,105.668
2026-01-11 00:30:00,125.162
2026-01-11 01:00:00,149.535
2026-01-11 01:30:00,135.834
2026-01-11 02:00:00,117.933
2026-01-11 02:30:00,116.958
2026-01-11 03:00:00,147.189
2026-01-11 03:30:00,71.464
2026-01-11 04:00:00,151.462
2026-01-11 04:30:00,84.914
2026-01-11 05:00:00,96.753
2026-01-11 05:30:00,119.86
2026-01-11 06:00:00,187.847
2026-01-11 06:30:00,176.829
2026-01-11 07:00:00,154.441
2026-01-11 07:30:00,148.367
2026-01-11 08:00:00,96.603
2026-01-11 08:30:00,152.103
2026-01-11 09:00:00,141.104
2026-01-11 09:30:00,143.016
2026-01-11 10:00:00,178.156
2026-01-11 10:30:00,175.872
2026-01-11 11:00:00,225.423
2026-01-11 11:30:00,174.044
2026-01-11 12:00:00,245.646
2026-01-11 12:30:00,245.354
2026-01-11 13:00:00,282.321
2026-01-11 13:30:00,326.296
2026-01-11 14:00:00,316.779
2026-01-11 14:30:00,373.648
2026-01-11 15:00:00,386.682
2026-01-11 15:30:00,394.387
2026-01-11 16:00:00,413.479
2026-01-11 16:30:00,430.335
2026-01-11 17:00:00,418.049
2026-01-11 17:30:00,434.376
2026-01-11 18:00:00,418.289
2026-01-11 18:30:00,395.619
2026-01-11 19:00:00,431.736
2026-01-11 19:30:00,379.923
2026-01-11 20:00:00,335.144
2026-01-11 20:30:00,322.327
2026-01-11 21:00:00,266.892
2026-01-11 21:30:00,256.412
2026-01-11 22:00:00,235.769
2026-01-11 22:30:00,191.273
2026-01-11 23:00:00,213.374
2026-01-11 23:30:00,175.009
2026-01-12 00:00:00,243.375
2026-01-12 00:30:00,238.049
2026-01-12 01:00:00,326.255
2026-01-12 01:30:00,235.731
2026-01-12 02:00:00,200.612
2026-01-12 02:30:00,212.389
2026-01-12 03:00:00,271.471
2026-01-12 03:30:00,286.069
2026-01-12 04:00:00,235.894
2026-01-12 04:30:00,285.366
2026-01-12 05:00:00,272.651
2026-01-12 05:30:00,250.487
2026-01-12 06:00:00,250.399
2026-01-12 06:30:00,263.933
2026-01-12 07:00:00,284.973
2026-01-12 07:30:00,278.111
2026-01-12 08:00:00,258.388
2026-01-12 08:30:00,280.613
2026-01-12 09:00:00,347.289
2026-01-12 09:30:00,320.575
2026-01-12 10:00:00,356.899
2026-01-12 10:30:00,374.361
2026-01-12 11:00:00,398.546
2026-01-12 11:30:00,430.492
2026-01-12 12:00:00,491.224
2026-01-12 12:30:00,532.065
2026-01-12 13:00:00,569.217
2026-01-12 13:30:00,595.503
2026-01-12 14:00:00,672.547
2026-01-12 14:30:00,708.982
2026-01-12 15:00:00,746.121
2026-01-12 15:30:00,857.164
2026-01-12 16:00:00,779.299
2026-01-12 16:30:00,858.961
2026-01-12 17:00:00,819.288
2026-01-12 17:30:00,838.278
2026-01-12 18:00:00,881.99
2026-01-12 18:30:00,766.136
2026-01-12 19:00:00,735.73
2026-01-12 19:30:00,710.22
2026-01-12 20:00:00,641.727
2026-01-12 20:30:00,634.949
2026-01-12 21:00:00,549.257
2026-01-12 21:30:00,530.449
2026-01-12 22:00:00,435.56
2026-01-12 22:30:00,382.604
2026-01-12 23:00:00,385.987
2026-01-12 23:30:00,321.652
2026-01-13 00:00:00,290.219
2026-01-13 00:30:00,214.022
2026-01-13 01:00:00,226.335
2026-01-13 01:30:00,262.636
2026-01-13 02:00:00,237.67
2026-01-13 02:30:00,214.428
2026-01-13 03:00:00,303.487
2026-01-13 03:30:00,227.617
2026-01-13 04:00:00,248.032
2026-01-13 04:30:00,248.163
2026-01-13 05:00:00,271.869
2026-01-13 05:30:00,266.783
2026-01-13 06:00:00,236.241
2026-01-13 06:30:00,251.265
2026-01-13 07:00:00,257.364
2026-01-13 07:30:00,286.903
2026-01-13 08:00:00,246.1
2026-01-13 08:30:00,335.421
2026-01-13 09:00:00,278.778
2026-01-13 09:30:00,314.076
2026-01-13 10:00:00,306.166
2026-01-13 10:30:00,328.41
2026-01-13 11:00:00,369.851
2026-01-13 11:30:00,403.512
2026-01-13 12:00:00,458.433
2026-01-13 12:30:00,489.625
2026-01-13 13:00:00,580.009
2026-01-13 13:30:00,593.273
2026-01-13 14:00:00,640.562
2026-01-13 14:30:00,700.833
2026-01-13 15:00:00,778.648
2026-01-13 15:30:00,795.567
2026-01-13 16:00:00,815.283
2026-01-13 16:30:00,799.172
2026-01-13 17:00:00,812.287
2026-01-13 17:30:00,803.038
2026-01-13 18:00:00,850.447
2026-01-13 18:30:00,803.459
2026-01-13 19:00:00,732.286
2026-01-13 19:30:00,696.548
2026-01-13 20:00:00,642.275
2026-01-13 20:30:00,590.701
2026-01-13 21:00:00,574.127
2026-01-13 21:30:00,506.911
2026-01-13 22:00:00,520.819
2026-01-13 22:30:00,459.034
2026-01-13 23:00:00,424.449
2026-01-13 23:30:00,377.648
2026-01-14 00:00:00,241.696
2026-01-14 00:30:00,267.212
2026-01-14 01:00:00,243.557
2026-01-14 01:30:00,293.053
2026-01-14 02:00:00,262.436
2026-01-14 02:30:00,258.947
2026-01-14 03:00:00,255.665
2026-01-14 03:30:00,296.165
2026-01-14 04:00:00,217.095
2026-01-14 04:30:00,299.35
2026-01-14 05:00:00,249.457
2026-01-14 05:30:00,220.07
2026-01-14 06:00:00,238.105
2026-01-14 06:30:00,218.141
2026-01-14 07:00:00,279.378
2026-01-14 07:30:00,242.222
2026-01-14 08:00:00,279.525
2026-01-14 08:30:00,313.324
2026-01-14 09:00:00,280.957
2026-01-14 09:30:00,307.592
2026-01-14 10:00:00,302.581
2026-01-14 10:30:00,351.155
2026-01-14 11:00:00,456.062
2026-01-14 11:30:00,447.223
2026-01-14 12:00:00,462.171
2026-01-14 12:30:00,498.807
2026-01-14 13:00:00,561.554
2026-01-14 13:30:00,616.099
2026-01-14 14:00:00,652.431
2026-01-14 14:30:00,723.909
2026-01-14 15:00:00,729.991
2026-01-14 15:30:00,766.235
2026-01-14 16:00:00,827.03
2026-01-14 16:30:00,805.782
2026-01-14 17:00:00,859.08
2026-01-14 17:30:00,834.641
2026-01-14 18:00:00,772.078
2026-01-14 18:30:00,792.932
2026-01-14 19:00:00,711.698
2026-01-14 19:30:00,727.991
2026-01-14 20:00:00,656.69
2026-01-14 20:30:00,659.124
2026-01-14 21:00:00,589.403
2026-01-14 21:30:00,487.582
2026-01-14 22:00:00,418.271
2026-01-14 22:30:00,408.897
2026-01-14 23:00:00,361.18
2026-01-14 23:30:00,406.508
2026-01-15 00:00:00,252.004
2026-01-15 00:30:00,275.603
2026-01-15 01:00:00,245.152
2026-01-15 01:30:00,247.804
2026-01-15 02:00:00,251.513
2026-01-15 02:30:00,280.051
2026-01-15 03:00:00,260.279
2026-01-15 03:30:00,226.225
2026-01-15 04:00:00,293.502
2026-01-15 04:30:00,246.072
2026-01-15 05:00:00,242.723
2026-01-15 05:30:00,184.486
2026-01-15 06:00:00,272.771
2026-01-15 06:30:00,261.936
2026-01-15 07:00:00,265.535
2026-01-15 07:30:00,258.109
2026-01-15 08:00:00,260.928
2026-01-15 08:30:00,275.729
2026-01-15 09:00:00,309.337
2026-01-15 09:30:00,330.272
2026-01-15 10:00:00,329.39
2026-01-15 10:30:00,384.588
2026-01-15 11:00:00,389.737
2026-01-15 11:30:00,415.169
2026-01-15 12:00:00,473.75
2026-01-15 12:30:00,480.115
2026-01-15 13:00:00,568.438
2026-01-15 13:30:00,574.293
2026-01-15 14:00:00,637.214
2026-01-15 14:30:00,660.19
2026-01-15 15:00:00,749.449
2026-01-15 15:30:00,830.436
2026-01-15 16:00:00,814.849
2026-01-15 16:30:00,851.088
2026-01-15 17:00:00,899.663
2026-01-15 17:30:00,845.1
2026-01-15 18:00:00,798.645
2026-01-15 18:30:00,774.506
2026-01-15 19:00:00,753.843
2026-01-15 19:30:00,694.835
2026-01-15 20:00:00,648.955
2026-01-15 20:30:00,637.479
2026-01-15 21:00:00,588.274
2026-01-15 21:30:00,472.927
2026-01-15 22:00:00,448.335
2026-01-15 22:30:00,416.175
2026-01-15 23:00:00,406.689
2026-01-15 23:30:00,389.441
2026-01-16 00:00:00,319.811
2026-01-16 00:30:00,240.626
2026-01-16 01:00:00,241.884
2026-01-16 01:30:00,267.01
2026-01-16 02:00:00,235.274
2026-01-16 02:30:00,248.863
2026-01-16 03:00:00,242.112
2026-01-16 03:30:00,187.117
2026-01-16 04:00:00,256.02
2026-01-16 04:30:00,248.834
2026-01-16 05:00:00,285.892
2026-01-16 05:30:00,255.361
2026-01-16 06:00:00,225.542
2026-01-16 06:30:00,252.959
2026-01-16 07:00:00,210.76
2026-01-16 07:30:00,237.906
2026-01-16 08:00:00,291.196
2026-01-16 08:30:00,278.785
2026-01-16 09:00:00,320.821
2026-01-16 09:30:00,265.122
2026-01-16 10:00:00,329.104
2026-01-16 10:30:00,348.977
2026-01-16 11:00:00,415.608
2026-01-16 11:30:00,444.594
2026-01-16 12:00:00,484.846
2026-01-16 12:30:00,552.634
2026-01-16 13:00:00,553.418
2026-01-16 13:30:00,646.224
2026-01-16 14:00:00,636.802
2026-01-16 14:30:00,683.635
2026-01-16 15:00:00,772.646
2026-01-16 15:30:00,752.576
2026-01-16 16:00:00,832.095
2026-01-16 16:30:00,837.531
2026-01-16 17:00:00,867.651
2026-01-16 17:30:00,833.512
2026-01-16 18:00:00,819.177
2026-01-16 18:30:00,802.927
2026-01-16 19:00:00,737.261
2026-01-16 19:30:00,693.002
2026-01-16 20:00:00,674.768
2026-01-16 20:30:00,612.115
2026-01-16 21:00:00,552.437
2026-01-16 21:30:00,512.03
2026-01-16 22:00:00,508.654
2026-01-16 22:30:00,416.699
2026-01-16 23:00:00,379.911
2026-01-16 23:30:00,318.178
2026-01-17 00:00:00,130.117
2026-01-17 00:30:00,147.601
2026-01-17 01:00:00,152.089
2026-01-17 01:30:00,133.899
2026-01-17 02:00:00,155.107
2026-01-17 02:30:00,149.522
2026-01-17 03:00:00,159.118
2026-01-17 03:30:00,155.99
2026-01-17 04:00:00,170.778
2026-01-17 04:30:00,127.522
2026-01-17 05:00:00,98.961
2026-01-17 05:30:00,149.309
2026-01-17 06:00:00,153.107
2026-01-17 06:30:00,174.144
2026-01-17 07:00:00,168.812
2026-01-17 07:30:00,188.09
2026-01-17 08:00:00,158.657
2026-01-17 08:30:00,153.904
2026-01-17 09:00:00,120.21
2026-01-17 09:30:00,171.135
2026-01-17 10:00:00,160.473
2026-01-17 10:30:00,192.937
2026-01-17 11:00:00,205.053
2026-01-17 11:30:00,234.236
2026-01-17 12:00:00,241.337
2026-01-17 12:30:00,290.707
2026-01-17 13:00:00,224.484
2026-01-17 13:30:00,323.43
2026-01-17 14:00:00,374.774
2026-01-17 14:30:00,416.293
2026-01-17 15:00:00,410.289
2026-01-17 15:30:00,453.023
2026-01-17 16:00:00,429.467
2026-01-17 16:30:00,434.271
2026-01-17 17:00:00,450.48
2026-01-17 17:30:00,434.119
2026-01-17 18:00:00,405.684
2026-01-17 18:30:00,398.02
2026-01-17 19:00:00,364.186
2026-01-17 19:30:00,382.751
2026-01-17 20:00:00,344.997
2026-01-17 20:30:00,309.673
2026-01-17 21:00:00,278.395
2026-01-17 21:30:00,279.958
2026-01-17 22:00:00,263.282
2026-01-17 22:30:00,194.18
2026-01-17 23:00:00,171.498
2026-01-17 23:30:00,211.512
2026-01-18 00:00:00,96.798
2026-01-18 00:30:00,144.866
2026-01-18 01:00:00,171.607
2026-01-18 01:30:00,171.675
2026-01-18 02:00:00,149.658
2026-01-18 02:30:00,148.962
2026-01-18 03:00:00,187.592
2026-01-18 03:30:00,73.022
2026-01-18 04:00:00,119.92
2026-01-18 04:30:00,152.977
2026-01-18 05:00:00,123.706
2026-01-18 05:30:00,163.711
2026-01-18 06:00:00,132.61
2026-01-18 06:30:00,138.187
2026-01-18 07:00:00,129.912
2026-01-18 07:30:00,126.39
2026-01-18 08:00:00,129.483
2026-01-18 08:30:00,154.963
2026-01-18 09:00:00,135.47
2026-01-18 09:30:00,187.263
2026-01-18 10:00:00,190.617
2026-01-18 10:30:00,215.135
2026-01-18 11:00:00,175.467
2026-01-18 11:30:00,179.956
2026-01-18 12:00:00,243.666
2026-01-18 12:30:00,339.802
2026-01-18 13:00:00,324.218
2026-01-18 13:30:00,304.819
2026-01-18 14:00:00,355.325
2026-01-18 14:30:00,387.731
2026-01-18 15:00:00,357.78
2026-01-18 15:30:00,445.142
2026-01-18 16:00:00,421.058
2026-01-18 16:30:00,431.932
2026-01-18 17:00:00,437.839
2026-01-18 17:30:00,462.813
2026-01-18 18:00:00,406.364
2026-01-18 18:30:00,368.227
2026-01-18 19:00:00,400.064
2026-01-18 19:30:00,318.45
2026-01-18 20:00:00,337.184
2026-01-18 20:30:00,348.352
2026-01-18 21:00:00,307.04
2026-01-18 21:30:00,293.39
2026-01-18 22:00:00,259.279
2026-01-18 22:30:00,282.701
2026-01-18 23:00:00,188.984
2026-01-18 23:30:00,197.603
2026-01-19 00:00:00,241.309
2026-01-19 00:30:00,276.187
2026-01-19 01:00:00,250.738
2026-01-19 01:30:00,295.267
2026-01-19 02:00:00,239.059
2026-01-19 02:30:00,287.566
2026-01-19 03:00:00,267.317
2026-01-19 03:30:00,251.847
2026-01-19 04:00:00,266.5
2026-01-19 04:30:00,259.924
2026-01-19 05:00:00,263.01
2026-01-19 05:30:00,250.052
2026-01-19 06:00:00,239.371
2026-01-19 06:30:00,251.034
2026-01-19 07:00:00,220.958
2026-01-19 07:30:00,289.228
2026-01-19 08:00:00,244.429
2026-01-19 08:30:00,279.527
2026-01-19 09:00:00,313.959
2026-01-19 09:30:00,335.279
2026-01-19 10:00:00,290.799
2026-01-19 10:30:00,358.568
2026-01-19 11:00:00,403.205
2026-01-19 11:30:00,429.075
2026-01-19 12:00:00,502.392
2026-01-19 12:30:00,493.554
2026-01-19 13:00:00,511.394
2026-01-19 13:30:00,633.106
2026-01-19 14:00:00,649.48
2026-01-19 14:30:00,666.694
2026-01-19 15:00:00,749.864
2026-01-19 15:30:00,820.959
2026-01-19 16:00:00,786.194
2026-01-19 16:30:00,893.398
2026-01-19 17:00:00,819.908
2026-01-19 17:30:00,837.173
2026-01-19 18:00:00,787.297
2026-01-19 18:30:00,791.235
2026-01-19 19:00:00,750.483
2026-01-19 19:30:00,673.42
2026-01-19 20:00:00,733.553
2026-01-19 20:30:00,600.464
2026-01-19 21:00:00,550.258
2026-01-19 21:30:00,538.325
2026-01-19 22:00:00,514.146
2026-01-19 22:30:00,455.936
2026-01-19 23:00:00,361.682
2026-01-19 23:30:00,366.212
2026-01-20 00:00:00,205.228
2026-01-20 00:30:00,274.81
2026-01-20 01:00:00,211.398
2026-01-20 01:30:00,232.216
2026-01-20 02:00:00,252.249
2026-01-20 02:30:00,263.513
2026-01-20 03:00:00,245.965
2026-01-20 03:30:00,290.635
2026-01-20 04:00:00,271.02
2026-01-20 04:30:00,269.511
2026-01-20 05:00:00,223.376
2026-01-20 05:30:00,297.708
2026-01-20 06:00:00,236.834
2026-01-20 06:30:00,302.85
2026-01-20 07:00:00,313.592
2026-01-20 07:30:00,280.996
2026-01-20 08:00:00,301.109
2026-01-20 08:30:00,207.896
2026-01-20 09:00:00,292.883
2026-01-20 09:30:00,341.848
2026-01-20 10:00:00,358.278
2026-01-20 10:30:00,330.371
2026-01-20 11:00:00,384.369
2026-01-20 11:30:00,364.366
2026-01-20 12:00:00,479.115
2026-01-20 12:30:00,467.016
2026-01-20 13:00:00,590.882
2026-01-20 13:30:00,642.415
2026-01-20 14:00:00,651.048
2026-01-20 14:30:00,723.689
2026-01-20 15:00:00,748.399
2026-01-20 15:30:00,796.243
2026-01-20 16:00:00,789.094
2026-01-20 16:30:00,850.561
2026-01-20 17:00:00,799.825
2026-01-20 17:30:00,789.25
2026-01-20 18:00:00,814.727
2026-01-20 18:30:00,784.914
2026-01-20 19:00:00,760.634
2026-01-20 19:30:00,694.42
2026-01-20 20:00:00,710.05
2026-01-20 20:30:00,616.863
2026-01-20 21:00:00,568.442
2026-01-20 21:30:00,519.03
2026-01-20 22:00:00,493.862
2026-01-20 22:30:00,442.175
2026-01-20 23:00:00,402.762
2026-01-20 23:30:00,379.264
2026-01-21 00:00:00,206.647
2026-01-21 00:30:00,207.596
2026-01-21 01:00:00,250.376
2026-01-21 01:30:00,247.354
2026-01-21 02:00:00,266.824
2026-01-21 02:30:00,252.888
2026-01-21 03:00:00,267.035
2026-01-21 03:30:00,221.518
2026-01-21 04:00:00,252.67
2026-01-21 04:30:00,219.866
2026-01-21 05:00:00,263.783
2026-01-21 05:30:00,208.267
2026-01-21 06:00:00,265.618
2026-01-21 06:30:00,222.686
2026-01-21 07:00:00,253.449
2026-01-21 07:30:00,290.552
2026-01-21 08:00:00,280.993
2026-01-21 08:30:00,243.827
2026-01-21 09:00:00,280.948
2026-01-21 09:30:00,276.76
2026-01-21 10:00:00,292.797
2026-01-21 10:30:00,363.806
2026-01-21 11:00:00,405.719
2026-01-21 11:30:00,438.79
2026-01-21 12:00:00,483.855
2026-01-21 12:30:00,513.801
2026-01-21 13:00:00,555.785
2026-01-21 13:30:00,586.021
2026-01-21 14:00:00,651.906
2026-01-21 14:30:00,677.624
2026-01-21 15:00:00,732.698
2026-01-21 15:30:00,792.418
2026-01-21 16:00:00,814.83
2026-01-21 16:30:00,911.616
2026-01-21 17:00:00,807.21
2026-01-21 17:30:00,831.871
2026-01-21 18:00:00,782.182
2026-01-21 18:30:00,780.5
2026-01-21 19:00:00,745.15
2026-01-21 19:30:00,731.779
2026-01-21 20:00:00,651.666
2026-01-21 20:30:00,608.064
2026-01-21 21:00:00,551.862
2026-01-21 21:30:00,479.073
2026-01-21 22:00:00,452.487
2026-01-21 22:30:00,418.226
2026-01-21 23:00:00,393.557
2026-01-21 23:30:00,374.838
2026-01-22 00:00:00,246.397
2026-01-22 00:30:00,245.963
2026-01-22 01:00:00,209.257
2026-01-22 01:30:00,265.789
2026-01-22 02:00:00,234.932
2026-01-22 02:30:00,271.066
2026-01-22 03:00:00,285.399
2026-01-22 03:30:00,247.96
2026-01-22 04:00:00,227.356
2026-01-22 04:30:00,252.975
2026-01-22 05:00:00,262.829
2026-01-22 05:30:00,247.336
2026-01-22 06:00:00,242.81
2026-01-22 06:30:00,273.499
2026-01-22 07:00:00,275.476
2026-01-22 07:30:00,259.522
2026-01-22 08:00:00,233.957
2026-01-22 08:30:00,296.378
2026-01-22 09:00:00,278.575
2026-01-22 09:30:00,319.653
2026-01-22 10:00:00,338.944
2026-01-22 10:30:00,313.641
2026-01-22 11:00:00,393.739
2026-01-22 11:30:00,440.638
2026-01-22 12:00:00,484.719
2026-01-22 12:30:00,517.033
2026-01-22 13:00:00,513.19
2026-01-22 13:30:00,644.774
2026-01-22 14:00:00,673.183
2026-01-22 14:30:00,680.574
2026-01-22 15:00:00,734.133
2026-01-22 15:30:00,795.976
2026-01-22 16:00:00,834.77
2026-01-22 16:30:00,822.799
2026-01-22 17:00:00,861.493
2026-01-22 17:30:00,790.179
2026-01-22 18:00:00,791.714
2026-01-22 18:30:00,738.586
2026-01-22 19:00:00,731.392
2026-01-22 19:30:00,748.359
2026-01-22 20:00:00,714.353
2026-01-22 20:30:00,618.712
2026-01-22 21:00:00,546.659
2026-01-22 21:30:00,508.558
2026-01-22 22:00:00,480.623
2026-01-22 22:30:00,388.7
2026-01-22 23:00:00,377.399
2026-01-22 23:30:00,396.737
2026-01-23 00:00:00,226.119
2026-01-23 00:30:00,233.542
2026-01-23 01:00:00,252.607
2026-01-23 01:30:00,259.374
2026-01-23 02:00:00,236.704
2026-01-23 02:30:00,254.312
2026-01-23 03:00:00,267.687
2026-01-23 03:30:00,301.694
2026-01-23 04:00:00,249.783
2026-01-23 04:30:00,252.36
2026-01-23 05:00:00,292.298
2026-01-23 05:30:00,241.495
2026-01-23 06:00:00,223.802
2026-01-23 06:30:00,265.667
2026-01-23 07:00:00,289.941
2026-01-23 07:30:00,277.205
2026-01-23 08:00:00,272.883
2026-01-23 08:30:00,248.759
2026-01-23 09:00:00,296.299
2026-01-23 09:30:00,345.123
2026-01-23 10:00:00,304.313
2026-01-23 10:30:00,354.746
2026-01-23 11:00:00,382.025
2026-01-23 11:30:00,410.332
2026-01-23 12:00:00,474.988
2026-01-23 12:30:00,525.182
2026-01-23 13:00:00,573.441
2026-01-23 13:30:00,588.427
2026-01-23 14:00:00,621.758
2026-01-23 14:30:00,717.217
2026-01-23 15:00:00,741.179
2026-01-23 15:30:00,836.153
2026-01-23 16:00:00,864.888
2026-01-23 16:30:00,884.765
2026-01-23 17:00:00,817.352
2026-01-23 17:30:00,849.232
2026-01-23 18:00:00,839.549
2026-01-23 18:30:00,809.154
2026-01-23 19:00:00,744.967
2026-01-23 19:30:00,742.636
2026-01-23 20:00:00,662.92
2026-01-23 20:30:00,616.05
2026-01-23 21:00:00,524.174
2026-01-23 21:30:00,530.218
2026-01-23 22:00:00,462.279
2026-01-23 22:30:00,439.394
2026-01-23 23:00:00,397.59
2026-01-23 23:30:00,365.388
2026-01-24 00:00:00,130.033
2026-01-24 00:30:00,150.844
2026-01-24 01:00:00,126.212
2026-01-24 01:30:00,94.814
2026-01-24 02:00:00,145.435
2026-01-24 02:30:00,111.016
2026-01-24 03:00:00,98.187
2026-01-24 03:30:00,105.826
2026-01-24 04:00:00,138.611
2026-01-24 04:30:00,129.351
2026-01-24 05:00:00,78.821
2026-01-24 05:30:00,123.125
2026-01-24 06:00:00,162.824
2026-01-24 06:30:00,123.611
2026-01-24 07:00:00,132.642
2026-01-24 07:30:00,165.528
2026-01-24 08:00:00,163.048
2026-01-24 08:30:00,173.727
2026-01-24 09:00:00,85.52
2026-01-24 09:30:00,206.771
2026-01-24 10:00:00,190.196
2026-01-24 10:30:00,249.186
2026-01-24 11:00:00,184.132
2026-01-24 11:30:00,178.357
2026-01-24 12:00:00,243.951
2026-01-24 12:30:00,260.447
2026-01-24 13:00:00,308.904
2026-01-24 13:30:00,345.554
2026-01-24 14:00:00,342.53
2026-01-24 14:30:00,363.524
2026-01-24 15:00:00,405.058
2026-01-24 15:30:00,404.493
2026-01-24 16:00:00,416.744
2026-01-24 16:30:00,460.127
2026-01-24 17:00:00,468.739
2026-01-24 17:30:00,461.298
2026-01-24 18:00:00,421.038
2026-01-24 18:30:00,357.407
2026-01-24 19:00:00,388.285
2026-01-24 19:30:00,350.592
2026-01-24 20:00:00,341.469
2026-01-24 20:30:00,301.903
2026-01-24 21:00:00,292.044
2026-01-24 21:30:00,241.35
2026-01-24 22:00:00,211.753
2026-01-24 22:30:00,253.01
2026-01-24 23:00:00,179.449
2026-01-24 23:30:00,187.658
2026-01-25 00:00:00,155.039
2026-01-25 00:30:00,154.037
2026-01-25 01:00:00,151.055
2026-01-25 01:30:00,138.766
2026-01-25 02:00:00,149.311
2026-01-25 02:30:00,165.569
2026-01-25 03:00:00,141.919
2026-01-25 03:30:00,85.452
2026-01-25 04:00:00,118.315
2026-01-25 04:30:00,149.173
2026-01-25 05:00:00,116.46
2026-01-25 05:30:00,173.219
2026-01-25 06:00:00,132.014
2026-01-25 06:30:00,137.025
2026-01-25 07:00:00,164.898
2026-01-25 07:30:00,134.882
2026-01-25 08:00:00,147.567
2026-01-25 08:30:00,170.662
2026-01-25 09:00:00,118.027
2026-01-25 09:30:00,156.301
2026-01-25 10:00:00,195.015
2026-01-25 10:30:00,189.289
2026-01-25 11:00:00,240.373
2026-01-25 11:30:00,183.045
2026-01-25 12:00:00,201.521
2026-01-25 12:30:00,286.574
2026-01-25 13:00:00,314.208
2026-01-25 13:30:00,313.849
2026-01-25 14:00:00,354.722
2026-01-25 14:30:00,388.172
2026-01-25 15:00:00,371.643
2026-01-25 15:30:00,393.23
2026-01-25 16:00:00,429.986
2026-01-25 16:30:00,456.801
2026-01-25 17:00:00,408.096
2026-01-25 17:30:00,429.25
2026-01-25 18:00:00,419.137
2026-01-25 18:30:00,421.35
2026-01-25 19:00:00,391.773
2026-01-25 19:30:00,355.895
2026-01-25 20:00:00,375.926
2026-01-25 20:30:00,305.199
2026-01-25 21:00:00,285.26
2026-01-25 21:30:00,227.544
2026-01-25 22:00:00,225.93
2026-01-25 22:30:00,235.345
2026-01-25 23:00:00,211.705
2026-01-25 23:30:00,202.637
2026-01-26 00:00:00,266.037
2026-01-26 00:30:00,304.46
2026-01-26 01:00:00,233.581
2026-01-26 01:30:00,211.81
2026-01-26 02:00:00,226.065
2026-01-26 02:30:00,234.796
2026-01-26 03:00:00,228.13
2026-01-26 03:30:00,255.0
2026-01-26 04:00:00,284.255
2026-01-26 04:30:00,291.884
2026-01-26 05:00:00,266.719
2026-01-26 05:30:00,308.756
2026-01-26 06:00:00,248.001
2026-01-26 06:30:00,218.598
2026-01-26 07:00:00,289.366
2026-01-26 07:30:00,222.214
2026-01-26 08:00:00,256.433
2026-01-26 08:30:00,297.971
2026-01-26 09:00:00,295.198
2026-01-26 09:30:00,309.52
2026-01-26 10:00:00,305.646
2026-01-26 10:30:00,360.594
2026-01-26 11:00:00,416.803
2026-01-26 11:30:00,428.274
2026-01-26 12:00:00,448.034
2026-01-26 12:30:00,482.911
2026-01-26 13:00:00,542.38
2026-01-26 13:30:00,622.656
2026-01-26 14:00:00,671.498
2026-01-26 14:30:00,690.645
2026-01-26 15:00:00,698.558
2026-01-26 15:30:00,800.695
2026-01-26 16:00:00,795.333
2026-01-26 16:30:00,852.225
2026-01-26 17:00:00,821.952
2026-01-26 17:30:00,810.301
2026-01-26 18:00:00,821.605
2026-01-26 18:30:00,849.137
2026-01-26 19:00:00,772.553
2026-01-26 19:30:00,714.063
2026-01-26 20:00:00,671.879
2026-01-26 20:30:00,569.069
2026-01-26 21:00:00,534.561
2026-01-26 21:30:00,451.326
2026-01-26 22:00:00,512.037
2026-01-26 22:30:00,465.96
2026-01-26 23:00:00,401.532
2026-01-26 23:30:00,364.242
2026-01-27 00:00:00,213.472
2026-01-27 00:30:00,246.785
2026-01-27 01:00:00,297.087
2026-01-27 01:30:00,255.581
2026-01-27 02:00:00,238.213
2026-01-27 02:30:00,208.436
2026-01-27 03:00:00,286.996
2026-01-27 03:30:00,250.906
2026-01-27 04:00:00,209.02
2026-01-27 04:30:00,230.286
2026-01-27 05:00:00,222.173
2026-01-27 05:30:00,251.93
2026-01-27 06:00:00,262.094
2026-01-27 06:30:00,246.831
2026-01-27 07:00:00,282.463
2026-01-27 07:30:00,270.149
2026-01-27 08:00:00,301.866
2026-01-27 08:30:00,276.039
2026-01-27 09:00:00,373.891
2026-01-27 09:30:00,300.182
2026-01-27 10:00:00,312.582
2026-01-27 10:30:00,335.207
2026-01-27 11:00:00,386.438
2026-01-27 11:30:00,384.787
2026-01-27 12:00:00,476.154
2026-01-27 12:30:00,466.467
2026-01-27 13:00:00,566.662
2026-01-27 13:30:00,579.066
2026-01-27 14:00:00,653.375
2026-01-27 14:30:00,725.771
2026-01-27 15:00:00,811.428
2026-01-27 15:30:00,763.245
2026-01-27 16:00:00,814.018
2026-01-27 16:30:00,816.904
2026-01-27 17:00:00,819.108
2026-01-27 17:30:00,817.124
2026-01-27 18:00:00,838.377
2026-01-27 18:30:00,777.994
2026-01-27 19:00:00,810.06
2026-01-27 19:30:00,721.057
2026-01-27 20:00:00,637.657
2026-01-27 20:30:00,603.68
2026-01-27 21:00:00,542.574
2026-01-27 21:30:00,534.101
2026-01-27 22:00:00,427.82
2026-01-27 22:30:00,394.251
2026-01-27 23:00:00,376.923
2026-01-27 23:30:00,377.938
2026-01-28 00:00:00,283.089
2026-01-28 00:30:00,286.781
2026-01-28 01:00:00,265.523
2026-01-28 01:30:00,250.224
2026-01-28 02:00:00,272.195
2026-01-28 02:30:00,223.775
2026-01-28 03:00:00,206.372
2026-01-28 03:30:00,263.574
2026-01-28 04:00:00,227.797
2026-01-28 04:30:00,251.76
2026-01-28 05:00:00,257.102
2026-01-28 05:30:00,261.427
2026-01-28 06:00:00,280.355
2026-01-28 06:30:00,280.213
2026-01-28 07:00:00,267.912
2026-01-28 07:30:00,257.129
2026-01-28 08:00:00,278.002
2026-01-28 08:30:00,270.063
2026-01-28 09:00:00,292.847
2026-01-28 09:30:00,379.749
2026-01-28 10:00:00,339.72
2026-01-28 10:30:00,372.12
2026-01-28 11:00:00,374.075
2026-01-28 11:30:00,453.277
2026-01-28 12:00:00,487.797
2026-01-28 12:30:00,533.283
2026-01-28 13:00:00,567.992
2026-01-28 13:30:00,638.702
2026-01-28 14:00:00,694.7
2026-01-28 14:30:00,717.735
2026-01-28 15:00:00,750.962
2026-01-28 15:30:00,812.559
2026-01-28 16:00:00,795.172
2026-01-28 16:30:00,817.049
2026-01-28 17:00:00,839.522
2026-01-28 17:30:00,791.464
2026-01-28 18:00:00,838.465
2026-01-28 18:30:00,766.122
2026-01-28 19:00:00,742.04
2026-01-28 19:30:00,705.325
2026-01-28 20:00:00,663.89
2026-01-28 20:30:00,604.256
2026-01-28 21:00:00,560.936
2026-01-28 21:30:00,512.609
2026-01-28 22:00:00,457.614
2026-01-28 22:30:00,408.445
2026-01-28 23:00:00,418.749
2026-01-28 23:30:00,308.254
2026-01-29 00:00:00,247.119
2026-01-29 00:30:00,240.545
2026-01-29 01:00:00,262.747
2026-01-29 01:30:00,215.939
2026-01-29 02:00:00,239.834
2026-01-29 02:30:00,249.829
2026-01-29 03:00:00,279.24
2026-01-29 03:30:00,260.963
2026-01-29 04:00:00,223.352
2026-01-29 04:30:00,241.206
2026-01-29 05:00:00,276.262
2026-01-29 05:30:00,225.205
2026-01-29 06:00:00,254.944
2026-01-29 06:30:00,259.183
2026-01-29 07:00:00,253.392
2026-01-29 07:30:00,335.573
2026-01-29 08:00:00,264.99
2026-01-29 08:30:00,296.213
2026-01-29 09:00:00,278.6
2026-01-29 09:30:00,327.488
2026-01-29 10:00:00,356.935
2026-01-29 10:30:00,346.165
2026-01-29 11:00:00,390.344
2026-01-29 11:30:00,405.393
2026-01-29 12:00:00,440.18
2026-01-29 12:30:00,540.019
2026-01-29 13:00:00,548.77
2026-01-29 13:30:00,552.507
2026-01-29 14:00:00,707.042
2026-01-29 14:30:00,690.605
2026-01-29 15:00:00,747.668
2026-01-29 15:30:00,831.218
2026-01-29 16:00:00,814.232
2026-01-29 16:30:00,830.915
2026-01-29 17:00:00,810.151
2026-01-29 17:30:00,794.127
2026-01-29 18:00:00,813.616
2026-01-29 18:30:00,799.265
2026-01-29 19:00:00,761.465
2026-01-29 19:30:00,698.626
2026-01-29 20:00:00,663.414
2026-01-29 20:30:00,566.917
2026-01-29 21:00:00,574.124
2026-01-29 21:30:00,518.134
2026-01-29 22:00:00,518.131
2026-01-29 22:30:00,427.962
2026-01-29 23:00:00,368.145
2026-01-29 23:30:00,359.596
2026-01-30 00:00:00,244.067
2026-01-30 00:30:00,263.135
2026-01-30 01:00:00,252.95
2026-01-30 01:30:00,220.797
2026-01-30 02:00:00,211.436
2026-01-30 02:30:00,258.96
2026-01-30 03:00:00,287.066
2026-01-30 03:30:00,254.642
2026-01-30 04:00:00,273.271
2026-01-30 04:30:00,278.713
2026-01-30 05:00:00,260.781
2026-01-30 05:30:00,234.862
2026-01-30 06:00:00,261.793
2026-01-30 06:30:00,289.588
2026-01-30 07:00:00,276.284
2026-01-30 07:30:00,286.885
2026-01-30 08:00:00,263.745
2026-01-30 08:30:00,279.91
2026-01-30 09:00:00,294.79
2026-01-30 09:30:00,313.011
2026-01-30 10:00:00,364.364
2026-01-30 10:30:00,302.185
2026-01-30 11:00:00,392.475
2026-01-30 11:30:00,425.787
2026-01-30 12:00:00,434.502
2026-01-30 12:30:00,530.893
2026-01-30 13:00:00,544.507
2026-01-30 13:30:00,603.922
2026-01-30 14:00:00,709.127
2026-01-30 14:30:00,735.907
2026-01-30 15:00:00,768.189
2026-01-30 15:30:00,799.714
2026-01-30 16:00:00,813.659
2026-01-30 16:30:00,884.983
2026-01-30 17:00:00,860.909
2026-01-30 17:30:00,816.259
2026-01-30 18:00:00,782.773
2026-01-30 18:30:00,804.366
2026-01-30 19:00:00,752.43
2026-01-30 19:30:00,674.934
2026-01-30 20:00:00,673.622
2026-01-30 20:30:00,606.122
2026-01-30 21:00:00,575.887
2026-01-30 21:30:00,525.143
2026-01-30 22:00:00,453.583
2026-01-30 22:30:00,443.596
2026-01-30 23:00:00,379.264
2026-01-30 23:30:00,350.042
2026-01-31 00:00:00,117.869
2026-01-31 00:30:00,159.453
2026-01-31 01:00:00,124.17
2026-01-31 01:30:00,165.505
2026-01-31 02:00:00,175.798
2026-01-31 02:30:00,112.774
2026-01-31 03:00:00,58.269
2026-01-31 03:30:00,157.495
2026-01-31 04:00:00,122.979
2026-01-31 04:30:00,110.11
2026-01-31 05:00:00,117.42
2026-01-31 05:30:00,122.346
2026-01-31 06:00:00,166.023
2026-01-31 06:30:00,138.891
2026-01-31 07:00:00,168.869
2026-01-31 07:30:00,151.809
2026-01-31 08:00:00,135.43
2026-01-31 08:30:00,138.425
2026-01-31 09:00:00,168.874
2026-01-31 09:30:00,183.944
2026-01-31 10:00:00,199.206
2026-01-31 10:30:00,181.111
2026-01-31 11:00:00,208.07
2026-01-31 11:30:00,237.044
2026-01-31 12:00:00,234.172
2026-01-31 12:30:00,238.958
2026-01-31 13:00:00,272.406
2026-01-31 13:30:00,312.655
2026-01-31 14:00:00,361.267
2026-01-31 14:30:00,401.016
2026-01-31 15:00:00,358.089
2026-01-31 15:30:00,395.968
2026-01-31 16:00:00,416.297
2026-01-31 16:30:00,454.067
2026-01-31 17:00:00,424.042
2026-01-31 17:30:00,423.456
2026-01-31 18:00:00,389.943
2026-01-31 18:30:00,422.987
2026-01-31 19:00:00,387.955
2026-01-31 19:30:00,353.191
2026-01-31 20:00:00,338.224
2026-01-31 20:30:00,346.856
2026-01-31 21:00:00,267.44
2026-01-31 21:30:00,246.29
2026-01-31 22:00:00,275.077
2026-01-31 22:30:00,224.337
2026-01-31 23:00:00,220.434
2026-01-31 23:30:00,197.693
2026-02-01 00:00:00,125.245
2026-02-01 00:30:00,117.424
2026-02-01 01:00:00,146.925
2026-02-01 01:30:00,155.204
2026-02-01 02:00:00,153.267
2026-02-01 02:30:00,96.555
2026-02-01 03:00:00,158.865
2026-02-01 03:30:00,117.378
2026-02-01 04:00:00,107.591
2026-02-01 04:30:00,122.461
2026-02-01 05:00:00,147.832
2026-02-01 05:30:00,141.121
2026-02-01 06:00:00,122.068
2026-02-01 06:30:00,150.645
2026-02-01 07:00:00,135.013
2026-02-01 07:30:00,119.763
2026-02-01 08:00:00,119.951
2026-02-01 08:30:00,152.738
2026-02-01 09:00:00,146.813
2026-02-01 09:30:00,122.757
2026-02-01 10:00:00,188.759
2026-02-01 10:30:00,168.422
2026-02-01 11:00:00,235.655
2026-02-01 11:30:00,178.809
2026-02-01 12:00:00,229.873
2026-02-01 12:30:00,239.546
2026-02-01 13:00:00,256.919
2026-02-01 13:30:00,294.249
2026-02-01 14:00:00,375.712
2026-02-01 14:30:00,358.907
2026-02-01 15:00:00,357.114
2026-02-01 15:30:00,349.375
2026-02-01 16:00:00,365.847
2026-02-01 16:30:00,404.08
2026-02-01 17:00:00,404.578
2026-02-01 17:30:00,411.89
2026-02-01 18:00:00,352.076
2026-02-01 18:30:00,392.798
2026-02-01 19:00:00,402.6
2026-02-01 19:30:00,395.893
2026-02-01 20:00:00,284.087
2026-02-01 20:30:00,286.383
2026-02-01 21:00:00,259.949
2026-02-01 21:30:00,260.688
2026-02-01 22:00:00,203.896
2026-02-01 22:30:00,255.94
2026-02-01 23:00:00,196.94
2026-02-01 23:30:00,177.35
2026-02-02 00:00:00,282.373
2026-02-02 00:30:00,242.159
2026-02-02 01:00:00,252.578
2026-02-02 01:30:00,223.818
2026-02-02 02:00:00,208.357
2026-02-02 02:30:00,227.417
2026-02-02 03:00:00,297.447
2026-02-02 03:30:00,258.762
2026-02-02 04:00:00,250.069
2026-02-02 04:30:00,219.233
2026-02-02 05:00:00,267.115
2026-02-02 05:30:00,211.461
2026-02-02 06:00:00,207.849
2026-02-02 06:30:00,235.457
2026-02-02 07:00:00,301.778
2026-02-02 07:30:00,305.307
2026-02-02 08:00:00,253.434
2026-02-02 08:30:00,257.148
2026-02-02 09:00:00,245.292
2026-02-02 09:30:00,304.151
2026-02-02 10:00:00,326.319
2026-02-02 10:30:00,366.718
2026-02-02 11:00:00,399.407
2026-02-02 11:30:00,406.379
2026-02-02 12:00:00,464.652
2026-02-02 12:30:00,476.801
2026-02-02 13:00:00,554.397
2026-02-02 13:30:00,576.585
2026-02-02 14:00:00,648.886
2026-02-02 14:30:00,692.775
2026-02-02 15:00:00,726.541
2026-02-02 15:30:00,779.653
2026-02-02 16:00:00,747.049
2026-02-02 16:30:00,776.246
2026-02-02 17:00:00,801.749
2026-02-02 17:30:00,766.787
2026-02-02 18:00:00,776.137
2026-02-02 18:30:00,750.424
2026-02-02 19:00:00,757.563
2026-02-02 19:30:00,686.876
2026-02-02 20:00:00,663.136
2026-02-02 20:30:00,596.808
2026-02-02 21:00:00,527.579
2026-02-02 21:30:00,497.66
2026-02-02 22:00:00,468.987
2026-02-02 22:30:00,441.15
2026-02-02 23:00:00,373.332
2026-02-02 23:30:00,305.791
2026-02-03 00:00:00,199.61
2026-02-03 00:30:00,234.4
2026-02-03 01:00:00,184.123
2026-02-03 01:30:00,287.466
2026-02-03 02:00:00,257.543
2026-02-03 02:30:00,226.784
2026-02-03 03:00:00,215.032
2026-02-03 03:30:00,268.639
2026-02-03 04:00:00,215.365
2026-02-03 04:30:00,218.187
2026-02-03 05:00:00,225.185
2026-02-03 05:30:00,248.256
2026-02-03 06:00:00,262.545
2026-02-03 06:30:00,279.246
2026-02-03 07:00:00,279.04
2026-02-03 07:30:00,257.879
2026-02-03 08:00:00,290.228
2026-02-03 08:30:00,257.228
2026-02-03 09:00:00,240.779
2026-02-03 09:30:00,285.422
2026-02-03 10:00:00,302.112
2026-02-03 10:30:00,331.179
2026-02-03 11:00:00,352.655
2026-02-03 11:30:00,399.787
2026-02-03 12:00:00,466.252
2026-02-03 12:30:00,537.199
2026-02-03 13:00:00,497.837
2026-02-03 13:30:00,557.073
2026-02-03 14:00:00,617.614
2026-02-03 14:30:00,702.456
2026-02-03 15:00:00,719.697
2026-02-03 15:30:00,741.687
2026-02-03 16:00:00,804.227
2026-02-03 16:30:00,826.778
2026-02-03 17:00:00,808.031
2026-02-03 17:30:00,782.463
2026-02-03 18:00:00,793.066
2026-02-03 18:30:00,753.958
2026-02-03 19:00:00,718.795
2026-02-03 19:30:00,670.502
2026-02-03 20:00:00,660.524
2026-02-03 20:30:00,595.513
2026-02-03 21:00:00,566.864
2026-02-03 21:30:00,527.726
2026-02-03 22:00:00,462.226
2026-02-03 22:30:00,398.653
2026-02-03 23:00:00,402.647
2026-02-03 23:30:00,358.62
2026-02-04 00:00:00,307.64
2026-02-04 00:30:00,250.313
2026-02-04 01:00:00,260.012
2026-02-04 01:30:00,249.849
2026-02-04 02:00:00,240.142
2026-02-04 02:30:00,236.206
2026-02-04 03:00:00,250.129
2026-02-04 03:30:00,255.966
2026-02-04 04:00:00,272.066
2026-02-04 04:30:00,251.364
2026-02-04 05:00:00,232.761
2026-02-04 05:30:00,237.232
2026-02-04 06:00:00,213.952
2026-02-04 06:30:00,290.96
2026-02-04 07:00:00,239.386
2026-02-04 07:30:00,282.046
2026-02-04 08:00:00,271.629
2026-02-04 08:30:00,281.597
2026-02-04 09:00:00,283.364
2026-02-04 09:30:00,282.506
2026-02-04 10:00:00,298.055
2026-02-04 10:30:00,390.19
2026-02-04 11:00:00,379.488
2026-02-04 11:30:00,439.446
2026-02-04 12:00:00,485.374
2026-02-04 12:30:00,484.046
2026-02-04 13:00:00,551.559
2026-02-04 13:30:00,590.391
2026-02-04 14:00:00,608.47
2026-02-04 14:30:00,678.675
2026-02-04 15:00:00,739.508
2026-02-04 15:30:00,747.314
2026-02-04 16:00:00,778.188
2026-02-04 16:30:00,798.535
2026-02-04 17:00:00,861.288
2026-02-04 17:30:00,757.017
2026-02-04 18:00:00,798.85
2026-02-04 18:30:00,753.456
2026-02-04 19:00:00,708.804
2026-02-04 19:30:00,676.365
2026-02-04 20:00:00,654.084
2026-02-04 20:30:00,607.379
2026-02-04 21:00:00,545.622
2026-02-04 21:30:00,521.636
2026-02-04 22:00:00,482.472
2026-02-04 22:30:00,431.724
2026-02-04 23:00:00,362.984
2026-02-04 23:30:00,359.34
2026-02-05 00:00:00,255.035
2026-02-05 00:30:00,222.17
2026-02-05 01:00:00,203.334
2026-02-05 01:30:00,192.019
2026-02-05 02:00:00,244.366
2026-02-05 02:30:00,250.127
2026-02-05 03:00:00,213.228
2026-02-05 03:30:00,269.087
2026-02-05 04:00:00,247.012
2026-02-05 04:30:00,277.379
2026-02-05 05:00:00,253.597
2026-02-05 05:30:00,218.745
2026-02-05 06:00:00,258.482
2026-02-05 06:30:00,266.182
2026-02-05 07:00:00,239.225
2026-02-05 07:30:00,221.808
2026-02-05 08:00:00,267.222
2026-02-05 08:30:00,248.982
2026-02-05 09:00:00,314.323
2026-02-05 09:30:00,292.021
2026-02-05 10:00:00,365.384
2026-02-05 10:30:00,293.875
2026-02-05 11:00:00,380.009
2026-02-05 11:30:00,447.05
2026-02-05 12:00:00,428.494
2026-02-05 12:30:00,490.337
2026-02-05 13:00:00,530.895
2026-02-05 13:30:00,572.172
2026-02-05 14:00:00,643.515
2026-02-05 14:30:00,650.927
2026-02-05 15:00:00,722.047
2026-02-05 15:30:00,772.689
2026-02-05 16:00:00,780.931
2026-02-05 16:30:00,777.864
2026-02-05 17:00:00,834.255
2026-02-05 17:30:00,821.125
2026-02-05 18:00:00,760.279
2026-02-05 18:30:00,727.437
2026-02-05 19:00:00,701.023
2026-02-05 19:30:00,696.944
2026-02-05 20:00:00,644.289
2026-02-05 20:30:00,609.018
2026-02-05 21:00:00,532.817
2026-02-05 21:30:00,471.199
2026-02-05 22:00:00,473.723
2026-02-05 22:30:00,397.479
2026-02-05 23:00:00,381.303
2026-02-05 23:30:00,308.231
2026-02-06 00:00:00,228.31
2026-02-06 00:30:00,267.795
2026-02-06 01:00:00,224.663
2026-02-06 01:30:00,262.951
2026-02-06 02:00:00,184.344
2026-02-06 02:30:00,228.691
2026-02-06 03:00:00,238.489
2026-02-06 03:30:00,286.5
2026-02-06 04:00:00,213.979
2026-02-06 04:30:00,260.417
2026-02-06 05:00:00,270.757
2026-02-06 05:30:00,227.366
2026-02-06 06:00:00,237.687
2026-02-06 06:30:00,252.97
2026-02-06 07:00:00,215.879
2026-02-06 07:30:00,246.482
2026-02-06 08:00:00,296.618
2026-02-06 08:30:00,287.07
2026-02-06 09:00:00,282.382
2026-02-06 09:30:00,305.028
2026-02-06 10:00:00,336.791
2026-02-06 10:30:00,366.289
2026-02-06 11:00:00,362.729
2026-02-06 11:30:00,449.683
2026-02-06 12:00:00,483.66
2026-02-06 12:30:00,511.249
2026-02-06 13:00:00,519.897
2026-02-06 13:30:00,563.76
2026-02-06 14:00:00,629.235
2026-02-06 14:30:00,684.831
2026-02-06 15:00:00,680.608
2026-02-06 15:30:00,772.157
2026-02-06 16:00:00,818.495
2026-02-06 16:30:00,817.281
2026-02-06 17:00:00,791.599
2026-02-06 17:30:00,783.009
2026-02-06 18:00:00,793.805
2026-02-06 18:30:00,755.957
2026-02-06 19:00:00,735.897
2026-02-06 19:30:00,698.355
2026-02-06 20:00:00,664.697
2026-02-06 20:30:00,560.963
2026-02-06 21:00:00,546.512
2026-02-06 21:30:00,485.231
2026-02-06 22:00:00,448.285
2026-02-06 22:30:00,432.925
2026-02-06 23:00:00,400.967
2026-02-06 23:30:00,381.94
2026-02-07 00:00:00,136.769
2026-02-07 00:30:00,123.381
2026-02-07 01:00:00,119.815
2026-02-07 01:30:00,82.777
2026-02-07 02:00:00,159.656
2026-02-07 02:30:00,118.144
2026-02-07 03:00:00,138.889
2026-02-07 03:30:00,143.302
2026-02-07 04:00:00,95.334
2026-02-07 04:30:00,103.61
2026-02-07 05:00:00,165.729
2026-02-07 05:30:00,134.871
2026-02-07 06:00:00,113.938
2026-02-07 06:30:00,126.545
2026-02-07 07:00:00,158.672
2026-02-07 07:30:00,157.445
2026-02-07 08:00:00,101.0
2026-02-07 08:30:00,183.339
2026-02-07 09:00:00,173.03
2026-02-07 09:30:00,153.332
2026-02-07 10:00:00,137.787
2026-02-07 10:30:00,206.779
2026-02-07 11:00:00,207.763
2026-02-07 11:30:00,177.439
2026-02-07 12:00:00,228.589
2026-02-07 12:30:00,335.199
2026-02-07 13:00:00,281.718
2026-02-07 13:30:00,287.869
2026-02-07 14:00:00,306.236
2026-02-07 14:30:00,399.625
2026-02-07 15:00:00,398.101
2026-02-07 15:30:00,430.276
2026-02-07 16:00:00,415.085
2026-02-07 16:30:00,448.842
2026-02-07 17:00:00,399.212
2026-02-07 17:30:00,421.557
2026-02-07 18:00:00,416.057
2026-02-07 18:30:00,429.652
2026-02-07 19:00:00,384.878
2026-02-07 19:30:00,339.685
2026-02-07 20:00:00,333.05
2026-02-07 20:30:00,264.508
2026-02-07 21:00:00,223.281
2026-02-07 21:30:00,277.829
2026-02-07 22:00:00,225.022
2026-02-07 22:30:00,207.348
2026-02-07 23:00:00,216.626
2026-02-07 23:30:00,215.354
2026-02-08 00:00:00,139.491
2026-02-08 00:30:00,174.333
2026-02-08 01:00:00,138.704
2026-02-08 01:30:00,133.701
2026-02-08 02:00:00,132.172
2026-02-08 02:30:00,94.054
2026-02-08 03:00:00,150.142
2026-02-08 03:30:00,65.19
2026-02-08 04:00:00,111.811
2026-02-08 04:30:00,127.267
2026-02-08 05:00:00,107.309
2026-02-08 05:30:00,116.316
2026-02-08 06:00:00,174.437
2026-02-08 06:30:00,157.304
2026-02-08 07:00:00,114.37
2026-02-08 07:30:00,122.348
2026-02-08 08:00:00,105.727
2026-02-08 08:30:00,160.107
2026-02-08 09:00:00,142.633
2026-02-08 09:30:00,107.983
2026-02-08 10:00:00,170.099
2026-02-08 10:30:00,191.403
2026-02-08 11:00:00,219.931
2026-02-08 11:30:00,212.05
2026-02-08 12:00:00,225.074
2026-02-08 12:30:00,306.702
2026-02-08 13:00:00,281.47
2026-02-08 13:30:00,324.407
2026-02-08 14:00:00,317.959
2026-02-08 14:30:00,372.57
2026-02-08 15:00:00,340.516
2026-02-08 15:30:00,383.539
2026-02-08 16:00:00,378.674
2026-02-08 16:30:00,402.367
2026-02-08 17:00:00,451.682
2026-02-08 17:30:00,402.184
2026-02-08 18:00:00,426.837
2026-02-08 18:30:00,433.022
2026-02-08 19:00:00,376.217
2026-02-08 19:30:00,380.167
2026-02-08 20:00:00,344.725
2026-02-08 20:30:00,309.329
2026-02-08 21:00:00,300.063
2026-02-08 21:30:00,303.044
2026-02-08 22:00:00,218.459
2026-02-08 22:30:00,189.904
2026-02-08 23:00:00,170.405
2026-02-08 23:30:00,205.29
2026-02-09 00:00:00,270.79
2026-02-09 00:30:00,229.135
2026-02-09 01:00:00,189.17
2026-02-09 01:30:00,225.719
2026-02-09 02:00:00,256.316
2026-02-09 02:30:00,241.008
2026-02-09 03:00:00,247.281
2026-02-09 03:30:00,229.853
2026-02-09 04:00:00,268.558
2026-02-09 04:30:00,252.222
2026-02-09 05:00:00,258.995
2026-02-09 05:30:00,249.38
2026-02-09 06:00:00,260.134
2026-02-09 06:30:00,260.894
2026-02-09 07:00:00,229.714
2026-02-09 07:30:00,267.187
2026-02-09 08:00:00,284.503
2026-02-09 08:30:00,302.882
2026-02-09 09:00:00,296.703
2026-02-09 09:30:00,278.069
2026-02-09 10:00:00,301.986
2026-02-09 10:30:00,336.1
2026-02-09 11:00:00,381.376
2026-02-09 11:30:00,408.259
2026-02-09 12:00:00,422.658
2026-02-09 12:30:00,466.074
2026-02-09 13:00:00,488.508
2026-02-09 13:30:00,511.279
2026-02-09 14:00:00,634.105
2026-02-09 14:30:00,741.318
2026-02-09 15:00:00,769.74
2026-02-09 15:30:00,735.334
2026-02-09 16:00:00,790.056
2026-02-09 16:30:00,766.254
2026-02-09 17:00:00,775.697
2026-02-09 17:30:00,772.932
2026-02-09 18:00:00,780.671
2026-02-09 18:30:00,755.228
2026-02-09 19:00:00,731.138
2026-02-09 19:30:00,699.893
2026-02-09 20:00:00,628.978
2026-02-09 20:30:00,590.171
2026-02-09 21:00:00,513.626
2026-02-09 21:30:00,460.705
2026-02-09 22:00:00,413.277
2026-02-09 22:30:00,427.546
2026-02-09 23:00:00,368.192
2026-02-09 23:30:00,300.201
2026-02-10 00:00:00,240.978
2026-02-10 00:30:00,211.34
2026-02-10 01:00:00,284.08
2026-02-10 01:30:00,228.117
2026-02-10 02:00:00,259.657
2026-02-10 02:30:00,269.9
2026-02-10 03:00:00,218.9
2026-02-10 03:30:00,244.837
2026-02-10 04:00:00,257.043
2026-02-10 04:30:00,246.531
2026-02-10 05:00:00,253.361
2026-02-10 05:30:00,212.163
2026-02-10 06:00:00,260.876
2026-02-10 06:30:00,237.275
2026-02-10 07:00:00,261.652
2026-02-10 07:30:00,280.86
2026-02-10 08:00:00,281.435
2026-02-10 08:30:00,282.721
2026-02-10 09:00:00,302.354
2026-02-10 09:30:00,319.411
2026-02-10 10:00:00,359.656
2026-02-10 10:30:00,346.128
2026-02-10 11:00:00,380.738
2026-02-10 11:30:00,434.616
2026-02-10 12:00:00,438.492
2026-02-10 12:30:00,460.936
2026-02-10 13:00:00,553.302
2026-02-10 13:30:00,584.115
2026-02-10 14:00:00,607.212
2026-02-10 14:30:00,695.826
2026-02-10 15:00:00,760.599
2026-02-10 15:30:00,719.046
2026-02-10 16:00:00,811.867
2026-02-10 16:30:00,739.442
2026-02-10 17:00:00,798.493
2026-02-10 17:30:00,848.882
2026-02-10 18:00:00,778.101
2026-02-10 18:30:00,762.038
2026-02-10 19:00:00,743.892
2026-02-10 19:30:00,640.4
2026-02-10 20:00:00,639.202
2026-02-10 20:30:00,590.871
2026-02-10 21:00:00,587.529
2026-02-10 21:30:00,463.424
2026-02-10 22:00:00,441.213
2026-02-10 22:30:00,388.106
2026-02-10 23:00:00,350.779
2026-02-10 23:30:00,375.164
2026-02-11 00:00:00,243.222
2026-02-11 00:30:00,228.671
2026-02-11 01:00:00,229.624
2026-02-11 01:30:00,228.507
2026-02-11 02:00:00,230.775
2026-02-11 02:30:00,211.065
2026-02-11 03:00:00,236.305
2026-02-11 03:30:00,233.956
2026-02-11 04:00:00,224.261
2026-02-11 04:30:00,247.519
2026-02-11 05:00:00,250.331
2026-02-11 05:30:00,231.487
2026-02-11 06:00:00,243.422
2026-02-11 06:30:00,303.395
2026-02-11 07:00:00,305.927
2026-02-11 07:30:00,231.508
2026-02-11 08:00:00,241.854
2026-02-11 08:30:00,247.518
2026-02-11 09:00:00,312.727
2026-02-11 09:30:00,292.237
2026-02-11 10:00:00,328.261
2026-02-11 10:30:00,396.903
2026-02-11 11:00:00,376.378
2026-02-11 11:30:00,428.971
2026-02-11 12:00:00,463.762
2026-02-11 12:30:00,479.612
2026-02-11 13:00:00,567.45
2026-02-11 13:30:00,568.023
2026-02-11 14:00:00,670.897
2026-02-11 14:30:00,668.626
2026-02-11 15:00:00,712.872
2026-02-11 15:30:00,732.577
2026-02-11 16:00:00,763.202
2026-02-11 16:30:00,792.2
2026-02-11 17:00:00,747.716
2026-02-11 17:30:00,797.035
2026-02-11 18:00:00,773.609
2026-02-11 18:30:00,779.54
2026-02-11 19:00:00,735.395
2026-02-11 19:30:00,665.621
2026-02-11 20:00:00,625.936
2026-02-11 20:30:00,583.4
2026-02-11 21:00:00,578.12
2026-02-11 21:30:00,473.76
2026-02-11 22:00:00,432.757
2026-02-11 22:30:00,383.1
2026-02-11 23:00:00,339.588
2026-02-11 23:30:00,354.654
2026-02-12 00:00:00,247.628
2026-02-12 00:30:00,274.63
2026-02-12 01:00:00,268.605
2026-02-12 01:30:00,302.516
2026-02-12 02:00:00,240.773
2026-02-12 02:30:00,236.163
2026-02-12 03:00:00,210.267
2026-02-12 03:30:00,260.351
2026-02-12 04:00:00,246.169
2026-02-12 04:30:00,259.924
2026-02-12 05:00:00,215.855
2026-02-12 05:30:00,254.193
2026-02-12 06:00:00,252.155
2026-02-12 06:30:00,252.905
2026-02-12 07:00:00,235.834
2026-02-12 07:30:00,287.593
2026-02-12 08:00:00,315.972
2026-02-12 08:30:00,246.245
2026-02-12 09:00:00,304.312
2026-02-12 09:30:00,230.254
2026-02-12 10:00:00,338.984
2026-02-12 10:30:00,300.225
2026-02-12 11:00:00,363.515
2026-02-12 11:30:00,378.489
2026-02-12 12:00:00,445.361
2026-02-12 12:30:00,515.287
2026-02-12 13:00:00,494.538
2026-02-12 13:30:00,580.279
2026-02-12 14:00:00,624.566
2026-02-12 14:30:00,722.839
2026-02-12 15:00:00,735.615
2026-02-12 15:30:00,730.359
2026-02-12 16:00:00,774.526
2026-02-12 16:30:00,841.771
2026-02-12 17:00:00,826.359
2026-02-12 17:30:00,779.913
2026-02-12 18:00:00,779.632
2026-02-12 18:30:00,753.912
2026-02-12 19:00:00,711.371
2026-02-12 19:30:00,640.557
2026-02-12 20:00:00,620.459
2026-02-12 20:30:00,623.996
2026-02-12 21:00:00,531.443
2026-02-12 21:30:00,491.736
2026-02-12 22:00:00,454.265
2026-02-12 22:30:00,466.768
2026-02-12 23:00:00,376.861
2026-02-12 23:30:00,374.327
2026-02-13 00:00:00,227.601
2026-02-13 00:30:00,236.076
2026-02-13 01:00:00,242.884
2026-02-13 01:30:00,223.235
2026-02-13 02:00:00,237.527
2026-02-13 02:30:00,264.877
2026-02-13 03:00:00,222.764
2026-02-13 03:30:00,242.938
2026-02-13 04:00:00,260.924
2026-02-13 04:30:00,223.031
2026-02-13 05:00:00,271.719
2026-02-13 05:30:00,247.225
2026-02-13 06:00:00,242.897
2026-02-13 06:30:00,199.226
2026-02-13 07:00:00,243.575
2026-02-13 07:30:00,267.15
2026-02-13 08:00:00,308.348
2026-02-13 08:30:00,288.201
2026-02-13 09:00:00,314.456
2026-02-13 09:30:00,271.973
2026-02-13 10:00:00,319.098
2026-02-13 10:30:00,377.497
2026-02-13 11:00:00,354.446
2026-02-13 11:30:00,435.445
2026-02-13 12:00:00,469.084
2026-02-13 12:30:00,501.186
2026-02-13 13:00:00,532.754
2026-02-13 13:30:00,564.609
2026-02-13 14:00:00,681.784
2026-02-13 14:30:00,699.109
2026-02-13 15:00:00,733.336
2026-02-13 15:30:00,749.468
2026-02-13 16:00:00,787.256
2026-02-13 16:30:00,806.987
2026-02-13 17:00:00,818.497
2026-02-13 17:30:00,821.227
2026-02-13 18:00:00,766.747
2026-02-13 18:30:00,723.124
2026-02-13 19:00:00,726.928
2026-02-13 19:30:00,639.632
2026-02-13 20:00:00,629.308
2026-02-13 20:30:00,576.536
2026-02-13 21:00:00,553.265
2026-02-13 21:30:00,543.882
2026-02-13 22:00:00,402.137
2026-02-13 22:30:00,468.169
2026-02-13 23:00:00,370.812
2026-02-13 23:30:00,355.674
2026-02-14 00:00:00,90.758
2026-02-14 00:30:00,151.053
2026-02-14 01:00:00,127.173
2026-02-14 01:30:00,124.609
2026-02-14 02:00:00,77.728
2026-02-14 02:30:00,128.036
2026-02-14 03:00:00,147.388
2026-02-14 03:30:00,120.42
2026-02-14 04:00:00,155.822
2026-02-14 04:30:00,155.017
2026-02-14 05:00:00,111.026
2026-02-14 05:30:00,167.488
2026-02-14 06:00:00,129.585
2026-02-14 06:30:00,130.947
2026-02-14 07:00:00,133.991
2026-02-14 07:30:00,135.82
2026-02-14 08:00:00,71.898
2026-02-14 08:30:00,137.844
2026-02-14 09:00:00,114.778
2026-02-14 09:30:00,197.803
2026-02-14 10:00:00,207.232
2026-02-14 10:30:00,201.727
2026-02-14 11:00:00,189.891
2026-02-14 11:30:00,188.683
2026-02-14 12:00:00,217.951
2026-02-14 12:30:00,305.611
2026-02-14 13:00:00,264.0
2026-02-14 13:30:00,247.528
2026-02-14 14:00:00,357.202
2026-02-14 14:30:00,392.835
2026-02-14 15:00:00,418.387
2026-02-14 15:30:00,421.049
2026-02-14 16:00:00,438.919
2026-02-14 16:30:00,418.815
2026-02-14 17:00:00,368.513
2026-02-14 17:30:00,418.189
2026-02-14 18:00:00,424.42
2026-02-14 18:30:00,391.709
2026-02-14 19:00:00,372.386
2026-02-14 19:30:00,331.219
2026-02-14 20:00:00,306.404
2026-02-14 20:30:00,352.372
2026-02-14 21:00:00,328.164
2026-02-14 21:30:00,256.979
2026-02-14 22:00:00,241.429
2026-02-14 22:30:00,189.362
2026-02-14 23:00:00,211.917
2026-02-14 23:30:00,224.42
2026-02-15 00:00:00,87.898
2026-02-15 00:30:00,137.729
2026-02-15 01:00:00,139.612
2026-02-15 01:30:00,139.336
2026-02-15 02:00:00,167.233
2026-02-15 02:30:00,177.092
2026-02-15 03:00:00,120.405
2026-02-15 03:30:00,143.156
2026-02-15 04:00:00,128.573
2026-02-15 04:30:00,110.891
2026-02-15 05:00:00,133.824
2026-02-15 05:30:00,144.397
2026-02-15 06:00:00,133.876
2026-02-15 06:30:00,107.674
2026-02-15 07:00:00,119.927
2026-02-15 07:30:00,122.69
2026-02-15 08:00:00,116.591
2026-02-15 08:30:00,150.32
2026-02-15 09:00:00,159.329
2026-02-15 09:30:00,181.632
2026-02-15 10:00:00,146.139
2026-02-15 10:30:00,165.992
2026-02-15 11:00:00,234.717
2026-02-15 11:30:00,209.771
2026-02-15 12:00:00,235.144
2026-02-15 12:30:00,252.667
2026-02-15 13:00:00,309.631
2026-02-15 13:30:00,335.713
2026-02-15 14:00:00,359.278
2026-02-15 14:30:00,355.987
2026-02-15 15:00:00,355.096
2026-02-15 15:30:00,443.221
2026-02-15 16:00:00,430.288
2026-02-15 16:30:00,406.075
2026-02-15 17:00:00,456.015
2026-02-15 17:30:00,404.102
2026-02-15 18:00:00,444.148
2026-02-15 18:30:00,432.048
2026-02-15 19:00:00,353.87
2026-02-15 19:30:00,369.866
2026-02-15 20:00:00,351.003
2026-02-15 20:30:00,371.791
2026-02-15 21:00:00,262.747
2026-02-15 21:30:00,292.859
2026-02-15 22:00:00,234.824
2026-02-15 22:30:00,182.85
2026-02-15 23:00:00,192.853
2026-02-15 23:30:00,180.491
2026-02-16 00:00:00,216.083
2026-02-16 00:30:00,250.365
2026-02-16 01:00:00,266.515
2026-02-16 01:30:00,248.543
2026-02-16 02:00:00,229.074
2026-02-16 02:30:00,238.964
2026-02-16 03:00:00,242.659
2026-02-16 03:30:00,248.369
2026-02-16 04:00:00,270.952
2026-02-16 04:30:00,250.441
2026-02-16 05:00:00,209.266
2026-02-16 05:30:00,231.345
2026-02-16 06:00:00,251.176
2026-02-16 06:30:00,277.532
2026-02-16 07:00:00,285.362
2026-02-16 07:30:00,302.227
2026-02-16 08:00:00,267.98
2026-02-16 08:30:00,293.086
2026-02-16 09:00:00,249.939
2026-02-16 09:30:00,312.948
2026-02-16 10:00:00,295.387
2026-02-16 10:30:00,345.415
2026-02-16 11:00:00,452.385
2026-02-16 11:30:00,418.904
2026-02-16 12:00:00,429.156
2026-02-16 12:30:00,504.512
2026-02-16 13:00:00,528.044
2026-02-16 13:30:00,565.247
2026-02-16 14:00:00,689.978
2026-02-16 14:30:00,709.983
2026-02-16 15:00:00,733.459
2026-02-16 15:30:00,749.994
2026-02-16 16:00:00,778.539
2026-02-16 16:30:00,841.431
2026-02-16 17:00:00,816.164
2026-02-16 17:30:00,725.799
2026-02-16 18:00:00,846.832
2026-02-16 18:30:00,764.366
2026-02-16 19:00:00,733.405
2026-02-16 19:30:00,710.48
2026-02-16 20:00:00,649.035
2026-02-16 20:30:00,607.939
2026-02-16 21:00:00,530.378
2026-02-16 21:30:00,463.573
2026-02-16 22:00:00,457.757
2026-02-16 22:30:00,447.105
2026-02-16 23:00:00,360.444
2026-02-16 23:30:00,328.778
2026-02-17 00:00:00,273.081
2026-02-17 00:30:00,231.129
2026-02-17 01:00:00,232.306
2026-02-17 01:30:00,233.259
2026-02-17 02:00:00,240.995
2026-02-17 02:30:00,203.335
2026-02-17 03:00:00,229.289
2026-02-17 03:30:00,248.695
2026-02-17 04:00:00,248.787
2026-02-17 04:30:00,272.592
2026-02-17 05:00:00,290.318
2026-02-17 05:30:00,283.215
2026-02-17 06:00:00,269.891
2026-02-17 06:30:00,245.711
2026-02-17 07:00:00,237.339
2026-02-17 07:30:00,258.307
2026-02-17 08:00:00,279.354
2026-02-17 08:30:00,294.552
2026-02-17 09:00:00,301.878
2026-02-17 09:30:00,299.171
2026-02-17 10:00:00,341.94
2026-02-17 10:30:00,378.501
2026-02-17 11:00:00,398.643
2026-02-17 11:30:00,410.514
2026-02-17 12:00:00,429.905
2026-02-17 12:30:00,472.878
2026-02-17 13:00:00,523.941
2026-02-17 13:30:00,595.693
2026-02-17 14:00:00,650.395
2026-02-17 14:30:00,647.949
2026-02-17 15:00:00,712.221
2026-02-17 15:30:00,765.871
2026-02-17 16:00:00,763.817
2026-02-17 16:30:00,813.716
2026-02-17 17:00:00,800.814
2026-02-17 17:30:00,784.783
2026-02-17 18:00:00,787.639
2026-02-17 18:30:00,769.596
2026-02-17 19:00:00,703.608
2026-02-17 19:30:00,677.247
2026-02-17 20:00:00,649.092
2026-02-17 20:30:00,570.214
2026-02-17 21:00:00,499.527
2026-02-17 21:30:00,455.903
2026-02-17 22:00:00,440.3
2026-02-17 22:30:00,378.354
2026-02-17 23:00:00,367.946
2026-02-17 23:30:00,388.602
2026-02-18 00:00:00,208.09
2026-02-18 00:30:00,235.495
2026-02-18 01:00:00,295.878
2026-02-18 01:30:00,252.791
2026-02-18 02:00:00,233.427
2026-02-18 02:30:00,238.754
2026-02-18 03:00:00,253.507
2026-02-18 03:30:00,285.33
2026-02-18 04:00:00,229.935
2026-02-18 04:30:00,224.702
2026-02-18 05:00:00,209.863
2026-02-18 05:30:00,247.981
2026-02-18 06:00:00,211.883
2026-02-18 06:30:00,237.835
2026-02-18 07:00:00,230.199
2026-02-18 07:30:00,284.713
2026-02-18 08:00:00,252.005
2026-02-18 08:30:00,283.927
2026-02-18 09:00:00,246.198
2026-02-18 09:30:00,305.488
2026-02-18 10:00:00,292.19
2026-02-18 10:30:00,336.338
2026-02-18 11:00:00,431.919
2026-02-18 11:30:00,434.619
2026-02-18 12:00:00,447.541
2026-02-18 12:30:00,574.291
2026-02-18 13:00:00,518.092
2026-02-18 13:30:00,618.396
2026-02-18 14:00:00,599.083
2026-02-18 14:30:00,677.214
2026-02-18 15:00:00,691.126
2026-02-18 15:30:00,766.221
2026-02-18 16:00:00,787.708
2026-02-18 16:30:00,795.177
2026-02-18 17:00:00,835.801
2026-02-18 17:30:00,788.691
2026-02-18 18:00:00,794.48
2026-02-18 18:30:00,780.303
2026-02-18 19:00:00,687.74
2026-02-18 19:30:00,664.602
2026-02-18 20:00:00,638.746
2026-02-18 20:30:00,605.02
2026-02-18 21:00:00,576.502
2026-02-18 21:30:00,488.92
2026-02-18 22:00:00,442.84
2026-02-18 22:30:00,389.5
2026-02-18 23:00:00,384.889
2026-02-18 23:30:00,339.551
2026-02-19 00:00:00,235.705
2026-02-19 00:30:00,240.213
2026-02-19 01:00:00,256.361
2026-02-19 01:30:00,228.495
2026-02-19 02:00:00,223.316
2026-02-19 02:30:00,253.469
2026-02-19 03:00:00,167.13
2026-02-19 03:30:00,227.844
2026-02-19 04:00:00,214.423
2026-02-19 04:30:00,273.724
2026-02-19 05:00:00,233.31
2026-02-19 05:30:00,231.385
2026-02-19 06:00:00,245.809
2026-02-19 06:30:00,234.545
2026-02-19 07:00:00,242.85
2026-02-19 07:30:00,260.288
2026-02-19 08:00:00,254.164
2026-02-19 08:30:00,263.273
2026-02-19 09:00:00,261.047
2026-02-19 09:30:00,273.356
2026-02-19 10:00:00,323.785
2026-02-19 10:30:00,354.644
2026-02-19 11:00:00,340.935
2026-02-19 11:30:00,430.313
2026-02-19 12:00:00,469.853
2026-02-19 12:30:00,518.685
2026-02-19 13:00:00,548.468
2026-02-19 13:30:00,605.193
2026-02-19 14:00:00,692.026
2026-02-19 14:30:00,675.774
2026-02-19 15:00:00,698.678
2026-02-19 15:30:00,721.438
2026-02-19 16:00:00,830.201
2026-02-19 16:30:00,847.088
2026-02-19 17:00:00,785.385
2026-02-19 17:30:00,784.686
2026-02-19 18:00:00,778.209
2026-02-19 18:30:00,790.396
2026-02-19 19:00:00,692.638
2026-02-19 19:30:00,634.147
2026-02-19 20:00:00,691.588
2026-02-19 20:30:00,597.075
2026-02-19 21:00:00,552.331
2026-02-19 21:30:00,489.19
2026-02-19 22:00:00,462.396
2026-02-19 22:30:00,373.46
2026-02-19 23:00:00,355.616
2026-02-19 23:30:00,349.608
2026-02-20 00:00:00,185.783
2026-02-20 00:30:00,234.998
2026-02-20 01:00:00,233.466
2026-02-20 01:30:00,235.021
2026-02-20 02:00:00,228.843
2026-02-20 02:30:00,217.779
2026-02-20 03:00:00,197.222
2026-02-20 03:30:00,246.555
2026-02-20 04:00:00,235.703
2026-02-20 04:30:00,209.261
2026-02-20 05:00:00,245.897
2026-02-20 05:30:00,238.03
2026-02-20 06:00:00,235.499
2026-02-20 06:30:00,195.507
2026-02-20 07:00:00,269.985
2026-02-20 07:30:00,227.034
2026-02-20 08:00:00,266.297
2026-02-20 08:30:00,253.797
2026-02-20 09:00:00,276.582
2026-02-20 09:30:00,331.008
2026-02-20 10:00:00,335.559
2026-02-20 10:30:00,375.23
2026-02-20 11:00:00,384.899
2026-02-20 11:30:00,421.218
2026-02-20 12:00:00,406.223
2026-02-20 12:30:00,486.379
2026-02-20 13:00:00,535.348
2026-02-20 13:30:00,619.858
2026-02-20 14:00:00,624.744
2026-02-20 14:30:00,689.934
2026-02-20 15:00:00,730.465
2026-02-20 15:30:00,788.731
2026-02-20 16:00:00,782.965
2026-02-20 16:30:00,823.563
2026-02-20 17:00:00,765.878
2026-02-20 17:30:00,762.518
2026-02-20 18:00:00,729.225
2026-02-20 18:30:00,779.439
2026-02-20 19:00:00,741.662
2026-02-20 19:30:00,705.733
2026-02-20 20:00:00,620.466
2026-02-20 20:30:00,575.177
2026-02-20 21:00:00,537.945
2026-02-20 21:30:00,530.41
2026-02-20 22:00:00,493.097
2026-02-20 22:30:00,431.16
2026-02-20 23:00:00,384.915
2026-02-20 23:30:00,380.363
2026-02-21 00:00:00,119.733
2026-02-21 00:30:00,116.358
2026-02-21 01:00:00,122.911
2026-02-21 01:30:00,101.678
2026-02-21 02:00:00,121.787
2026-02-21 02:30:00,98.256
2026-02-21 03:00:00,151.867
2026-02-21 03:30:00,139.919
2026-02-21 04:00:00,162.206
2026-02-21 04:30:00,85.962
2026-02-21 05:00:00,174.596
2026-02-21 05:30:00,88.298
2026-02-21 06:00:00,98.495
2026-02-21 06:30:00,114.183
2026-02-21 07:00:00,164.209
2026-02-21 07:30:00,139.727
2026-02-21 08:00:00,131.556
2026-02-21 08:30:00,122.666
2026-02-21 09:00:00,114.478
2026-02-21 09:30:00,185.46
2026-02-21 10:00:00,187.546
2026-02-21 10:30:00,214.24
2026-02-21 11:00:00,205.773
2026-02-21 11:30:00,147.831
2026-02-21 12:00:00,203.276
2026-02-21 12:30:00,268.667
2026-02-21 13:00:00,272.062
2026-02-21 13:30:00,292.447
2026-02-21 14:00:00,303.867
2026-02-21 14:30:00,379.012
2026-02-21 15:00:00,388.312
2026-02-21 15:30:00,407.62
2026-02-21 16:00:00,393.041
2026-02-21 16:30:00,421.899
2026-02-21 17:00:00,386.976
2026-02-21 17:30:00,414.246
2026-02-21 18:00:00,345.682
2026-02-21 18:30:00,355.888
2026-02-21 19:00:00,368.849
2026-02-21 19:30:00,414.7
2026-02-21 20:00:00,286.429
2026-02-21 20:30:00,275.329
2026-02-21 21:00:00,286.724
2026-02-21 21:30:00,301.281
2026-02-21 22:00:00,239.445
2026-02-21 22:30:00,231.437
2026-02-21 23:00:00,187.412
2026-02-21 23:30:00,167.663
2026-02-22 00:00:00,128.183
2026-02-22 00:30:00,109.674
2026-02-22 01:00:00,144.243
2026-02-22 01:30:00,85.989
2026-02-22 02:00:00,148.412
2026-02-22 02:30:00,127.174
2026-02-22 03:00:00,120.874
2026-02-22 03:30:00,85.252
2026-02-22 04:00:00,101.972
2026-02-22 04:30:00,156.66
2026-02-22 05:00:00,121.838
2026-02-22 05:30:00,134.57
2026-02-22 06:00:00,106.465
2026-02-22 06:30:00,128.977
2026-02-22 07:00:00,97.212
2026-02-22 07:30:00,136.584
2026-02-22 08:00:00,146.918
2026-02-22 08:30:00,150.497
2026-02-22 09:00:00,126.287
2026-02-22 09:30:00,148.593
2026-02-22 10:00:00,181.01
2026-02-22 10:30:00,175.143
2026-02-22 11:00:00,188.67
2026-02-22 11:30:00,261.47
2026-02-22 12:00:00,210.616
2026-02-22 12:30:00,284.056
2026-02-22 13:00:00,252.438
2026-02-22 13:30:00,322.788
2026-02-22 14:00:00,349.152
2026-02-22 14:30:00,342.563
2026-02-22 15:00:00,346.47
2026-02-22 15:30:00,345.83
2026-02-22 16:00:00,393.503
2026-02-22 16:30:00,430.647
2026-02-22 17:00:00,393.479
2026-02-22 17:30:00,419.915
2026-02-22 18:00:00,371.97
2026-02-22 18:30:00,389.243
2026-02-22 19:00:00,348.231
2026-02-22 19:30:00,353.373
2026-02-22 20:00:00,318.921
2026-02-22 20:30:00,276.659
2026-02-22 21:00:00,264.833
2026-02-22 21:30:00,233.691
2026-02-22 22:00:00,201.543
2026-02-22 22:30:00,240.952
2026-02-22 23:00:00,186.848
2026-02-22 23:30:00,125.373
2026-02-23 00:00:00,226.973
2026-02-23 00:30:00,265.428
2026-02-23 01:00:00,223.536
2026-02-23 01:30:00,280.032
2026-02-23 02:00:00,221.203
2026-02-23 02:30:00,255.261
2026-02-23 03:00:00,268.689
2026-02-23 03:30:00,254.191
2026-02-23 04:00:00,208.844
2026-02-23 04:30:00,220.081
2026-02-23 05:00:00,273.585
2026-02-23 05:30:00,225.288
2026-02-23 06:00:00,271.417
2026-02-23 06:30:00,238.672
2026-02-23 07:00:00,256.452
2026-02-23 07:30:00,223.207
2026-02-23 08:00:00,249.508
2026-02-23 08:30:00,252.121
2026-02-23 09:00:00,291.941
2026-02-23 09:30:00,304.531
2026-02-23 10:00:00,333.835
2026-02-23 10:30:00,334.716
2026-02-23 11:00:00,353.384
2026-02-23 11:30:00,415.883
2026-02-23 12:00:00,425.012
2026-02-23 12:30:00,521.278
2026-02-23 13:00:00,538.108
2026-02-23 13:30:00,581.113
2026-02-23 14:00:00,648.954
2026-02-23 14:30:00,681.403
2026-02-23 15:00:00,683.369
2026-02-23 15:30:00,733.254
2026-02-23 16:00:00,812.752
2026-02-23 16:30:00,804.966
2026-02-23 17:00:00,766.461
2026-02-23 17:30:00,811.672
2026-02-23 18:00:00,772.327
2026-02-23 18:30:00,737.927
2026-02-23 19:00:00,696.199
2026-02-23 19:30:00,708.311
2026-02-23 20:00:00,588.262
2026-02-23 20:30:00,568.328
2026-02-23 21:00:00,543.974
2026-02-23 21:30:00,533.776
2026-02-23 22:00:00,464.598
2026-02-23 22:30:00,390.164
2026-02-23 23:00:00,414.873
2026-02-23 23:30:00,313.101
2026-02-24 00:00:00,249.189
2026-02-24 00:30:00,254.755
2026-02-24 01:00:00,220.542
2026-02-24 01:30:00,260.028
2026-02-24 02:00:00,229.773
2026-02-24 02:30:00,260.055
2026-02-24 03:00:00,196.783
2026-02-24 03:30:00,251.311
2026-02-24 04:00:00,232.903
2026-02-24 04:30:00,272.385
2026-02-24 05:00:00,243.234
2026-02-24 05:30:00,276.634
2026-02-24 06:00:00,259.715
2026-02-24 06:30:00,246.242
2026-02-24 07:00:00,272.607
2026-02-24 07:30:00,277.711
2026-02-24 08:00:00,276.513
2026-02-24 08:30:00,216.696
2026-02-24 09:00:00,261.737
2026-02-24 09:30:00,336.803
2026-02-24 10:00:00,290.87
2026-02-24 10:30:00,369.04
2026-02-24 11:00:00,394.301
2026-02-24 11:30:00,393.171
2026-02-24 12:00:00,400.871
2026-02-24 12:30:00,480.095
2026-02-24 13:00:00,592.922
2026-02-24 13:30:00,567.684
2026-02-24 14:00:00,617.543
2026-02-24 14:30:00,658.373
2026-02-24 15:00:00,755.19
2026-02-24 15:30:00,753.716
2026-02-24 16:00:00,770.661
2026-02-24 16:30:00,838.206
2026-02-24 17:00:00,822.987
2026-02-24 17:30:00,779.886
2026-02-24 18:00:00,755.719
2026-02-24 18:30:00,788.744
2026-02-24 19:00:00,725.24
2026-02-24 19:30:00,644.586
2026-02-24 20:00:00,592.822
2026-02-24 20:30:00,561.365
2026-02-24 21:00:00,509.984
2026-02-24 21:30:00,443.165
2026-02-24 22:00:00,423.264
2026-02-24 22:30:00,388.338
2026-02-24 23:00:00,365.072
2026-02-24 23:30:00,389.302
2026-02-25 00:00:00,235.884
2026-02-25 00:30:00,238.371
2026-02-25 01:00:00,255.302
2026-02-25 01:30:00,236.655
2026-02-25 02:00:00,252.624
2026-02-25 02:30:00,249.691
2026-02-25 03:00:00,245.838
2026-02-25 03:30:00,312.098
2026-02-25 04:00:00,265.984
2026-02-25 04:30:00,216.599
2026-02-25 05:00:00,253.589
2026-02-25 05:30:00,225.61
2026-02-25 06:00:00,258.181
2026-02-25 06:30:00,215.05
2026-02-25 07:00:00,225.221
2026-02-25 07:30:00,266.458
2026-02-25 08:00:00,289.657
2026-02-25 08:30:00,286.569
2026-02-25 09:00:00,307.654
2026-02-25 09:30:00,311.546
2026-02-25 10:00:00,326.581
2026-02-25 10:30:00,334.386
2026-02-25 11:00:00,396.964
2026-02-25 11:30:00,436.937
2026-02-25 12:00:00,449.173
2026-02-25 12:30:00,491.394
2026-02-25 13:00:00,580.756
2026-02-25 13:30:00,588.755
2026-02-25 14:00:00,639.292
2026-02-25 14:30:00,695.418
2026-02-25 15:00:00,722.376
2026-02-25 15:30:00,739.281
2026-02-25 16:00:00,795.758
2026-02-25 16:30:00,801.9
2026-02-25 17:00:00,854.556
2026-02-25 17:30:00,822.58
2026-02-25 18:00:00,771.422
2026-02-25 18:30:00,778.016
2026-02-25 19:00:00,732.517
2026-02-25 19:30:00,716.048
2026-02-25 20:00:00,624.289
2026-02-25 20:30:00,593.983
2026-02-25 21:00:00,538.494
2026-02-25 21:30:00,495.779
2026-02-25 22:00:00,428.621
2026-02-25 22:30:00,425.713
2026-02-25 23:00:00,387.088
2026-02-25 23:30:00,379.109
2026-02-26 00:00:00,242.305
2026-02-26 00:30:00,232.265
2026-02-26 01:00:00,262.303
2026-02-26 01:30:00,222.733
2026-02-26 02:00:00,269.744
2026-02-26 02:30:00,269.747
2026-02-26 03:00:00,274.205
2026-02-26 03:30:00,252.352
2026-02-26 04:00:00,231.044
2026-02-26 04:30:00,246.372
2026-02-26 05:00:00,253.835
2026-02-26 05:30:00,231.4
2026-02-26 06:00:00,280.353
2026-02-26 06:30:00,263.931
2026-02-26 07:00:00,230.61
2026-02-26 07:30:00,304.932
2026-02-26 08:00:00,267.15
2026-02-26 08:30:00,246.651
2026-02-26 09:00:00,265.544
2026-02-26 09:30:00,339.395
2026-02-26 10:00:00,367.893
2026-02-26 10:30:00,372.216
2026-02-26 11:00:00,409.622
2026-02-26 11:30:00,441.73
2026-02-26 12:00:00,464.674
2026-02-26 12:30:00,502.543
2026-02-26 13:00:00,554.468
2026-02-26 13:30:00,607.666
2026-02-26 14:00:00,618.86
2026-02-26 14:30:00,701.611
2026-02-26 15:00:00,761.286
2026-02-26 15:30:00,754.63
2026-02-26 16:00:00,778.478
2026-02-26 16:30:00,814.782
2026-02-26 17:00:00,792.259
2026-02-26 17:30:00,769.948
2026-02-26 18:00:00,815.002
2026-02-26 18:30:00,748.516
2026-02-26 19:00:00,725.282
2026-02-26 19:30:00,668.059
2026-02-26 20:00:00,669.319
2026-02-26 20:30:00,610.595
2026-02-26 21:00:00,534.953
2026-02-26 21:30:00,464.82
2026-02-26 22:00:00,442.078
2026-02-26 22:30:00,425.569
2026-02-26 23:00:00,381.355
2026-02-26 23:30:00,349.706
2026-02-27 00:00:00,247.848
2026-02-27 00:30:00,261.53
2026-02-27 01:00:00,241.524
2026-02-27 01:30:00,253.838
2026-02-27 02:00:00,217.947
2026-02-27 02:30:00,306.522
2026-02-27 03:00:00,235.676
2026-02-27 03:30:00,248.026
2026-02-27 04:00:00,257.368
2026-02-27 04:30:00,233.373
2026-02-27 05:00:00,244.529
2026-02-27 05:30:00,245.295
2026-02-27 06:00:00,224.174
2026-02-27 06:30:00,260.394
2026-02-27 07:00:00,211.685
2026-02-27 07:30:00,301.678
2026-02-27 08:00:00,284.539
2026-02-27 08:30:00,289.981
2026-02-27 09:00:00,242.885
2026-02-27 09:30:00,282.387
2026-02-27 10:00:00,357.002
2026-02-27 10:30:00,450.76
2026-02-27 11:00:00,406.507
2026-02-27 11:30:00,437.238
2026-02-27 12:00:00,463.876
2026-02-27 12:30:00,473.13
2026-02-27 13:00:00,565.85
2026-02-27 13:30:00,561.736
2026-02-27 14:00:00,607.135
2026-02-27 14:30:00,651.474
2026-02-27 15:00:00,749.214
2026-02-27 15:30:00,758.354
2026-02-27 16:00:00,788.83
2026-02-27 16:30:00,802.484
2026-02-27 17:00:00,780.357
2026-02-27 17:30:00,786.1
2026-02-27 18:00:00,770.798
2026-02-27 18:30:00,724.658
2026-02-27 19:00:00,712.216
2026-02-27 19:30:00,656.28
2026-02-27 20:00:00,651.842
2026-02-27 20:30:00,605.79
2026-02-27 21:00:00,508.63
2026-02-27 21:30:00,486.902
2026-02-27 22:00:00,497.153
2026-02-27 22:30:00,386.796
2026-02-27 23:00:00,387.305
2026-02-27 23:30:00,349.617
2026-02-28 00:00:00,153.451
2026-02-28 00:30:00,133.518
2026-02-28 01:00:00,115.354
2026-02-28 01:30:00,127.815
2026-02-28 02:00:00,128.197
2026-02-28 02:30:00,123.899
2026-02-28 03:00:00,93.264
2026-02-28 03:30:00,157.404
2026-02-28 04:00:00,153.128
2026-02-28 04:30:00,100.589
2026-02-28 05:00:00,119.535
2026-02-28 05:30:00,121.983
2026-02-28 06:00:00,99.54
2026-02-28 06:30:00,83.033
2026-02-28 07:00:00,114.751
2026-02-28 07:30:00,125.177
2026-02-28 08:00:00,101.621
2026-02-28 08:30:00,146.906
2026-02-28 09:00:00,177.948
2026-02-28 09:30:00,178.197
2026-02-28 10:00:00,164.413
2026-02-28 10:30:00,134.419
2026-02-28 11:00:00,213.745
2026-02-28 11:30:00,217.543
2026-02-28 12:00:00,244.999
2026-02-28 12:30:00,305.448
2026-02-28 13:00:00,260.685
2026-02-28 13:30:00,234.548
2026-02-28 14:00:00,305.112
2026-02-28 14:30:00,367.474
2026-02-28 15:00:00,377.58
2026-02-28 15:30:00,364.7
2026-02-28 16:00:00,373.388
2026-02-28 16:30:00,408.627
2026-02-28 17:00:00,389.268
2026-02-28 17:30:00,430.508
2026-02-28 18:00:00,398.595
2026-02-28 18:30:00,379.413
2026-02-28 19:00:00,357.95
2026-02-28 19:30:00,361.9
2026-02-28 20:00:00,332.513
2026-02-28 20:30:00,311.467
2026-02-28 21:00:00,285.808
2026-02-28 21:30:00,255.24
2026-02-28 22:00:00,208.562
2026-02-28 22:30:00,195.624
2026-02-28 23:00:00,185.986
2026-02-28 23:30:00,232.059
2026-03-01 00:00:00,97.455
2026-03-01 00:30:00,120.705
2026-03-01 01:00:00,133.641
2026-03-01 01:30:00,123.611
2026-03-01 02:00:00,158.06
2026-03-01 02:30:00,123.529
2026-03-01 03:00:00,125.43
2026-03-01 03:30:00,151.748
2026-03-01 04:00:00,176.796
2026-03-01 04:30:00,166.952
2026-03-01 05:00:00,128.721
2026-03-01 05:30:00,131.479
2026-03-01 06:00:00,134.761
2026-03-01 06:30:00,138.569
2026-03-01 07:00:00,115.596
2026-03-01 07:30:00,162.868
2026-03-01 08:00:00,148.326
2026-03-01 08:30:00,147.062
2026-03-01 09:00:00,123.055
2026-03-01 09:30:00,164.99
2026-03-01 10:00:00,126.956
2026-03-01 10:30:00,173.108
2026-03-01 11:00:00,189.613
2026-03-01 11:30:00,229.618
2026-03-01 12:00:00,290.767
2026-03-01 12:30:00,281.629
2026-03-01 13:00:00,328.772
2026-03-01 13:30:00,334.811
2026-03-01 14:00:00,372.838
2026-03-01 14:30:00,415.97
2026-03-01 15:00:00,373.694
2026-03-01 15:30:00,390.974
2026-03-01 16:00:00,441.964
2026-03-01 16:30:00,434.107
2026-03-01 17:00:00,442.753
2026-03-01 17:30:00,427.982
2026-03-01 18:00:00,410.337
2026-03-01 18:30:00,451.42
2026-03-01 19:00:00,364.493
2026-03-01 19:30:00,386.702
2026-03-01 20:00:00,357.818
2026-03-01 20:30:00,279.205
2026-03-01 21:00:00,271.793
2026-03-01 21:30:00,250.764
2026-03-01 22:00:00,257.885
2026-03-01 22:30:00,213.267
2026-03-01 23:00:00,201.55
2026-03-01 23:30:00,151.208
2026-03-02 00:00:00,310.41
2026-03-02 00:30:00,254.047
2026-03-02 01:00:00,264.753
2026-03-02 01:30:00,238.78
2026-03-02 02:00:00,236.013
2026-03-02 02:30:00,300.205
2026-03-02 03:00:00,204.57
2026-03-02 03:30:00,259.624
2026-03-02 04:00:00,222.651
2026-03-02 04:30:00,243.268
2026-03-02 05:00:00,238.159
2026-03-02 05:30:00,230.575
2026-03-02 06:00:00,257.797
2026-03-02 06:30:00,195.21
2026-03-02 07:00:00,255.15
2026-03-02 07:30:00,265.922
2026-03-02 08:00:00,241.326
2026-03-02 08:30:00,322.799
2026-03-02 09:00:00,282.896
2026-03-02 09:30:00,308.357
2026-03-02 10:00:00,320.36
2026-03-02 10:30:00,358.825
2026-03-02 11:00:00,424.415
2026-03-02 11:30:00,489.6
2026-03-02 12:00:00,487.431
2026-03-02 12:30:00,541.299
2026-03-02 13:00:00,605.531
2026-03-02 13:30:00,619.069
2026-03-02 14:00:00,702.164
2026-03-02 14:30:00,730.467
2026-03-02 15:00:00,757.427
2026-03-02 15:30:00,798.953
2026-03-02 16:00:00,772.24
2026-03-02 16:30:00,842.301
2026-03-02 17:00:00,802.261
2026-03-02 17:30:00,794.366
2026-03-02 18:00:00,822.598
2026-03-02 18:30:00,762.343
2026-03-02 19:00:00,753.649
2026-03-02 19:30:00,714.118
2026-03-02 20:00:00,667.484
2026-03-02 20:30:00,590.244
2026-03-02 21:00:00,585.087
2026-03-02 21:30:00,511.868
2026-03-02 22:00:00,479.817
2026-03-02 22:30:00,397.864
2026-03-02 23:00:00,387.254
2026-03-02 23:30:00,388.297
2026-03-03 00:00:00,276.517
2026-03-03 00:30:00,232.335
2026-03-03 01:00:00,238.639
2026-03-03 01:30:00,227.579
2026-03-03 02:00:00,235.919
2026-03-03 02:30:00,217.411
2026-03-03 03:00:00,249.034
2026-03-03 03:30:00,268.487
2026-03-03 04:00:00,233.312
2026-03-03 04:30:00,251.128
2026-03-03 05:00:00,248.599
2026-03-03 05:30:00,281.602
2026-03-03 06:00:00,241.621
2026-03-03 06:30:00,245.031
2026-03-03 07:00:00,241.886
2026-03-03 07:30:00,239.741
2026-03-03 08:00:00,288.538
2026-03-03 08:30:00,281.591
2026-03-03 09:00:00,299.128
2026-03-03 09:30:00,346.16
2026-03-03 10:00:00,368.468
2026-03-03 10:30:00,319.708
2026-03-03 11:00:00,407.908
2026-03-03 11:30:00,433.416
2026-03-03 12:00:00,457.25
2026-03-03 12:30:00,522.291
2026-03-03 13:00:00,519.46
2026-03-03 13:30:00,649.413
2026-03-03 14:00:00,675.781
2026-03-03 14:30:00,689.027
2026-03-03 15:00:00,739.192
2026-03-03 15:30:00,747.616
2026-03-03 16:00:00,809.927
2026-03-03 16:30:00,822.93
2026-03-03 17:00:00,807.727
2026-03-03 17:30:00,854.416
2026-03-03 18:00:00,849.696
2026-03-03 18:30:00,789.511
2026-03-03 19:00:00,746.186
2026-03-03 19:30:00,721.532
2026-03-03 20:00:00,662.417
2026-03-03 20:30:00,585.793
2026-03-03 21:00:00,546.303
2026-03-03 21:30:00,506.688
2026-03-03 22:00:00,474.994
2026-03-03 22:30:00,428.008
2026-03-03 23:00:00,396.971
2026-03-03 23:30:00,322.744
2026-03-04 00:00:00,268.893
2026-03-04 00:30:00,252.353
2026-03-04 01:00:00,316.095
2026-03-04 01:30:00,242.605
2026-03-04 02:00:00,260.416
2026-03-04 02:30:00,323.118
2026-03-04 03:00:00,257.34
2026-03-04 03:30:00,250.967
2026-03-04 04:00:00,228.266
2026-03-04 04:30:00,291.599
2026-03-04 05:00:00,225.134
2026-03-04 05:30:00,265.902
2026-03-04 06:00:00,245.072
2026-03-04 06:30:00,254.678
2026-03-04 07:00:00,227.439
2026-03-04 07:30:00,301.757
2026-03-04 08:00:00,268.363
2026-03-04 08:30:00,254.591
2026-03-04 09:00:00,329.075
2026-03-04 09:30:00,301.691
2026-03-04 10:00:00,343.531
2026-03-04 10:30:00,381.9
2026-03-04 11:00:00,403.563
2026-03-04 11:30:00,372.859
2026-03-04 12:00:00,486.174
2026-03-04 12:30:00,511.584
2026-03-04 13:00:00,554.394
2026-03-04 13:30:00,610.121
2026-03-04 14:00:00,622.657
2026-03-04 14:30:00,715.462
2026-03-04 15:00:00,719.717
2026-03-04 15:30:00,783.049
2026-03-04 16:00:00,821.682
2026-03-04 16:30:00,861.849
2026-03-04 17:00:00,820.365
2026-03-04 17:30:00,871.288
2026-03-04 18:00:00,841.447
2026-03-04 18:30:00,779.46
2026-03-04 19:00:00,726.108
2026-03-04 19:30:00,674.562
2026-03-04 20:00:00,669.701
2026-03-04 20:30:00,594.415
2026-03-04 21:00:00,592.604
2026-03-04 21:30:00,497.111
2026-03-04 22:00:00,446.273
2026-03-04 22:30:00,433.616
2026-03-04 23:00:00,374.561
2026-03-04 23:30:00,361.078
2026-03-05 00:00:00,276.912
2026-03-05 00:30:00,255.198
2026-03-05 01:00:00,255.302
2026-03-05 01:30:00,257.425
2026-03-05 02:00:00,210.002
2026-03-05 02:30:00,262.183
2026-03-05 03:00:00,256.486
2026-03-05 03:30:00,274.981
2026-03-05 04:00:00,268.084
2026-03-05 04:30:00,248.344
2026-03-05 05:00:00,279.921
2026-03-05 05:30:00,247.908
2026-03-05 06:00:00,263.089
2026-03-05 06:30:00,251.632
2026-03-05 07:00:00,274.581
2026-03-05 07:30:00,258.767
2026-03-05 08:00:00,316.497
2026-03-05 08:30:00,335.403
2026-03-05 09:00:00,319.606
2026-03-05 09:30:00,352.827
2026-03-05 10:00:00,296.685
2026-03-05 10:30:00,325.33
2026-03-05 11:00:00,383.673
2026-03-05 11:30:00,428.806
2026-03-05 12:00:00,463.835
2026-03-05 12:30:00,473.046
2026-03-05 13:00:00,591.41
2026-03-05 13:30:00,666.702
2026-03-05 14:00:00,694.932
2026-03-05 14:30:00,737.795
2026-03-05 15:00:00,759.48
2026-03-05 15:30:00,769.12
2026-03-05 16:00:00,819.589
2026-03-05 16:30:00,887.638
2026-03-05 17:00:00,832.055
2026-03-05 17:30:00,823.624
2026-03-05 18:00:00,845.458
2026-03-05 18:30:00,819.537
2026-03-05 19:00:00,732.629
2026-03-05 19:30:00,704.12
2026-03-05 20:00:00,650.36
2026-03-05 20:30:00,614.59
2026-03-05 21:00:00,590.212
2026-03-05 21:30:00,493.999
2026-03-05 22:00:00,496.031
2026-03-05 22:30:00,430.316
2026-03-05 23:00:00,449.867
2026-03-05 23:30:00,368.835
2026-03-06 00:00:00,249.839
2026-03-06 00:30:00,266.635
2026-03-06 01:00:00,243.849
2026-03-06 01:30:00,207.414
2026-03-06 02:00:00,246.316
2026-03-06 02:30:00,245.98
2026-03-06 03:00:00,212.68
2026-03-06 03:30:00,250.832
2026-03-06 04:00:00,201.261
2026-03-06 04:30:00,244.701
2026-03-06 05:00:00,260.201
2026-03-06 05:30:00,257.649
2026-03-06 06:00:00,246.634
2026-03-06 06:30:00,257.273
2026-03-06 07:00:00,243.435
2026-03-06 07:30:00,268.45
2026-03-06 08:00:00,276.76
2026-03-06 08:30:00,262.462
2026-03-06 09:00:00,304.45
2026-03-06 09:30:00,320.831
2026-03-06 10:00:00,331.01
2026-03-06 10:30:00,421.391
2026-03-06 11:00:00,388.194
2026-03-06 11:30:00,420.794
2026-03-06 12:00:00,458.23
2026-03-06 12:30:00,489.826
2026-03-06 13:00:00,579.767
2026-03-06 13:30:00,595.691
2026-03-06 14:00:00,648.709
2026-03-06 14:30:00,697.201
2026-03-06 15:00:00,729.203
2026-03-06 15:30:00,746.418
2026-03-06 16:00:00,806.202
2026-03-06 16:30:00,856.832
2026-03-06 17:00:00,845.779
2026-03-06 17:30:00,874.013
2026-03-06 18:00:00,836.549
2026-03-06 18:30:00,803.294
2026-03-06 19:00:00,800.893
2026-03-06 19:30:00,708.229
2026-03-06 20:00:00,664.485
2026-03-06 20:30:00,612.561
2026-03-06 21:00:00,601.215
2026-03-06 21:30:00,514.162
2026-03-06 22:00:00,452.583
2026-03-06 22:30:00,442.467
2026-03-06 23:00:00,371.305
2026-03-06 23:30:00,374.201
2026-03-07 00:00:00,141.522
2026-03-07 00:30:00,126.444
2026-03-07 01:00:00,145.33
2026-03-07 01:30:00,93.999
2026-03-07 02:00:00,135.285
2026-03-07 02:30:00,119.672
2026-03-07 03:00:00,202.85
2026-03-07 03:30:00,135.278
2026-03-07 04:00:00,116.618
2026-03-07 04:30:00,97.307
2026-03-07 05:00:00,164.773
2026-03-07 05:30:00,123.966
2026-03-07 06:00:00,113.81
2026-03-07 06:30:00,143.301
2026-03-07 07:00:00,153.022
2026-03-07 07:30:00,155.302
2026-03-07 08:00:00,143.654
2026-03-07 08:30:00,152.163
2026-03-07 09:00:00,160.635
2026-03-07 09:30:00,171.843
2026-03-07 10:00:00,184.908
2026-03-07 10:30:00,215.011
2026-03-07 11:00:00,205.1
2026-03-07 11:30:00,202.023
2026-03-07 12:00:00,240.163
2026-03-07 12:30:00,286.176
2026-03-07 13:00:00,247.899
2026-03-07 13:30:00,274.162
2026-03-07 14:00:00,367.669
2026-03-07 14:30:00,407.545
2026-03-07 15:00:00,360.36
2026-03-07 15:30:00,413.413
2026-03-07 16:00:00,415.255
2026-03-07 16:30:00,427.678
2026-03-07 17:00:00,444.883
2026-03-07 17:30:00,401.877
2026-03-07 18:00:00,397.563
2026-03-07 18:30:00,403.37
2026-03-07 19:00:00,388.356
2026-03-07 19:30:00,341.393
2026-03-07 20:00:00,364.453
2026-03-07 20:30:00,308.242
2026-03-07 21:00:00,282.017
2026-03-07 21:30:00,274.398
2026-03-07 22:00:00,240.548
2026-03-07 22:30:00,243.38
2026-03-07 23:00:00,180.355
2026-03-07 23:30:00,152.715
2026-03-08 00:00:00,123.432
2026-03-08 00:30:00,132.685
2026-03-08 01:00:00,100.165
2026-03-08 01:30:00,96.5
2026-03-08 02:00:00,135.769
2026-03-08 02:30:00,112.297
2026-03-08 03:00:00,94.981
2026-03-08 03:30:00,155.516
2026-03-08 04:00:00,115.733
2026-03-08 04:30:00,160.51
2026-03-08 05:00:00,132.85
2026-03-08 05:30:00,140.085
2026-03-08 06:00:00,128.306
2026-03-08 06:30:00,68.515
2026-03-08 07:00:00,108.36
2026-03-08 07:30:00,136.31
2026-03-08 08:00:00,152.279
2026-03-08 08:30:00,103.442
2026-03-08 09:00:00,153.494
2026-03-08 09:30:00,135.376
2026-03-08 10:00:00,180.152
2026-03-08 10:30:00,187.164
2026-03-08 11:00:00,222.278
2026-03-08 11:30:00,249.114
2026-03-08 12:00:00,255.245
2026-03-08 12:30:00,288.841
2026-03-08 13:00:00,283.804
2026-03-08 13:30:00,389.259
2026-03-08 14:00:00,314.241
2026-03-08 14:30:00,356.348
2026-03-08 15:00:00,414.524
2026-03-08 15:30:00,429.719
2026-03-08 16:00:00,437.428
2026-03-08 16:30:00,451.082
2026-03-08 17:00:00,385.156
2026-03-08 17:30:00,473.932
2026-03-08 18:00:00,420.146
2026-03-08 18:30:00,442.049
2026-03-08 19:00:00,341.152
2026-03-08 19:30:00,375.956
2026-03-08 20:00:00,330.624
2026-03-08 20:30:00,332.984
2026-03-08 21:00:00,300.489
2026-03-08 21:30:00,276.483
2026-03-08 22:00:00,217.297
2026-03-08 22:30:00,221.019
2026-03-08 23:00:00,199.186
2026-03-08 23:30:00,200.032
2026-03-09 00:00:00,276.994
2026-03-09 00:30:00,256.029
2026-03-09 01:00:00,220.373
2026-03-09 01:30:00,254.985
2026-03-09 02:00:00,317.606
2026-03-09 02:30:00,293.538
2026-03-09 03:00:00,178.128
2026-03-09 03:30:00,254.242
2026-03-09 04:00:00,276.242
2026-03-09 04:30:00,248.835
2026-03-09 05:00:00,242.609
2026-03-09 05:30:00,248.55
2026-03-09 06:00:00,270.715
2026-03-09 06:30:00,230.699
2026-03-09 07:00:00,292.754
2026-03-09 07:30:00,266.779
2026-03-09 08:00:00,251.933
2026-03-09 08:30:00,313.077
2026-03-09 09:00:00,259.13
2026-03-09 09:30:00,300.414
2026-03-09 10:00:00,320.874
2026-03-09 10:30:00,414.463
2026-03-09 11:00:00,374.586
2026-03-09 11:30:00,373.901
2026-03-09 12:00:00,454.244
2026-03-09 12:30:00,525.488
2026-03-09 13:00:00,582.222
2026-03-09 13:30:00,669.761
2026-03-09 14:00:00,698.08
2026-03-09 14:30:00,715.355
2026-03-09 15:00:00,731.542
2026-03-09 15:30:00,830.796
2026-03-09 16:00:00,808.562
2026-03-09 16:30:00,818.544
2026-03-09 17:00:00,830.428
2026-03-09 17:30:00,803.691
2026-03-09 18:00:00,806.15
2026-03-09 18:30:00,784.367
2026-03-09 19:00:00,772.093
2026-03-09 19:30:00,700.955
2026-03-09 20:00:00,631.221
2026-03-09 20:30:00,572.753
2026-03-09 21:00:00,567.859
2026-03-09 21:30:00,515.915
2026-03-09 22:00:00,454.932
2026-03-09 22:30:00,416.088
2026-03-09 23:00:00,401.424
2026-03-09 23:30:00,395.628
2026-03-10 00:00:00,232.758
2026-03-10 00:30:00,254.49
2026-03-10 01:00:00,276.234
2026-03-10 01:30:00,232.893
2026-03-10 02:00:00,251.938
2026-03-10 02:30:00,251.438
2026-03-10 03:00:00,219.706
2026-03-10 03:30:00,256.871
2026-03-10 04:00:00,253.727
2026-03-10 04:30:00,267.27
2026-03-10 05:00:00,224.439
2026-03-10 05:30:00,255.473
2026-03-10 06:00:00,291.454
2026-03-10 06:30:00,311.348
2026-03-10 07:00:00,295.04
2026-03-10 07:30:00,238.752
2026-03-10 08:00:00,286.585
2026-03-10 08:30:00,272.89
2026-03-10 09:00:00,304.855
2026-03-10 09:30:00,294.989
2026-03-10 10:00:00,292.329
2026-03-10 10:30:00,352.251
2026-03-10 11:00:00,409.777
2026-03-10 11:30:00,434.975
2026-03-10 12:00:00,478.863
2026-03-10 12:30:00,519.508
2026-03-10 13:00:00,572.733
2026-03-10 13:30:00,626.085
2026-03-10 14:00:00,656.041
2026-03-10 14:30:00,712.73
2026-03-10 15:00:00,797.408
2026-03-10 15:30:00,793.746
2026-03-10 16:00:00,818.84
2026-03-10 16:30:00,837.57
2026-03-10 17:00:00,835.407
2026-03-10 17:30:00,824.114
2026-03-10 18:00:00,822.993
2026-03-10 18:30:00,777.552
2026-03-10 19:00:00,750.189
2026-03-10 19:30:00,690.894
2026-03-10 20:00:00,665.608
2026-03-10 20:30:00,627.452
2026-03-10 21:00:00,557.322
2026-03-10 21:30:00,463.89
2026-03-10 22:00:00,483.549
2026-03-10 22:30:00,430.779
2026-03-10 23:00:00,366.881
2026-03-10 23:30:00,380.196
2026-03-11 00:00:00,217.301
2026-03-11 00:30:00,278.403
2026-03-11 01:00:00,250.843
2026-03-11 01:30:00,195.574
2026-03-11 02:00:00,256.787
2026-03-11 02:30:00,242.233
2026-03-11 03:00:00,238.567
2026-03-11 03:30:00,234.215
2026-03-11 04:00:00,249.758
2026-03-11 04:30:00,241.263
2026-03-11 05:00:00,207.694
2026-03-11 05:30:00,287.026
2026-03-11 06:00:00,250.802
2026-03-11 06:30:00,241.113
2026-03-11 07:00:00,234.826
2026-03-11 07:30:00,287.447
2026-03-11 08:00:00,242.847
2026-03-11 08:30:00,288.318
2026-03-11 09:00:00,283.167
2026-03-11 09:30:00,301.159
2026-03-11 10:00:00,307.577
2026-03-11 10:30:00,345.356
2026-03-11 11:00:00,391.932
2026-03-11 11:30:00,433.658
2026-03-11 12:00:00,449.15
2026-03-11 12:30:00,511.826
2026-03-11 13:00:00,584.831
2026-03-11 13:30:00,571.282
2026-03-11 14:00:00,662.751
2026-03-11 14:30:00,686.888
2026-03-11 15:00:00,727.51
2026-03-11 15:30:00,796.72
2026-03-11 16:00:00,804.144
2026-03-11 16:30:00,804.578
2026-03-11 17:00:00,873.962
2026-03-11 17:30:00,858.0
2026-03-11 18:00:00,769.468
2026-03-11 18:30:00,753.334
2026-03-11 19:00:00,768.663
2026-03-11 19:30:00,703.536
2026-03-11 20:00:00,700.422
2026-03-11 20:30:00,628.256
2026-03-11 21:00:00,570.107
2026-03-11 21:30:00,488.553
2026-03-11 22:00:00,481.076
2026-03-11 22:30:00,395.881
2026-03-11 23:00:00,424.343
2026-03-11 23:30:00,371.418
2026-03-12 00:00:00,231.641
2026-03-12 00:30:00,272.384
2026-03-12 01:00:00,308.316
2026-03-12 01:30:00,246.856
2026-03-12 02:00:00,266.089
2026-03-12 02:30:00,241.592
2026-03-12 03:00:00,254.622
2026-03-12 03:30:00,214.977
2026-03-12 04:00:00,252.926
2026-03-12 04:30:00,254.482
2026-03-12 05:00:00,299.086
2026-03-12 05:30:00,210.349
2026-03-12 06:00:00,249.888
2026-03-12 06:30:00,291.614
2026-03-12 07:00:00,256.993
2026-03-12 07:30:00,263.896
2026-03-12 08:00:00,254.477
2026-03-12 08:30:00,261.653
2026-03-12 09:00:00,252.112
2026-03-12 09:30:00,298.564
2026-03-12 10:00:00,310.432
2026-03-12 10:30:00,363.815
2026-03-12 11:00:00,372.02
2026-03-12 11:30:00,415.785
2026-03-12 12:00:00,457.485
2026-03-12 12:30:00,512.895
2026-03-12 13:00:00,549.407
2026-03-12 13:30:00,586.303
2026-03-12 14:00:00,665.052
2026-03-12 14:30:00,737.344
2026-03-12 15:00:00,757.039
2026-03-12 15:30:00,774.949
2026-03-12 16:00:00,814.697
2026-03-12 16:30:00,783.732
2026-03-12 17:00:00,837.37
2026-03-12 17:30:00,824.989
2026-03-12 18:00:00,794.439
2026-03-12 18:30:00,771.392
2026-03-12 19:00:00,743.571
2026-03-12 19:30:00,735.469
2026-03-12 20:00:00,690.209
2026-03-12 20:30:00,589.644
2026-03-12 21:00:00,549.668
2026-03-12 21:30:00,501.784
2026-03-12 22:00:00,489.028
2026-03-12 22:30:00,431.413
2026-03-12 23:00:00,394.032
2026-03-12 23:30:00,374.271
2026-03-13 00:00:00,237.352
2026-03-13 00:30:00,286.365
2026-03-13 01:00:00,252.234
2026-03-13 01:30:00,230.898
2026-03-13 02:00:00,246.588
2026-03-13 02:30:00,283.186
2026-03-13 03:00:00,241.86
2026-03-13 03:30:00,276.397
2026-03-13 04:00:00,237.305
2026-03-13 04:30:00,234.251
2026-03-13 05:00:00,270.601
2026-03-13 05:30:00,233.375
2026-03-13 06:00:00,277.474
2026-03-13 06:30:00,268.202
2026-03-13 07:00:00,241.197
2026-03-13 07:30:00,266.393
2026-03-13 08:00:00,261.589
2026-03-13 08:30:00,293.693
2026-03-13 09:00:00,344.953
2026-03-13 09:30:00,305.027
2026-03-13 10:00:00,348.51
2026-03-13 10:30:00,361.475
2026-03-13 11:00:00,392.313
2026-03-13 11:30:00,423.645
2026-03-13 12:00:00,447.354
2026-03-13 12:30:00,522.478
2026-03-13 13:00:00,555.401
2026-03-13 13:30:00,590.227
2026-03-13 14:00:00,688.262
2026-03-13 14:30:00,713.133
2026-03-13 15:00:00,748.124
2026-03-13 15:30:00,823.696
2026-03-13 16:00:00,771.874
2026-03-13 16:30:00,866.819
2026-03-13 17:00:00,818.85
2026-03-13 17:30:00,840.287
2026-03-13 18:00:00,803.074
2026-03-13 18:30:00,767.12
2026-03-13 19:00:00,786.674
2026-03-13 19:30:00,757.063
2026-03-13 20:00:00,657.377
2026-03-13 20:30:00,621.234
2026-03-13 21:00:00,564.045
2026-03-13 21:30:00,557.362
2026-03-13 22:00:00,415.961
2026-03-13 22:30:00,437.203
2026-03-13 23:00:00,373.534
2026-03-13 23:30:00,301.965
2026-03-14 00:00:00,122.163
2026-03-14 00:30:00,177.38
2026-03-14 01:00:00,114.783
2026-03-14 01:30:00,150.963
2026-03-14 02:00:00,161.178
2026-03-14 02:30:00,130.924
2026-03-14 03:00:00,134.305
2026-03-14 03:30:00,88.475
2026-03-14 04:00:00,113.624
2026-03-14 04:30:00,154.439
2026-03-14 05:00:00,133.655
2026-03-14 05:30:00,141.9
2026-03-14 06:00:00,136.922
2026-03-14 06:30:00,189.694
2026-03-14 07:00:00,126.016
2026-03-14 07:30:00,179.588
2026-03-14 08:00:00,146.498
2026-03-14 08:30:00,190.539
2026-03-14 09:00:00,124.21
2026-03-14 09:30:00,168.049
2026-03-14 10:00:00,164.444
2026-03-14 10:30:00,191.136
2026-03-14 11:00:00,234.25
2026-03-14 11:30:00,231.913
2026-03-14 12:00:00,274.28
2026-03-14 12:30:00,250.576
2026-03-14 13:00:00,271.992
2026-03-14 13:30:00,319.083
2026-03-14 14:00:00,343.746
2026-03-14 14:30:00,364.895
2026-03-14 15:00:00,368.024
2026-03-14 15:30:00,440.868
2026-03-14 16:00:00,416.172
2026-03-14 16:30:00,469.851
2026-03-14 17:00:00,437.563
2026-03-14 17:30:00,450.41
2026-03-14 18:00:00,439.186
2026-03-14 18:30:00,390.294
2026-03-14 19:00:00,401.17
2026-03-14 19:30:00,417.75
2026-03-14 20:00:00,351.002
2026-03-14 20:30:00,341.213
2026-03-14 21:00:00,309.894
2026-03-14 21:30:00,275.008
2026-03-14 22:00:00,248.433
2026-03-14 22:30:00,236.126
2026-03-14 23:00:00,222.772
2026-03-14 23:30:00,153.845
2026-03-15 00:00:00,137.359
2026-03-15 00:30:00,126.577
2026-03-15 01:00:00,121.396
2026-03-15 01:30:00,163.593
2026-03-15 02:00:00,112.882
2026-03-15 02:30:00,96.372
2026-03-15 03:00:00,151.187
2026-03-15 03:30:00,95.872
2026-03-15 04:00:00,83.33
2026-03-15 04:30:00,154.471
2026-03-15 05:00:00,136.106
2026-03-15 05:30:00,144.534
2026-03-15 06:00:00,122.533
2026-03-15 06:30:00,100.284
2026-03-15 07:00:00,107.135
2026-03-15 07:30:00,132.648
2026-03-15 08:00:00,111.35
2026-03-15 08:30:00,155.86
2026-03-15 09:00:00,143.273
2026-03-15 09:30:00,168.059
2026-03-15 10:00:00,178.165
2026-03-15 10:30:00,197.319
2026-03-15 11:00:00,216.177
2026-03-15 11:30:00,213.845
2026-03-15 12:00:00,248.37
2026-03-15 12:30:00,273.232
2026-03-15 13:00:00,231.84
2026-03-15 13:30:00,334.844
2026-03-15 14:00:00,348.461
2026-03-15 14:30:00,383.643
2026-03-15 15:00:00,359.819
2026-03-15 15:30:00,403.007
2026-03-15 16:00:00,397.955
2026-03-15 16:30:00,452.814
2026-03-15 17:00:00,402.117
2026-03-15 17:30:00,410.983
2026-03-15 18:00:00,438.601
2026-03-15 18:30:00,395.167
2026-03-15 19:00:00,368.78
2026-03-15 19:30:00,392.21
2026-03-15 20:00:00,368.405
2026-03-15 20:30:00,336.732
2026-03-15 21:00:00,313.78
2026-03-15 21:30:00,261.542
2026-03-15 22:00:00,238.656
2026-03-15 22:30:00,206.241
2026-03-15 23:00:00,207.883
2026-03-15 23:30:00,174.452
2026-03-16 00:00:00,241.435
2026-03-16 00:30:00,267.265
2026-03-16 01:00:00,281.891
2026-03-16 01:30:00,262.252
2026-03-16 02:00:00,297.187
2026-03-16 02:30:00,234.75
2026-03-16 03:00:00,206.539
2026-03-16 03:30:00,270.524
2026-03-16 04:00:00,233.643
2026-03-16 04:30:00,246.55
2026-03-16 05:00:00,209.866
2026-03-16 05:30:00,232.744
2026-03-16 06:00:00,219.355
2026-03-16 06:30:00,248.553
2026-03-16 07:00:00,253.173
2026-03-16 07:30:00,270.428
2026-03-16 08:00:00,306.301
2026-03-16 08:30:00,301.891
2026-03-16 09:00:00,257.204
2026-03-16 09:30:00,329.495
2026-03-16 10:00:00,337.959
2026-03-16 10:30:00,358.419
2026-03-16 11:00:00,391.144
2026-03-16 11:30:00,432.889
2026-03-16 12:00:00,451.493
2026-03-16 12:30:00,509.54
2026-03-16 13:00:00,592.218
2026-03-16 13:30:00,595.25
2026-03-16 14:00:00,637.16
2026-03-16 14:30:00,709.115
2026-03-16 15:00:00,725.563
2026-03-16 15:30:00,747.125
2026-03-16 16:00:00,809.164
2026-03-16 16:30:00,871.214
2026-03-16 17:00:00,839.89
2026-03-16 17:30:00,839.463
2026-03-16 18:00:00,764.522
2026-03-16 18:30:00,801.148
2026-03-16 19:00:00,756.161
2026-03-16 19:30:00,694.034
2026-03-16 20:00:00,667.409
2026-03-16 20:30:00,617.1
2026-03-16 21:00:00,536.133
2026-03-16 21:30:00,522.396
2026-03-16 22:00:00,498.718
2026-03-16 22:30:00,422.076
2026-03-16 23:00:00,370.022
2026-03-16 23:30:00,356.425
2026-03-17 00:00:00,273.627
2026-03-17 00:30:00,221.609
2026-03-17 01:00:00,266.741
2026-03-17 01:30:00,235.346
2026-03-17 02:00:00,258.381
2026-03-17 02:30:00,238.279
2026-03-17 03:00:00,238.313
2026-03-17 03:30:00,290.735
2026-03-17 04:00:00,217.712
2026-03-17 04:30:00,265.527
2026-03-17 05:00:00,297.394
2026-03-17 05:30:00,272.362
2026-03-17 06:00:00,223.633
2026-03-17 06:30:00,227.371
2026-03-17 07:00:00,244.246
2026-03-17 07:30:00,272.127
2026-03-17 08:00:00,280.957
2026-03-17 08:30:00,253.176
2026-03-17 09:00:00,275.939
2026-03-17 09:30:00,294.007
2026-03-17 10:00:00,330.647
2026-03-17 10:30:00,410.482
2026-03-17 11:00:00,368.382
2026-03-17 11:30:00,403.351
2026-03-17 12:00:00,440.461
2026-03-17 12:30:00,529.988
2026-03-17 13:00:00,561.586
2026-03-17 13:30:00,590.442
2026-03-17 14:00:00,653.838
2026-03-17 14:30:00,690.87
2026-03-17 15:00:00,761.224
2026-03-17 15:30:00,857.304
2026-03-17 16:00:00,831.547
2026-03-17 16:30:00,832.674
2026-03-17 17:00:00,824.23
2026-03-17 17:30:00,801.413
2026-03-17 18:00:00,836.118
2026-03-17 18:30:00,807.179
2026-03-17 19:00:00,742.174
2026-03-17 19:30:00,740.991
2026-03-17 20:00:00,663.435
2026-03-17 20:30:00,632.216
2026-03-17 21:00:00,570.025
2026-03-17 21:30:00,509.671
2026-03-17 22:00:00,444.918
2026-03-17 22:30:00,424.136
2026-03-17 23:00:00,412.763
2026-03-17 23:30:00,348.161
2026-03-18 00:00:00,263.256
2026-03-18 00:30:00,225.199
2026-03-18 01:00:00,271.779
2026-03-18 01:30:00,260.119
2026-03-18 02:00:00,222.276
2026-03-18 02:30:00,246.787
2026-03-18 03:00:00,275.774
2026-03-18 03:30:00,221.182
2026-03-18 04:00:00,226.165
2026-03-18 04:30:00,251.655
2026-03-18 05:00:00,307.444
2026-03-18 05:30:00,238.41
2026-03-18 06:00:00,269.292
2026-03-18 06:30:00,265.914
2026-03-18 07:00:00,248.299
2026-03-18 07:30:00,272.207
2026-03-18 08:00:00,264.112
2026-03-18 08:30:00,276.023
2026-03-18 09:00:00,256.226
2026-03-18 09:30:00,313.683
2026-03-18 10:00:00,357.643
2026-03-18 10:30:00,362.3
2026-03-18 11:00:00,418.974
2026-03-18 11:30:00,442.283
2026-03-18 12:00:00,467.301
2026-03-18 12:30:00,498.401
2026-03-18 13:00:00,550.463
2026-03-18 13:30:00,576.085
2026-03-18 14:00:00,656.231
2026-03-18 14:30:00,714.307
2026-03-18 15:00:00,796.712
2026-03-18 15:30:00,803.403
2026-03-18 16:00:00,796.154
2026-03-18 16:30:00,799.014
2026-03-18 17:00:00,835.691
2026-03-18 17:30:00,855.292
2026-03-18 18:00:00,812.26
2026-03-18 18:30:00,803.745
2026-03-18 19:00:00,749.299
2026-03-18 19:30:00,728.582
2026-03-18 20:00:00,622.976
2026-03-18 20:30:00,652.952
2026-03-18 21:00:00,534.808
2026-03-18 21:30:00,533.943
2026-03-18 22:00:00,461.985
2026-03-18 22:30:00,424.879
2026-03-18 23:00:00,385.684
2026-03-18 23:30:00,367.254
2026-03-19 00:00:00,263.7
2026-03-19 00:30:00,278.726
2026-03-19 01:00:00,287.476
2026-03-19 01:30:00,260.591
2026-03-19 02:00:00,295.171
2026-03-19 02:30:00,254.712
2026-03-19 03:00:00,279.424
2026-03-19 03:30:00,263.376
2026-03-19 04:00:00,239.209
2026-03-19 04:30:00,257.924
2026-03-19 05:00:00,266.69
2026-03-19 05:30:00,254.419
2026-03-19 06:00:00,267.232
2026-03-19 06:30:00,281.045
2026-03-19 07:00:00,262.453
2026-03-19 07:30:00,194.582
2026-03-19 08:00:00,317.265
2026-03-19 08:30:00,277.529
2026-03-19 09:00:00,277.176
2026-03-19 09:30:00,286.192
2026-03-19 10:00:00,326.754
2026-03-19 10:30:00,346.796
2026-03-19 11:00:00,373.287
2026-03-19 11:30:00,410.722
2026-03-19 12:00:00,482.033
2026-03-19 12:30:00,564.858
2026-03-19 13:00:00,583.134
2026-03-19 13:30:00,640.912
2026-03-19 14:00:00,653.472
2026-03-19 14:30:00,713.274
2026-03-19 15:00:00,764.489
2026-03-19 15:30:00,773.706
2026-03-19 16:00:00,807.132
2026-03-19 16:30:00,856.362
2026-03-19 17:00:00,868.112
2026-03-19 17:30:00,836.683
2026-03-19 18:00:00,787.897
2026-03-19 18:30:00,782.805
2026-03-19 19:00:00,717.794
2026-03-19 19:30:00,712.537
2026-03-19 20:00:00,669.293
2026-03-19 20:30:00,606.08
2026-03-19 21:00:00,568.663
2026-03-19 21:30:00,524.522
2026-03-19 22:00:00,475.211
2026-03-19 22:30:00,397.737
2026-03-19 23:00:00,385.38
2026-03-19 23:30:00,371.11
2026-03-20 00:00:00,291.73
2026-03-20 00:30:00,245.469
2026-03-20 01:00:00,266.048
2026-03-20 01:30:00,274.25
2026-03-20 02:00:00,247.413
2026-03-20 02:30:00,281.098
2026-03-20 03:00:00,282.543
2026-03-20 03:30:00,287.168
2026-03-20 04:00:00,264.4
2026-03-20 04:30:00,312.396
2026-03-20 05:00:00,238.729
2026-03-20 05:30:00,308.326
2026-03-20 06:00:00,276.118
2026-03-20 06:30:00,292.921
2026-03-20 07:00:00,255.036
2026-03-20 07:30:00,289.291
2026-03-20 08:00:00,310.983
2026-03-20 08:30:00,257.785
2026-03-20 09:00:00,293.675
2026-03-20 09:30:00,260.763
2026-03-20 10:00:00,330.707
2026-03-20 10:30:00,340.464
2026-03-20 11:00:00,386.268
2026-03-20 11:30:00,500.866
2026-03-20 12:00:00,511.735
2026-03-20 12:30:00,478.113
2026-03-20 13:00:00,576.513
2026-03-20 13:30:00,632.821
2026-03-20 14:00:00,654.46
2026-03-20 14:30:00,715.115
2026-03-20 15:00:00,760.726
2026-03-20 15:30:00,756.53
2026-03-20 16:00:00,791.992
2026-03-20 16:30:00,839.306
2026-03-20 17:00:00,843.34
2026-03-20 17:30:00,817.284
2026-03-20 18:00:00,797.916
2026-03-20 18:30:00,787.95
2026-03-20 19:00:00,775.981
2026-03-20 19:30:00,708.745
2026-03-20 20:00:00,703.476
2026-03-20 20:30:00,595.452
2026-03-20 21:00:00,567.448
2026-03-20 21:30:00,505.242
2026-03-20 22:00:00,483.489
2026-03-20 22:30:00,408.235
2026-03-20 23:00:00,439.897
2026-03-20 23:30:00,318.599
2026-03-21 00:00:00,174.063
2026-03-21 00:30:00,133.429
2026-03-21 01:00:00,144.995
2026-03-21 01:30:00,164.557
2026-03-21 02:00:00,152.653
2026-03-21 02:30:00,112.991
2026-03-21 03:00:00,146.296
2026-03-21 03:30:00,178.069
2026-03-21 04:00:00,109.346
2026-03-21 04:30:00,184.725
2026-03-21 05:00:00,141.78
2026-03-21 05:30:00,121.886
2026-03-21 06:00:00,111.261
2026-03-21 06:30:00,129.312
2026-03-21 07:00:00,87.897
2026-03-21 07:30:00,129.072
2026-03-21 08:00:00,136.587
2026-03-21 08:30:00,121.323
2026-03-21 09:00:00,173.53
2026-03-21 09:30:00,157.964
2026-03-21 10:00:00,158.391
2026-03-21 10:30:00,179.516
2026-03-21 11:00:00,212.568
2026-03-21 11:30:00,224.273
2026-03-21 12:00:00,226.246
2026-03-21 12:30:00,270.473
2026-03-21 13:00:00,291.295
2026-03-21 13:30:00,290.194
2026-03-21 14:00:00,337.499
2026-03-21 14:30:00,384.025
2026-03-21 15:00:00,406.293
2026-03-21 15:30:00,405.152
2026-03-21 16:00:00,442.163
2026-03-21 16:30:00,409.7
2026-03-21 17:00:00,413.52
2026-03-21 17:30:00,427.918
2026-03-21 18:00:00,462.682
2026-03-21 18:30:00,414.983
2026-03-21 19:00:00,385.106
2026-03-21 19:30:00,408.145
2026-03-21 20:00:00,337.539
2026-03-21 20:30:00,374.549
2026-03-21 21:00:00,279.78
2026-03-21 21:30:00,242.038
2026-03-21 22:00:00,239.612
2026-03-21 22:30:00,216.216
2026-03-21 23:00:00,183.497
2026-03-21 23:30:00,252.699
2026-03-22 00:00:00,139.142
2026-03-22 00:30:00,142.785
2026-03-22 01:00:00,119.637
2026-03-22 01:30:00,116.752
2026-03-22 02:00:00,156.85
2026-03-22 02:30:00,89.345
2026-03-22 03:00:00,102.722
2026-03-22 03:30:00,125.199
2026-03-22 04:00:00,165.304
2026-03-22 04:30:00,122.401
2026-03-22 05:00:00,142.542
2026-03-22 05:30:00,133.41
2026-03-22 06:00:00,166.0
2026-03-22 06:30:00,95.276
2026-03-22 07:00:00,155.178
2026-03-22 07:30:00,134.481
2026-03-22 08:00:00,166.282
2026-03-22 08:30:00,127.702
2026-03-22 09:00:00,155.444
2026-03-22 09:30:00,160.87
2026-03-22 10:00:00,149.225
2026-03-22 10:30:00,155.639
2026-03-22 11:00:00,189.18
2026-03-22 11:30:00,225.691
2026-03-22 12:00:00,224.848
2026-03-22 12:30:00,259.08
2026-03-22 13:00:00,245.417
2026-03-22 13:30:00,309.414
2026-03-22 14:00:00,370.302
2026-03-22 14:30:00,387.171
2026-03-22 15:00:00,389.817
2026-03-22 15:30:00,416.993
2026-03-22 16:00:00,404.537
2026-03-22 16:30:00,474.81
2026-03-22 17:00:00,488.939
2026-03-22 17:30:00,438.32
2026-03-22 18:00:00,490.01
2026-03-22 18:30:00,393.897
2026-03-22 19:00:00,360.713
2026-03-22 19:30:00,351.801
2026-03-22 20:00:00,339.225
2026-03-22 20:30:00,376.482
2026-03-22 21:00:00,285.533
2026-03-22 21:30:00,245.84
2026-03-22 22:00:00,221.309
2026-03-22 22:30:00,250.944
2026-03-22 23:00:00,228.623
2026-03-22 23:30:00,175.513
2026-03-23 00:00:00,205.367
2026-03-23 00:30:00,224.053
2026-03-23 01:00:00,295.309
2026-03-23 01:30:00,269.516
2026-03-23 02:00:00,253.966
2026-03-23 02:30:00,299.108
2026-03-23 03:00:00,301.446
2026-03-23 03:30:00,251.76
2026-03-23 04:00:00,252.499
2026-03-23 04:30:00,238.842
2026-03-23 05:00:00,246.996
2026-03-23 05:30:00,218.066
2026-03-23 06:00:00,219.651
2026-03-23 06:30:00,216.345
2026-03-23 07:00:00,290.145
2026-03-23 07:30:00,229.144
2026-03-23 08:00:00,324.057
2026-03-23 08:30:00,266.709
2026-03-23 09:00:00,341.192
2026-03-23 09:30:00,305.168
2026-03-23 10:00:00,296.011
2026-03-23 10:30:00,392.959
2026-03-23 11:00:00,426.758
2026-03-23 11:30:00,405.124
2026-03-23 12:00:00,460.498
2026-03-23 12:30:00,491.454
2026-03-23 13:00:00,559.607
2026-03-23 13:30:00,615.543
2026-03-23 14:00:00,654.123
2026-03-23 14:30:00,665.185
2026-03-23 15:00:00,739.305
2026-03-23 15:30:00,807.783
2026-03-23 16:00:00,812.553
2026-03-23 16:30:00,826.812
2026-03-23 17:00:00,817.585
2026-03-23 17:30:00,819.747
2026-03-23 18:00:00,852.999
2026-03-23 18:30:00,761.7
2026-03-23 19:00:00,771.848
2026-03-23 19:30:00,711.834
2026-03-23 20:00:00,669.028
2026-03-23 20:30:00,594.538
2026-03-23 21:00:00,553.826
2026-03-23 21:30:00,513.956
2026-03-23 22:00:00,455.773
2026-03-23 22:30:00,436.061
2026-03-23 23:00:00,403.148
2026-03-23 23:30:00,415.182
2026-03-24 00:00:00,259.217
2026-03-24 00:30:00,204.461
2026-03-24 01:00:00,281.353
2026-03-24 01:30:00,247.199
2026-03-24 02:00:00,302.627
2026-03-24 02:30:00,289.161
2026-03-24 03:00:00,239.856
2026-03-24 03:30:00,270.706
2026-03-24 04:00:00,238.09
2026-03-24 04:30:00,253.46
2026-03-24 05:00:00,271.011
2026-03-24 05:30:00,283.049
2026-03-24 06:00:00,279.291
2026-03-24 06:30:00,261.286
2026-03-24 07:00:00,325.123
2026-03-24 07:30:00,259.054
2026-03-24 08:00:00,235.128
2026-03-24 08:30:00,249.601
2026-03-24 09:00:00,334.608
2026-03-24 09:30:00,312.378
2026-03-24 10:00:00,339.142
2026-03-24 10:30:00,347.301
2026-03-24 11:00:00,380.394
2026-03-24 11:30:00,408.098
2026-03-24 12:00:00,480.568
2026-03-24 12:30:00,511.665
2026-03-24 13:00:00,573.495
2026-03-24 13:30:00,621.333
2026-03-24 14:00:00,652.261
2026-03-24 14:30:00,674.189
2026-03-24 15:00:00,715.182
2026-03-24 15:30:00,865.861
2026-03-24 16:00:00,854.73
2026-03-24 16:30:00,868.503
2026-03-24 17:00:00,823.99
2026-03-24 17:30:00,835.236
2026-03-24 18:00:00,797.392
2026-03-24 18:30:00,757.393
2026-03-24 19:00:00,739.108
2026-03-24 19:30:00,743.812
2026-03-24 20:00:00,683.926
2026-03-24 20:30:00,588.596
2026-03-24 21:00:00,554.75
2026-03-24 21:30:00,532.827
2026-03-24 22:00:00,454.515
2026-03-24 22:30:00,429.765
2026-03-24 23:00:00,401.758
2026-03-24 23:30:00,370.638
2026-03-25 00:00:00,258.616
2026-03-25 00:30:00,235.925
2026-03-25 01:00:00,238.503
2026-03-25 01:30:00,223.955
2026-03-25 02:00:00,213.296
2026-03-25 02:30:00,249.519
2026-03-25 03:00:00,272.895
2026-03-25 03:30:00,218.151
2026-03-25 04:00:00,259.763
2026-03-25 04:30:00,273.009
2026-03-25 05:00:00,208.193
2026-03-25 05:30:00,248.46
2026-03-25 06:00:00,298.066
2026-03-25 06:30:00,273.21
2026-03-25 07:00:00,216.276
2026-03-25 07:30:00,284.638
2026-03-25 08:00:00,256.615
2026-03-25 08:30:00,302.251
2026-03-25 09:00:00,280.506
2026-03-25 09:30:00,312.968
2026-03-25 10:00:00,321.727
2026-03-25 10:30:00,360.943
2026-03-25 11:00:00,377.53
2026-03-25 11:30:00,422.186
2026-03-25 12:00:00,439.4
2026-03-25 12:30:00,526.366
2026-03-25 13:00:00,567.002
2026-03-25 13:30:00,572.434
2026-03-25 14:00:00,687.731
2026-03-25 14:30:00,706.25
2026-03-25 15:00:00,757.871
2026-03-25 15:30:00,809.309
2026-03-25 16:00:00,825.982
2026-03-25 16:30:00,864.128
2026-03-25 17:00:00,833.522
2026-03-25 17:30:00,860.859
2026-03-25 18:00:00,820.849
2026-03-25 18:30:00,802.886
2026-03-25 19:00:00,763.918
2026-03-25 19:30:00,741.676
2026-03-25 20:00:00,680.943
2026-03-25 20:30:00,601.774
2026-03-25 21:00:00,546.588
2026-03-25 21:30:00,512.855
2026-03-25 22:00:00,449.787
2026-03-25 22:30:00,401.47
2026-03-25 23:00:00,338.51
2026-03-25 23:30:00,322.133
2026-03-26 00:00:00,301.897
2026-03-26 00:30:00,235.855
2026-03-26 01:00:00,299.864
2026-03-26 01:30:00,262.375
2026-03-26 02:00:00,251.085
2026-03-26 02:30:00,214.872
2026-03-26 03:00:00,252.605
2026-03-26 03:30:00,299.963
2026-03-26 04:00:00,291.88
2026-03-26 04:30:00,260.249
2026-03-26 05:00:00,225.394
2026-03-26 05:30:00,231.295
2026-03-26 06:00:00,235.596
2026-03-26 06:30:00,291.365
2026-03-26 07:00:00,303.83
2026-03-26 07:30:00,273.076
2026-03-26 08:00:00,267.731
2026-03-26 08:30:00,323.686
2026-03-26 09:00:00,273.294
2026-03-26 09:30:00,315.59
2026-03-26 10:00:00,346.74
2026-03-26 10:30:00,339.294
2026-03-26 11:00:00,375.814
2026-03-26 11:30:00,409.931
2026-03-26 12:00:00,504.208
2026-03-26 12:30:00,561.958
2026-03-26 13:00:00,565.49
2026-03-26 13:30:00,606.142
2026-03-26 14:00:00,647.912
2026-03-26 14:30:00,710.701
2026-03-26 15:00:00,740.071
2026-03-26 15:30:00,787.769
2026-03-26 16:00:00,828.106
2026-03-26 16:30:00,824.865
2026-03-26 17:00:00,836.115
2026-03-26 17:30:00,830.362
2026-03-26 18:00:00,809.837
2026-03-26 18:30:00,779.159
2026-03-26 19:00:00,772.882
2026-03-26 19:30:00,666.389
2026-03-26 20:00:00,702.265
2026-03-26 20:30:00,616.236
2026-03-26 21:00:00,577.87
2026-03-26 21:30:00,532.226
2026-03-26 22:00:00,451.088
2026-03-26 22:30:00,404.916
2026-03-26 23:00:00,365.905
2026-03-26 23:30:00,354.688
2026-03-27 00:00:00,269.742
2026-03-27 00:30:00,237.673
2026-03-27 01:00:00,267.476
2026-03-27 01:30:00,193.098
2026-03-27 02:00:00,242.69
2026-03-27 02:30:00,281.566
2026-03-27 03:00:00,248.214
2026-03-27 03:30:00,231.929
2026-03-27 04:00:00,236.518
2026-03-27 04:30:00,177.692
2026-03-27 05:00:00,228.816
2026-03-27 05:30:00,281.655
2026-03-27 06:00:00,242.345
2026-03-27 06:30:00,247.797
2026-03-27 07:00:00,204.742
2026-03-27 07:30:00,227.408
2026-03-27 08:00:00,305.059
2026-03-27 08:30:00,300.401
2026-03-27 09:00:00,265.322
2026-03-27 09:30:00,298.53
2026-03-27 10:00:00,334.436
2026-03-27 10:30:00,330.961
2026-03-27 11:00:00,341.608
2026-03-27 11:30:00,423.795
2026-03-27 12:00:00,483.105
2026-03-27 12:30:00,528.896
2026-03-27 13:00:00,584.501
2026-03-27 13:30:00,574.008
2026-03-27 14:00:00,664.355
2026-03-27 14:30:00,703.946
2026-03-27 15:00:00,751.646
2026-03-27 15:30:00,784.9
2026-03-27 16:00:00,801.264
2026-03-27 16:30:00,759.553
2026-03-27 17:00:00,869.901
2026-03-27 17:30:00,843.248
2026-03-27 18:00:00,780.668
2026-03-27 18:30:00,802.023
2026-03-27 19:00:00,742.644
2026-03-27 19:30:00,700.183
2026-03-27 20:00:00,643.697
2026-03-27 20:30:00,626.271
2026-03-27 21:00:00,542.624
2026-03-27 21:30:00,486.678
2026-03-27 22:00:00,497.083
2026-03-27 22:30:00,423.303
2026-03-27 23:00:00,388.025
2026-03-27 23:30:00,378.176
2026-03-28 00:00:00,114.487
2026-03-28 00:30:00,119.475
2026-03-28 01:00:00,138.827
2026-03-28 01:30:00,92.659
2026-03-28 02:00:00,136.739
2026-03-28 02:30:00,112.349
2026-03-28 03:00:00,152.681
2026-03-28 03:30:00,145.049
2026-03-28 04:00:00,141.892
2026-03-28 04:30:00,91.59
2026-03-28 05:00:00,129.553
2026-03-28 05:30:00,103.285
2026-03-28 06:00:00,132.672
2026-03-28 06:30:00,77.012
2026-03-28 07:00:00,98.258
2026-03-28 07:30:00,169.179
2026-03-28 08:00:00,152.387
2026-03-28 08:30:00,139.338
2026-03-28 09:00:00,132.116
2026-03-28 09:30:00,136.327
2026-03-28 10:00:00,179.29
2026-03-28 10:30:00,179.059
2026-03-28 11:00:00,242.356
2026-03-28 11:30:00,217.824
2026-03-28 12:00:00,245.239
2026-03-28 12:30:00,232.619
2026-03-28 13:00:00,283.545
2026-03-28 13:30:00,323.105
2026-03-28 14:00:00,335.392
2026-03-28 14:30:00,357.401
2026-03-28 15:00:00,400.163
2026-03-28 15:30:00,448.772
2026-03-28 16:00:00,428.868
2026-03-28 16:30:00,462.804
2026-03-28 17:00:00,452.785
2026-03-28 17:30:00,461.308
2026-03-28 18:00:00,410.0
2026-03-28 18:30:00,405.728
2026-03-28 19:00:00,386.921
2026-03-28 19:30:00,383.199
2026-03-28 20:00:00,364.522
2026-03-28 20:30:00,321.807
2026-03-28 21:00:00,314.48
2026-03-28 21:30:00,253.248
2026-03-28 22:00:00,265.905
2026-03-28 22:30:00,247.838
2026-03-28 23:00:00,220.628
2026-03-28 23:30:00,191.004
2026-03-29 00:00:00,149.009
2026-03-29 00:30:00,108.829
2026-03-29 01:00:00,136.143
2026-03-29 01:30:00,138.707
2026-03-29 02:00:00,97.973
2026-03-29 02:30:00,143.106
2026-03-29 03:00:00,100.073
2026-03-29 03:30:00,120.684
2026-03-29 04:00:00,132.522
2026-03-29 04:30:00,113.496
2026-03-29 05:00:00,134.202
2026-03-29 05:30:00,134.38
2026-03-29 06:00:00,113.089
2026-03-29 06:30:00,149.093
2026-03-29 07:00:00,117.675
2026-03-29 07:30:00,196.653
2026-03-29 08:00:00,140.423
2026-03-29 08:30:00,118.901
2026-03-29 09:00:00,130.226
2026-03-29 09:30:00,192.123
2026-03-29 10:00:00,164.057
2026-03-29 10:30:00,153.555
2026-03-29 11:00:00,225.033
2026-03-29 11:30:00,212.054
2026-03-29 12:00:00,260.106
2026-03-29 12:30:00,290.721
2026-03-29 13:00:00,299.424
2026-03-29 13:30:00,378.578
2026-03-29 14:00:00,301.593
2026-03-29 14:30:00,349.093
2026-03-29 15:00:00,385.591
2026-03-29 15:30:00,467.431
2026-03-29 16:00:00,470.193
2026-03-29 16:30:00,466.416
2026-03-29 17:00:00,417.391
2026-03-29 17:30:00,417.261
2026-03-29 18:00:00,404.529
2026-03-29 18:30:00,391.316
2026-03-29 19:00:00,429.308
2026-03-29 19:30:00,363.448
2026-03-29 20:00:00,341.925
2026-03-29 20:30:00,338.04
2026-03-29 21:00:00,250.974
2026-03-29 21:30:00,268.648
2026-03-29 22:00:00,216.349
2026-03-29 22:30:00,215.083
2026-03-29 23:00:00,189.03
2026-03-29 23:30:00,171.7
2026-03-30 00:00:00,257.902
2026-03-30 00:30:00,257.798
2026-03-30 01:00:00,246.782
2026-03-30 01:30:00,261.563
2026-03-30 02:00:00,230.614
2026-03-30 02:30:00,269.427
2026-03-30 03:00:00,247.333
2026-03-30 03:30:00,240.566
2026-03-30 04:00:00,233.07
2026-03-30 04:30:00,247.358
2026-03-30 05:00:00,300.877
2026-03-30 05:30:00,253.641
2026-03-30 06:00:00,228.3
2026-03-30 06:30:00,282.381
2026-03-30 07:00:00,251.239
2026-03-30 07:30:00,275.273
2026-03-30 08:00:00,260.167
2026-03-30 08:30:00,316.988
2026-03-30 09:00:00,282.989
2026-03-30 09:30:00,349.241
2026-03-30 10:00:00,308.934
2026-03-30 10:30:00,353.542
2026-03-30 11:00:00,426.712
2026-03-30 11:30:00,431.979
2026-03-30 12:00:00,525.576
2026-03-30 12:30:00,507.371
2026-03-30 13:00:00,569.046
2026-03-30 13:30:00,660.476
2026-03-30 14:00:00,625.06
2026-03-30 14:30:00,669.714
2026-03-30 15:00:00,733.939
2026-03-30 15:30:00,810.529
2026-03-30 16:00:00,777.529
2026-03-30 16:30:00,849.924
2026-03-30 17:00:00,854.023
2026-03-30 17:30:00,885.358
2026-03-30 18:00:00,843.913
2026-03-30 18:30:00,799.296
2026-03-30 19:00:00,787.805
2026-03-30 19:30:00,724.13
2026-03-30 20:00:00,651.406
2026-03-30 20:30:00,584.232
2026-03-30 21:00:00,548.386
2026-03-30 21:30:00,513.097
2026-03-30 22:00:00,473.165
2026-03-30 22:30:00,374.395
2026-03-30 23:00:00,386.223
2026-03-30 23:30:00,361.579
2026-03-31 00:00:00,265.951
2026-03-31 00:30:00,292.937
2026-03-31 01:00:00,256.919
2026-03-31 01:30:00,229.557
2026-03-31 02:00:00,206.877
2026-03-31 02:30:00,269.563
2026-03-31 03:00:00,230.761
2026-03-31 03:30:00,274.329
2026-03-31 04:00:00,287.874
2026-03-31 04:30:00,214.791
2026-03-31 05:00:00,267.959
2026-03-31 05:30:00,287.54
2026-03-31 06:00:00,282.387
2026-03-31 06:30:00,207.001
2026-03-31 07:00:00,241.696
2026-03-31 07:30:00,236.175
2026-03-31 08:00:00,288.395
2026-03-31 08:30:00,295.302
2026-03-31 09:00:00,230.311
2026-03-31 09:30:00,306.773
2026-03-31 10:00:00,355.183
2026-03-31 10:30:00,364.564
2026-03-31 11:00:00,395.368
2026-03-31 11:30:00,418.65
2026-03-31 12:00:00,442.316
2026-03-31 12:30:00,513.673
2026-03-31 13:00:00,563.922
2026-03-31 13:30:00,628.229
2026-03-31 14:00:00,680.32
2026-03-31 14:30:00,712.804
2026-03-31 15:00:00,781.2
2026-03-31 15:30:00,780.822
2026-03-31 16:00:00,781.675
2026-03-31 16:30:00,846.925
2026-03-31 17:00:00,844.014
2026-03-31 17:30:00,847.422
2026-03-31 18:00:00,786.164
2026-03-31 18:30:00,834.965
2026-03-31 19:00:00,771.589
2026-03-31 19:30:00,703.457
2026-03-31 20:00:00,639.521
2026-03-31 20:30:00,639.776
2026-03-31 21:00:00,535.076
2026-03-31 21:30:00,570.633
2026-03-31 22:00:00,453.46
2026-03-31 22:30:00,470.788
2026-03-31 23:00:00,387.1
2026-03-31 23:30:00,400.383
2026-04-01 00:00:00,260.409
2026-04-01 00:30:00,279.258
2026-04-01 01:00:00,298.917
2026-04-01 01:30:00,295.371
2026-04-01 02:00:00,306.374
2026-04-01 02:30:00,266.733
2026-04-01 03:00:00,281.151
2026-04-01 03:30:00,310.429
2026-04-01 04:00:00,261.898
2026-04-01 04:30:00,294.344
2026-04-01 05:00:00,275.346
2026-04-01 05:30:00,287.201
2026-04-01 06:00:00,286.032
2026-04-01 06:30:00,266.975
2026-04-01 07:00:00,284.172
2026-04-01 07:30:00,299.995
2026-04-01 08:00:00,301.682
2026-04-01 08:30:00,354.244
2026-04-01 09:00:00,354.309
2026-04-01 09:30:00,354.584
2026-04-01 10:00:00,351.321
2026-04-01 10:30:00,378.2
2026-04-01 11:00:00,482.236
2026-04-01 11:30:00,447.498
2026-04-01 12:00:00,520.918
2026-04-01 12:30:00,577.168
2026-04-01 13:00:00,613.982
2026-04-01 13:30:00,652.218
2026-04-01 14:00:00,712.974
2026-04-01 14:30:00,771.703
2026-04-01 15:00:00,815.336
2026-04-01 15:30:00,906.457
2026-04-01 16:00:00,903.516
2026-04-01 16:30:00,909.683
2026-04-01 17:00:00,931.924
2026-04-01 17:30:00,939.477
2026-04-01 18:00:00,895.129
2026-04-01 18:30:00,895.814
2026-04-01 19:00:00,801.295
2026-04-01 19:30:00,814.648
2026-04-01 20:00:00,732.372
2026-04-01 20:30:00,676.073
2026-04-01 21:00:00,604.44
2026-04-01 21:30:00,537.448
2026-04-01 22:00:00,476.405
2026-04-01 22:30:00,453.675
2026-04-01 23:00:00,447.582
2026-04-01 23:30:00,374.768
2026-04-02 00:00:00,240.07
2026-04-02 00:30:00,256.06
2026-04-02 01:00:00,269.177
2026-04-02 01:30:00,270.181
2026-04-02 02:00:00,275.633
2026-04-02 02:30:00,304.735
2026-04-02 03:00:00,310.262
2026-04-02 03:30:00,329.355
2026-04-02 04:00:00,238.906
2026-04-02 04:30:00,258.634
2026-04-02 05:00:00,298.287
2026-04-02 05:30:00,270.704
2026-04-02 06:00:00,305.438
2026-04-02 06:30:00,291.859
2026-04-02 07:00:00,330.169
2026-04-02 07:30:00,322.439
2026-04-02 08:00:00,330.776
2026-04-02 08:30:00,304.629
2026-04-02 09:00:00,326.623
2026-04-02 09:30:00,339.703
2026-04-02 10:00:00,332.753
2026-04-02 10:30:00,435.595
2026-04-02 11:00:00,451.525
2026-04-02 11:30:00,464.119
2026-04-02 12:00:00,550.686
2026-04-02 12:30:00,552.385
2026-04-02 13:00:00,575.812
2026-04-02 13:30:00,702.457
2026-04-02 14:00:00,700.632
2026-04-02 14:30:00,780.471
2026-04-02 15:00:00,838.226
2026-04-02 15:30:00,882.901
2026-04-02 16:00:00,924.955
2026-04-02 16:30:00,937.299
2026-04-02 17:00:00,942.997
2026-04-02 17:30:00,903.009
2026-04-02 18:00:00,911.101
2026-04-02 18:30:00,835.626
2026-04-02 19:00:00,872.127
2026-04-02 19:30:00,750.301
2026-04-02 20:00:00,723.935
2026-04-02 20:30:00,644.301
2026-04-02 21:00:00,603.511
2026-04-02 21:30:00,568.48
2026-04-02 22:00:00,504.852
2026-04-02 22:30:00,501.351
2026-04-02 23:00:00,438.563
2026-04-02 23:30:00,387.228
2026-04-03 00:00:00,275.442
2026-04-03 00:30:00,309.28
2026-04-03 01:00:00,301.52
2026-04-03 01:30:00,250.349
2026-04-03 02:00:00,261.839
2026-04-03 02:30:00,290.79
2026-04-03 03:00:00,287.865
2026-04-03 03:30:00,252.959
2026-04-03 04:00:00,298.257
2026-04-03 04:30:00,257.759
2026-04-03 05:00:00,313.42
2026-04-03 05:30:00,295.291
2026-04-03 06:00:00,255.62
2026-04-03 06:30:00,273.455
2026-04-03 07:00:00,277.027
2026-04-03 07:30:00,300.368
2026-04-03 08:00:00,299.151
2026-04-03 08:30:00,286.289
2026-04-03 09:00:00,294.203
2026-04-03 09:30:00,361.06
2026-04-03 10:00:00,377.556
2026-04-03 10:30:00,401.439
2026-04-03 11:00:00,439.659
2026-04-03 11:30:00,457.272
2026-04-03 12:00:00,522.671
2026-04-03 12:30:00,631.607
2026-04-03 13:00:00,651.13
2026-04-03 13:30:00,670.063
2026-04-03 14:00:00,719.512
2026-04-03 14:30:00,713.854
2026-04-03 15:00:00,859.791
2026-04-03 15:30:00,892.93
2026-04-03 16:00:00,890.149
2026-04-03 16:30:00,886.985
2026-04-03 17:00:00,900.368
2026-04-03 17:30:00,933.888
2026-04-03 18:00:00,901.511
2026-04-03 18:30:00,890.554
2026-04-03 19:00:00,835.234
2026-04-03 19:30:00,809.534
2026-04-03 20:00:00,741.835
2026-04-03 20:30:00,697.993
2026-04-03 21:00:00,569.523
2026-04-03 21:30:00,537.285
2026-04-03 22:00:00,508.963
2026-04-03 22:30:00,499.734
2026-04-03 23:00:00,479.904
2026-04-03 23:30:00,394.694
2026-04-04 00:00:00,129.677
2026-04-04 00:30:00,96.095
2026-04-04 01:00:00,166.564
2026-04-04 01:30:00,131.231
2026-04-04 02:00:00,218.963
2026-04-04 02:30:00,126.553
2026-04-04 03:00:00,197.728
2026-04-04 03:30:00,163.903
2026-04-04 04:00:00,119.648
2026-04-04 04:30:00,151.42
2026-04-04 05:00:00,165.313
2026-04-04 05:30:00,141.037
2026-04-04 06:00:00,168.587
2026-04-04 06:30:00,169.473
2026-04-04 07:00:00,166.067
2026-04-04 07:30:00,153.701
2026-04-04 08:00:00,128.837
2026-04-04 08:30:00,161.842
2026-04-04 09:00:00,175.513
2026-04-04 09:30:00,133.713
2026-04-04 10:00:00,196.839
2026-04-04 10:30:00,204.956
2026-04-04 11:00:00,192.687
2026-04-04 11:30:00,237.502
2026-04-04 12:00:00,261.601
2026-04-04 12:30:00,343.687
2026-04-04 13:00:00,328.821
2026-04-04 13:30:00,378.083
2026-04-04 14:00:00,378.005
2026-04-04 14:30:00,361.542
2026-04-04 15:00:00,450.007
2026-04-04 15:30:00,437.643
2026-04-04 16:00:00,461.557
2026-04-04 16:30:00,453.52
2026-04-04 17:00:00,485.029
2026-04-04 17:30:00,506.474
2026-04-04 18:00:00,493.266
2026-04-04 18:30:00,493.752
2026-04-04 19:00:00,476.397
2026-04-04 19:30:00,357.243
2026-04-04 20:00:00,351.109
2026-04-04 20:30:00,306.977
2026-04-04 21:00:00,339.116
2026-04-04 21:30:00,278.108
2026-04-04 22:00:00,257.168
2026-04-04 22:30:00,240.412
2026-04-04 23:00:00,234.667
2026-04-04 23:30:00,170.243
2026-04-05 00:00:00,113.495
2026-04-05 00:30:00,145.002
2026-04-05 01:00:00,174.944
2026-04-05 01:30:00,144.351
2026-04-05 02:00:00,125.213
2026-04-05 02:30:00,91.333
2026-04-05 03:00:00,168.913
2026-04-05 03:30:00,126.796
2026-04-05 04:00:00,116.669
2026-04-05 04:30:00,102.733
2026-04-05 05:00:00,110.051
2026-04-05 05:30:00,122.638
2026-04-05 06:00:00,141.666
2026-04-05 06:30:00,118.856
2026-04-05 07:00:00,155.801
2026-04-05 07:30:00,147.952
2026-04-05 08:00:00,213.76
2026-04-05 08:30:00,121.15
2026-04-05 09:00:00,175.148
2026-04-05 09:30:00,184.964
2026-04-05 10:00:00,166.844
2026-04-05 10:30:00,209.757
2026-04-05 11:00:00,244.343
2026-04-05 11:30:00,248.24
2026-04-05 12:00:00,304.009
2026-04-05 12:30:00,240.993
2026-04-05 13:00:00,302.262
2026-04-05 13:30:00,389.058
2026-04-05 14:00:00,403.751
2026-04-05 14:30:00,421.903
2026-04-05 15:00:00,464.028
2026-04-05 15:30:00,406.184
2026-04-05 16:00:00,489.837
2026-04-05 16:30:00,506.454
2026-04-05 17:00:00,466.742
2026-04-05 17:30:00,545.575
2026-04-05 18:00:00,474.856
2026-04-05 18:30:00,399.278
2026-04-05 19:00:00,442.73
2026-04-05 19:30:00,390.394
2026-04-05 20:00:00,410.075
2026-04-05 20:30:00,365.881
2026-04-05 21:00:00,308.37
2026-04-05 21:30:00,332.996
2026-04-05 22:00:00,292.883
2026-04-05 22:30:00,225.129
2026-04-05 23:00:00,221.302
2026-04-05 23:30:00,220.299
2026-04-06 00:00:00,269.675
2026-04-06 00:30:00,270.427
2026-04-06 01:00:00,279.716
2026-04-06 01:30:00,252.174
2026-04-06 02:00:00,223.036
2026-04-06 02:30:00,284.898
2026-04-06 03:00:00,229.309
2026-04-06 03:30:00,254.393
2026-04-06 04:00:00,235.239
2026-04-06 04:30:00,238.82
2026-04-06 05:00:00,291.484
2026-04-06 05:30:00,276.497
2026-04-06 06:00:00,277.458
2026-04-06 06:30:00,253.784
2026-04-06 07:00:00,274.293
2026-04-06 07:30:00,305.783
2026-04-06 08:00:00,302.948
2026-04-06 08:30:00,335.493
2026-04-06 09:00:00,353.187
2026-04-06 09:30:00,341.029
2026-04-06 10:00:00,324.094
2026-04-06 10:30:00,379.884
2026-04-06 11:00:00,430.448
2026-04-06 11:30:00,453.333
2026-04-06 12:00:00,491.706
2026-04-06 12:30:00,569.888
2026-04-06 13:00:00,682.523
2026-04-06 13:30:00,665.068
2026-04-06 14:00:00,732.526
2026-04-06 14:30:00,752.565
2026-04-06 15:00:00,864.158
2026-04-06 15:30:00,895.133
2026-04-06 16:00:00,923.888
2026-04-06 16:30:00,956.773
2026-04-06 17:00:00,918.566
2026-04-06 17:30:00,915.217
2026-04-06 18:00:00,946.491
2026-04-06 18:30:00,889.083
2026-04-06 19:00:00,777.593
2026-04-06 19:30:00,796.736
2026-04-06 20:00:00,718.054
2026-04-06 20:30:00,699.727
2026-04-06 21:00:00,631.97
2026-04-06 21:30:00,524.63
2026-04-06 22:00:00,524.792
2026-04-06 22:30:00,478.011
2026-04-06 23:00:00,441.977
2026-04-06 23:30:00,413.189
2026-04-07 00:00:00,316.18
2026-04-07 00:30:00,289.134
2026-04-07 01:00:00,279.371
2026-04-07 01:30:00,307.518
2026-04-07 02:00:00,334.924
2026-04-07 02:30:00,301.797
2026-04-07 03:00:00,284.186
2026-04-07 03:30:00,290.032
2026-04-07 04:00:00,285.93
2026-04-07 04:30:00,280.494
2026-04-07 05:00:00,334.954
2026-04-07 05:30:00,263.328
2026-04-07 06:00:00,312.791
2026-04-07 06:30:00,283.535
2026-04-07 07:00:00,253.678
2026-04-07 07:30:00,291.664
2026-04-07 08:00:00,290.581
2026-04-07 08:30:00,329.365
2026-04-07 09:00:00,331.342
2026-04-07 09:30:00,321.784
2026-04-07 10:00:00,407.175
2026-04-07 10:30:00,426.054
2026-04-07 11:00:00,472.542
2026-04-07 11:30:00,478.669
2026-04-07 12:00:00,517.178
2026-04-07 12:30:00,585.733
2026-04-07 13:00:00,607.329
2026-04-07 13:30:00,680.525
2026-04-07 14:00:00,728.204
2026-04-07 14:30:00,748.84
2026-04-07 15:00:00,836.26
2026-04-07 15:30:00,862.24
2026-04-07 16:00:00,897.681
2026-04-07 16:30:00,931.872
2026-04-07 17:00:00,961.063
2026-04-07 17:30:00,901.558
2026-04-07 18:00:00,895.331
2026-04-07 18:30:00,854.137
2026-04-07 19:00:00,812.319
2026-04-07 19:30:00,770.501
2026-04-07 20:00:00,727.685
2026-04-07 20:30:00,691.92
2026-04-07 21:00:00,629.777
2026-04-07 21:30:00,541.723
2026-04-07 22:00:00,550.425
2026-04-07 22:30:00,496.355
2026-04-07 23:00:00,410.361
2026-04-07 23:30:00,429.403
2026-04-08 00:00:00,286.955
2026-04-08 00:30:00,274.876
2026-04-08 01:00:00,287.75
2026-04-08 01:30:00,278.174
2026-04-08 02:00:00,292.482
2026-04-08 02:30:00,283.603
2026-04-08 03:00:00,270.595
2026-04-08 03:30:00,228.573
2026-04-08 04:00:00,292.709
2026-04-08 04:30:00,270.689
2026-04-08 05:00:00,300.273
2026-04-08 05:30:00,294.096
2026-04-08 06:00:00,275.227
2026-04-08 06:30:00,312.256
2026-04-08 07:00:00,295.81
2026-04-08 07:30:00,300.463
2026-04-08 08:00:00,300.797
2026-04-08 08:30:00,357.015
2026-04-08 09:00:00,311.228
2026-04-08 09:30:00,339.268
2026-04-08 10:00:00,339.467
2026-04-08 10:30:00,416.969
2026-04-08 11:00:00,418.337
2026-04-08 11:30:00,460.994
2026-04-08 12:00:00,505.148
2026-04-08 12:30:00,569.712
2026-04-08 13:00:00,590.497
2026-04-08 13:30:00,621.192
2026-04-08 14:00:00,744.039
2026-04-08 14:30:00,732.526
2026-04-08 15:00:00,854.427
2026-04-08 15:30:00,912.228
2026-04-08 16:00:00,899.639
2026-04-08 16:30:00,955.265
2026-04-08 17:00:00,928.644
2026-04-08 17:30:00,962.759
2026-04-08 18:00:00,892.339
2026-04-08 18:30:00,814.142
2026-04-08 19:00:00,831.075
2026-04-08 19:30:00,828.065
2026-04-08 20:00:00,745.97
2026-04-08 20:30:00,664.39
2026-04-08 21:00:00,629.988
2026-04-08 21:30:00,592.422
2026-04-08 22:00:00,515.931
2026-04-08 22:30:00,538.405
2026-04-08 23:00:00,419.955
2026-04-08 23:30:00,423.863
2026-04-09 00:00:00,297.83
2026-04-09 00:30:00,261.291
2026-04-09 01:00:00,268.187
2026-04-09 01:30:00,304.271
2026-04-09 02:00:00,282.475
2026-04-09 02:30:00,287.372
2026-04-09 03:00:00,238.132
2026-04-09 03:30:00,295.619
2026-04-09 04:00:00,286.711
2026-04-09 04:30:00,278.433
2026-04-09 05:00:00,289.847
2026-04-09 05:30:00,271.824
2026-04-09 06:00:00,269.121
2026-04-09 06:30:00,280.635
2026-04-09 07:00:00,279.084
2026-04-09 07:30:00,350.885
2026-04-09 08:00:00,327.047
2026-04-09 08:30:00,290.714
2026-04-09 09:00:00,379.967
2026-04-09 09:30:00,336.513
2026-04-09 10:00:00,371.136
2026-04-09 10:30:00,421.236
2026-04-09 11:00:00,383.641
2026-04-09 11:30:00,466.819
2026-04-09 12:00:00,503.738
2026-04-09 12:30:00,573.271
2026-04-09 13:00:00,631.017
2026-04-09 13:30:00,675.342
2026-04-09 14:00:00,729.505
2026-04-09 14:30:00,811.994
2026-04-09 15:00:00,840.61
2026-04-09 15:30:00,874.3
2026-04-09 16:00:00,907.441
2026-04-09 16:30:00,968.675
2026-04-09 17:00:00,933.567
2026-04-09 17:30:00,909.916
2026-04-09 18:00:00,856.02
2026-04-09 18:30:00,837.416
2026-04-09 19:00:00,821.398
2026-04-09 19:30:00,782.656
2026-04-09 20:00:00,718.705
2026-04-09 20:30:00,686.052
2026-04-09 21:00:00,607.553
2026-04-09 21:30:00,545.282
2026-04-09 22:00:00,533.387
2026-04-09 22:30:00,506.98
2026-04-09 23:00:00,405.211
2026-04-09 23:30:00,404.893
2026-04-10 00:00:00,231.156
2026-04-10 00:30:00,241.924
2026-04-10 01:00:00,264.079
2026-04-10 01:30:00,307.191
2026-04-10 02:00:00,259.388
2026-04-10 02:30:00,258.517
2026-04-10 03:00:00,279.933
2026-04-10 03:30:00,280.146
2026-04-10 04:00:00,259.901
2026-04-10 04:30:00,329.686
2026-04-10 05:00:00,274.191
2026-04-10 05:30:00,284.894
2026-04-10 06:00:00,273.874
2026-04-10 06:30:00,297.681
2026-04-10 07:00:00,321.563
2026-04-10 07:30:00,337.963
2026-04-10 08:00:00,285.193
2026-04-10 08:30:00,342.446
2026-04-10 09:00:00,342.802
2026-04-10 09:30:00,371.698
2026-04-10 10:00:00,368.103
2026-04-10 10:30:00,394.124
2026-04-10 11:00:00,456.283
2026-04-10 11:30:00,496.612
2026-04-10 12:00:00,557.214
2026-04-10 12:30:00,573.108
2026-04-10 13:00:00,619.093
2026-04-10 13:30:00,615.777
2026-04-10 14:00:00,692.314
2026-04-10 14:30:00,775.509
2026-04-10 15:00:00,805.547
2026-04-10 15:30:00,893.618
2026-04-10 16:00:00,870.994
2026-04-10 16:30:00,910.245
2026-04-10 17:00:00,917.699
2026-04-10 17:30:00,952.896
2026-04-10 18:00:00,888.539
2026-04-10 18:30:00,884.575
2026-04-10 19:00:00,837.966
2026-04-10 19:30:00,807.948
2026-04-10 20:00:00,753.851
2026-04-10 20:30:00,676.437
2026-04-10 21:00:00,579.358
2026-04-10 21:30:00,562.351
2026-04-10 22:00:00,517.572
2026-04-10 22:30:00,479.895
2026-04-10 23:00:00,414.452
2026-04-10 23:30:00,427.323
2026-04-11 00:00:00,145.307
2026-04-11 00:30:00,121.957
2026-04-11 01:00:00,133.519
2026-04-11 01:30:00,193.199
2026-04-11 02:00:00,161.614
2026-04-11 02:30:00,171.25
2026-04-11 03:00:00,119.056
2026-04-11 03:30:00,127.973
2026-04-11 04:00:00,128.32
2026-04-11 04:30:00,150.226
2026-04-11 05:00:00,141.679
2026-04-11 05:30:00,134.431
2026-04-11 06:00:00,138.536
2026-04-11 06:30:00,129.224
2026-04-11 07:00:00,146.662
2026-04-11 07:30:00,181.944
2026-04-11 08:00:00,120.382
2026-04-11 08:30:00,172.423
2026-04-11 09:00:00,205.613
2026-04-11 09:30:00,176.034
2026-04-11 10:00:00,179.386
2026-04-11 10:30:00,230.482
2026-04-11 11:00:00,200.498
2026-04-11 11:30:00,245.26
2026-04-11 12:00:00,243.401
2026-04-11 12:30:00,248.682
2026-04-11 13:00:00,319.518
2026-04-11 13:30:00,320.597
2026-04-11 14:00:00,380.658
2026-04-11 14:30:00,436.266
2026-04-11 15:00:00,479.554
2026-04-11 15:30:00,456.436
2026-04-11 16:00:00,495.428
2026-04-11 16:30:00,489.818
2026-04-11 17:00:00,473.632
2026-04-11 17:30:00,431.725
2026-04-11 18:00:00,510.609
2026-04-11 18:30:00,427.87
2026-04-11 19:00:00,467.767
2026-04-11 19:30:00,421.81
2026-04-11 20:00:00,356.55
2026-04-11 20:30:00,359.982
2026-04-11 21:00:00,376.641
2026-04-11 21:30:00,333.826
2026-04-11 22:00:00,256.579
2026-04-11 22:30:00,228.028
2026-04-11 23:00:00,227.608
2026-04-11 23:30:00,203.238
2026-04-12 00:00:00,174.96
2026-04-12 00:30:00,163.459
2026-04-12 01:00:00,102.669
2026-04-12 01:30:00,156.453
2026-04-12 02:00:00,140.527
2026-04-12 02:30:00,145.966
2026-04-12 03:00:00,151.32
2026-04-12 03:30:00,175.162
2026-04-12 04:00:00,169.8
2026-04-12 04:30:00,126.872
2026-04-12 05:00:00,144.564
2026-04-12 05:30:00,135.455
2026-04-12 06:00:00,105.591
2026-04-12 06:30:00,146.34
2026-04-12 07:00:00,197.277
2026-04-12 07:30:00,111.312
2026-04-12 08:00:00,157.609
2026-04-12 08:30:00,162.358
2026-04-12 09:00:00,178.304
2026-04-12 09:30:00,156.546
2026-04-12 10:00:00,156.98
2026-04-12 10:30:00,172.911
2026-04-12 11:00:00,258.376
2026-04-12 11:30:00,221.26
2026-04-12 12:00:00,256.908
2026-04-12 12:30:00,348.051
2026-04-12 13:00:00,304.962
2026-04-12 13:30:00,360.742
2026-04-12 14:00:00,407.545
2026-04-12 14:30:00,433.783
2026-04-12 15:00:00,399.909
2026-04-12 15:30:00,436.264
2026-04-12 16:00:00,477.506
2026-04-12 16:30:00,528.07
2026-04-12 17:00:00,464.172
2026-04-12 17:30:00,467.504
2026-04-12 18:00:00,480.437
2026-04-12 18:30:00,469.589
2026-04-12 19:00:00,450.204
2026-04-12 19:30:00,387.231
2026-04-12 20:00:00,367.649
2026-04-12 20:30:00,357.57
2026-04-12 21:00:00,354.876
2026-04-12 21:30:00,289.473
2026-04-12 22:00:00,268.84
2026-04-12 22:30:00,220.179
2026-04-12 23:00:00,271.684
2026-04-12 23:30:00,211.233
2026-04-13 00:00:00,305.725
2026-04-13 00:30:00,279.535
2026-04-13 01:00:00,280.93
2026-04-13 01:30:00,241.311
2026-04-13 02:00:00,225.086
2026-04-13 02:30:00,310.217
2026-04-13 03:00:00,280.983
2026-04-13 03:30:00,284.38
2026-04-13 04:00:00,248.303
2026-04-13 04:30:00,257.454
2026-04-13 05:00:00,307.382
2026-04-13 05:30:00,325.558
2026-04-13 06:00:00,268.386
2026-04-13 06:30:00,303.469
2026-04-13 07:00:00,295.439
2026-04-13 07:30:00,293.358
2026-04-13 08:00:00,350.549
2026-04-13 08:30:00,303.596
2026-04-13 09:00:00,360.078
2026-04-13 09:30:00,356.87
2026-04-13 10:00:00,369.978
2026-04-13 10:30:00,433.101
2026-04-13 11:00:00,440.144
2026-04-13 11:30:00,470.334
2026-04-13 12:00:00,552.557
2026-04-13 12:30:00,599.376
2026-04-13 13:00:00,651.815
2026-04-13 13:30:00,580.078
2026-04-13 14:00:00,743.6
2026-04-13 14:30:00,790.668
2026-04-13 15:00:00,832.202
2026-04-13 15:30:00,888.509
2026-04-13 16:00:00,910.258
2026-04-13 16:30:00,939.723
2026-04-13 17:00:00,922.551
2026-04-13 17:30:00,960.232
2026-04-13 18:00:00,923.218
2026-04-13 18:30:00,886.828
2026-04-13 19:00:00,845.416
2026-04-13 19:30:00,814.297
2026-04-13 20:00:00,758.138
2026-04-13 20:30:00,674.454
2026-04-13 21:00:00,646.523
2026-04-13 21:30:00,572.495
2026-04-13 22:00:00,565.995
2026-04-13 22:30:00,500.188
2026-04-13 23:00:00,417.25
2026-04-13 23:30:00,457.068
2026-04-14 00:00:00,226.23
2026-04-14 00:30:00,294.721
2026-04-14 01:00:00,261.392
2026-04-14 01:30:00,325.873
2026-04-14 02:00:00,285.175
2026-04-14 02:30:00,259.075
2026-04-14 03:00:00,272.369
2026-04-14 03:30:00,261.371
2026-04-14 04:00:00,271.885
2026-04-14 04:30:00,271.815
2026-04-14 05:00:00,262.046
2026-04-14 05:30:00,288.806
2026-04-14 06:00:00,293.699
2026-04-14 06:30:00,261.774
2026-04-14 07:00:00,249.232
2026-04-14 07:30:00,304.145
2026-04-14 08:00:00,317.548
2026-04-14 08:30:00,333.181
2026-04-14 09:00:00,342.839
2026-04-14 09:30:00,386.652
2026-04-14 10:00:00,395.327
2026-04-14 10:30:00,465.796
2026-04-14 11:00:00,510.407
2026-04-14 11:30:00,428.792
2026-04-14 12:00:00,463.143
2026-04-14 12:30:00,567.959
2026-04-14 13:00:00,634.371
2026-04-14 13:30:00,675.376
2026-04-14 14:00:00,750.186
2026-04-14 14:30:00,778.609
2026-04-14 15:00:00,815.724
2026-04-14 15:30:00,859.692
2026-04-14 16:00:00,898.74
2026-04-14 16:30:00,943.865
2026-04-14 17:00:00,917.081
2026-04-14 17:30:00,915.553
2026-04-14 18:00:00,918.0
2026-04-14 18:30:00,868.294
2026-04-14 19:00:00,860.991
2026-04-14 19:30:00,762.378
2026-04-14 20:00:00,704.187
2026-04-14 20:30:00,684.889
2026-04-14 21:00:00,631.873
2026-04-14 21:30:00,546.52
2026-04-14 22:00:00,551.661
2026-04-14 22:30:00,520.868
2026-04-14 23:00:00,417.194
2026-04-14 23:30:00,435.983
2026-04-15 00:00:00,219.228
2026-04-15 00:30:00,305.69
2026-04-15 01:00:00,257.354
2026-04-15 01:30:00,303.22
2026-04-15 02:00:00,254.823
2026-04-15 02:30:00,277.208
2026-04-15 03:00:00,258.778
2026-04-15 03:30:00,273.872
2026-04-15 04:00:00,325.277
2026-04-15 04:30:00,277.332
2026-04-15 05:00:00,333.582
2026-04-15 05:30:00,272.409
2026-04-15 06:00:00,321.212
2026-04-15 06:30:00,246.039
2026-04-15 07:00:00,283.526
2026-04-15 07:30:00,282.969
2026-04-15 08:00:00,342.693
2026-04-15 08:30:00,319.557
2026-04-15 09:00:00,276.858
2026-04-15 09:30:00,314.581
2026-04-15 10:00:00,345.083
2026-04-15 10:30:00,422.152
2026-04-15 11:00:00,453.016
2026-04-15 11:30:00,465.235
2026-04-15 12:00:00,504.359
2026-04-15 12:30:00,586.054
2026-04-15 13:00:00,593.527
2026-04-15 13:30:00,688.715
2026-04-15 14:00:00,741.909
2026-04-15 14:30:00,778.501
2026-04-15 15:00:00,843.015
2026-04-15 15:30:00,875.817
2026-04-15 16:00:00,916.18
2026-04-15 16:30:00,889.425
2026-04-15 17:00:00,944.613
2026-04-15 17:30:00,948.443
2026-04-15 18:00:00,911.768
2026-04-15 18:30:00,888.295
2026-04-15 19:00:00,830.325
2026-04-15 19:30:00,807.649
2026-04-15 20:00:00,734.227
2026-04-15 20:30:00,648.575
2026-04-15 21:00:00,642.271
2026-04-15 21:30:00,527.29
2026-04-15 22:00:00,525.141
2026-04-15 22:30:00,463.139
2026-04-15 23:00:00,421.687
2026-04-15 23:30:00,403.1
2026-04-16 00:00:00,261.049
2026-04-16 00:30:00,291.592
2026-04-16 01:00:00,280.218
2026-04-16 01:30:00,263.386
2026-04-16 02:00:00,312.31
2026-04-16 02:30:00,284.039
2026-04-16 03:00:00,294.801
2026-04-16 03:30:00,314.634
2026-04-16 04:00:00,314.534
2026-04-16 04:30:00,294.525
2026-04-16 05:00:00,273.258
2026-04-16 05:30:00,246.312
2026-04-16 06:00:00,289.086
2026-04-16 06:30:00,314.046
2026-04-16 07:00:00,299.547
2026-04-16 07:30:00,210.257
2026-04-16 08:00:00,326.002
2026-04-16 08:30:00,338.213
2026-04-16 09:00:00,321.529
2026-04-16 09:30:00,372.044
2026-04-16 10:00:00,386.099
2026-04-16 10:30:00,381.663
2026-04-16 11:00:00,464.673
2026-04-16 11:30:00,441.058
2026-04-16 12:00:00,516.64
2026-04-16 12:30:00,564.219
2026-04-16 13:00:00,601.13
2026-04-16 13:30:00,684.868
2026-04-16 14:00:00,765.355
2026-04-16 14:30:00,816.559
2026-04-16 15:00:00,851.165
2026-04-16 15:30:00,830.866
2026-04-16 16:00:00,870.346
2026-04-16 16:30:00,926.932
2026-04-16 17:00:00,928.394
2026-04-16 17:30:00,910.326
2026-04-16 18:00:00,951.378
2026-04-16 18:30:00,875.911
2026-04-16 19:00:00,846.634
2026-04-16 19:30:00,810.063
2026-04-16 20:00:00,733.97
2026-04-16 20:30:00,742.05
2026-04-16 21:00:00,598.256
2026-04-16 21:30:00,552.992
2026-04-16 22:00:00,494.501
2026-04-16 22:30:00,511.811
2026-04-16 23:00:00,452.943
2026-04-16 23:30:00,385.197
2026-04-17 00:00:00,257.184
2026-04-17 00:30:00,313.409
2026-04-17 01:00:00,287.84
2026-04-17 01:30:00,314.079
2026-04-17 02:00:00,277.352
2026-04-17 02:30:00,291.708
2026-04-17 03:00:00,286.537
2026-04-17 03:30:00,263.616
2026-04-17 04:00:00,275.925
2026-04-17 04:30:00,250.423
2026-04-17 05:00:00,293.177
2026-04-17 05:30:00,301.086
2026-04-17 06:00:00,308.672
2026-04-17 06:30:00,303.345
2026-04-17 07:00:00,287.484
2026-04-17 07:30:00,335.171
2026-04-17 08:00:00,326.558
2026-04-17 08:30:00,349.64
2026-04-17 09:00:00,365.342
2026-04-17 09:30:00,344.195
2026-04-17 10:00:00,380.097
2026-04-17 10:30:00,418.164
2026-04-17 11:00:00,404.162
2026-04-17 11:30:00,444.571
2026-04-17 12:00:00,485.589
2026-04-17 12:30:00,565.442
2026-04-17 13:00:00,613.433
2026-04-17 13:30:00,641.381
2026-04-17 14:00:00,736.33
2026-04-17 14:30:00,782.975
2026-04-17 15:00:00,862.629
2026-04-17 15:30:00,923.589
2026-04-17 16:00:00,915.156
2026-04-17 16:30:00,905.362
2026-04-17 17:00:00,945.418
2026-04-17 17:30:00,923.01
2026-04-17 18:00:00,897.741
2026-04-17 18:30:00,851.724
2026-04-17 19:00:00,821.468
2026-04-17 19:30:00,780.921
2026-04-17 20:00:00,752.698
2026-04-17 20:30:00,690.049
2026-04-17 21:00:00,667.405
2026-04-17 21:30:00,585.003
2026-04-17 22:00:00,528.679
2026-04-17 22:30:00,465.089
2026-04-17 23:00:00,406.954
2026-04-17 23:30:00,384.553
2026-04-18 00:00:00,127.47
2026-04-18 00:30:00,80.947
2026-04-18 01:00:00,119.759
2026-04-18 01:30:00,185.041
2026-04-18 02:00:00,154.22
2026-04-18 02:30:00,135.625
2026-04-18 03:00:00,155.058
2026-04-18 03:30:00,96.359
2026-04-18 04:00:00,152.408
2026-04-18 04:30:00,177.553
2026-04-18 05:00:00,143.001
2026-04-18 05:30:00,102.369
2026-04-18 06:00:00,137.289
2026-04-18 06:30:00,181.056
2026-04-18 07:00:00,157.624
2026-04-18 07:30:00,118.655
2026-04-18 08:00:00,217.401
2026-04-18 08:30:00,132.416
2026-04-18 09:00:00,165.038
2026-04-18 09:30:00,154.679
2026-04-18 10:00:00,166.708
2026-04-18 10:30:00,196.072
2026-04-18 11:00:00,241.007
2026-04-18 11:30:00,278.091
2026-04-18 12:00:00,259.743
2026-04-18 12:30:00,270.181
2026-04-18 13:00:00,335.284
2026-04-18 13:30:00,364.881
2026-04-18 14:00:00,386.959
2026-04-18 14:30:00,415.284
2026-04-18 15:00:00,430.384
2026-04-18 15:30:00,456.551
2026-04-18 16:00:00,465.406
2026-04-18 16:30:00,506.6
2026-04-18 17:00:00,538.921
2026-04-18 17:30:00,484.336
2026-04-18 18:00:00,469.783
2026-04-18 18:30:00,460.494
2026-04-18 19:00:00,416.75
2026-04-18 19:30:00,427.514
2026-04-18 20:00:00,391.979
2026-04-18 20:30:00,341.67
2026-04-18 21:00:00,345.87
2026-04-18 21:30:00,295.91
2026-04-18 22:00:00,245.146
2026-04-18 22:30:00,254.617
2026-04-18 23:00:00,231.028
2026-04-18 23:30:00,231.387
2026-04-19 00:00:00,165.755
2026-04-19 00:30:00,142.239
2026-04-19 01:00:00,133.173
2026-04-19 01:30:00,145.029
2026-04-19 02:00:00,154.087
2026-04-19 02:30:00,157.132
2026-04-19 03:00:00,152.631
2026-04-19 03:30:00,142.925
2026-04-19 04:00:00,170.276
2026-04-19 04:30:00,128.758
2026-04-19 05:00:00,208.014
2026-04-19 05:30:00,165.745
2026-04-19 06:00:00,119.45
2026-04-19 06:30:00,153.705
2026-04-19 07:00:00,170.475
2026-04-19 07:30:00,145.379
2026-04-19 08:00:00,120.831
2026-04-19 08:30:00,137.785
2026-04-19 09:00:00,184.663
2026-04-19 09:30:00,136.749
2026-04-19 10:00:00,156.374
2026-04-19 10:30:00,220.797
2026-04-19 11:00:00,219.539
2026-04-19 11:30:00,228.433
2026-04-19 12:00:00,257.029
2026-04-19 12:30:00,258.665
2026-04-19 13:00:00,335.429
2026-04-19 13:30:00,332.018
2026-04-19 14:00:00,367.556
2026-04-19 14:30:00,417.06
2026-04-19 15:00:00,426.782
2026-04-19 15:30:00,436.481
2026-04-19 16:00:00,420.211
2026-04-19 16:30:00,489.03
2026-04-19 17:00:00,485.185
2026-04-19 17:30:00,466.91
2026-04-19 18:00:00,444.012
2026-04-19 18:30:00,454.417
2026-04-19 19:00:00,445.21
2026-04-19 19:30:00,410.834
2026-04-19 20:00:00,421.902
2026-04-19 20:30:00,369.801
2026-04-19 21:00:00,320.636
2026-04-19 21:30:00,313.892
2026-04-19 22:00:00,270.614
2026-04-19 22:30:00,246.957
2026-04-19 23:00:00,257.512
2026-04-19 23:30:00,184.925
2026-04-20 00:00:00,279.364
2026-04-20 00:30:00,308.53
2026-04-20 01:00:00,286.523
2026-04-20 01:30:00,269.592
2026-04-20 02:00:00,236.201
2026-04-20 02:30:00,222.161
2026-04-20 03:00:00,330.936
2026-04-20 03:30:00,286.932
2026-04-20 04:00:00,264.927
2026-04-20 04:30:00,288.767
2026-04-20 05:00:00,257.133
2026-04-20 05:30:00,273.775
2026-04-20 06:00:00,260.395
2026-04-20 06:30:00,251.35
2026-04-20 07:00:00,238.064
2026-04-20 07:30:00,256.43
2026-04-20 08:00:00,329.782
2026-04-20 08:30:00,290.254
2026-04-20 09:00:00,342.432
2026-04-20 09:30:00,371.251
2026-04-20 10:00:00,370.814
2026-04-20 10:30:00,391.336
2026-04-20 11:00:00,436.216
2026-04-20 11:30:00,462.329
2026-04-20 12:00:00,548.169
2026-04-20 12:30:00,615.057
2026-04-20 13:00:00,658.011
2026-04-20 13:30:00,623.484
2026-04-20 14:00:00,721.67
2026-04-20 14:30:00,785.469
2026-04-20 15:00:00,844.65
2026-04-20 15:30:00,830.082
2026-04-20 16:00:00,860.158
2026-04-20 16:30:00,955.447
2026-04-20 17:00:00,915.272
2026-04-20 17:30:00,885.593
2026-04-20 18:00:00,876.153
2026-04-20 18:30:00,883.026
2026-04-20 19:00:00,812.51
2026-04-20 19:30:00,791.406
2026-04-20 20:00:00,708.128
2026-04-20 20:30:00,633.668
2026-04-20 21:00:00,657.375
2026-04-20 21:30:00,578.099
2026-04-20 22:00:00,509.728
2026-04-20 22:30:00,459.711
2026-04-20 23:00:00,469.513
2026-04-20 23:30:00,413.589
2026-04-21 00:00:00,307.452
2026-04-21 00:30:00,264.195
2026-04-21 01:00:00,280.065
2026-04-21 01:30:00,288.874
2026-04-21 02:00:00,265.104
2026-04-21 02:30:00,276.532
2026-04-21 03:00:00,264.441
2026-04-21 03:30:00,289.195
2026-04-21 04:00:00,246.494
2026-04-21 04:30:00,294.33
2026-04-21 05:00:00,288.593
2026-04-21 05:30:00,276.972
2026-04-21 06:00:00,295.156
2026-04-21 06:30:00,277.558
2026-04-21 07:00:00,273.936
2026-04-21 07:30:00,309.965
2026-04-21 08:00:00,318.925
2026-04-21 08:30:00,302.244
2026-04-21 09:00:00,314.233
2026-04-21 09:30:00,342.76
2026-04-21 10:00:00,356.6
2026-04-21 10:30:00,436.928
2026-04-21 11:00:00,440.802
2026-04-21 11:30:00,473.11
2026-04-21 12:00:00,494.753
2026-04-21 12:30:00,586.619
2026-04-21 13:00:00,606.475
2026-04-21 13:30:00,660.954
2026-04-21 14:00:00,751.911
2026-04-21 14:30:00,795.049
2026-04-21 15:00:00,770.487
2026-04-21 15:30:00,869.32
2026-04-21 16:00:00,906.883
2026-04-21 16:30:00,914.288
2026-04-21 17:00:00,933.259
2026-04-21 17:30:00,877.535
2026-04-21 18:00:00,832.969
2026-04-21 18:30:00,848.878
2026-04-21 19:00:00,840.129
2026-04-21 19:30:00,704.742
2026-04-21 20:00:00,711.507
2026-04-21 20:30:00,629.204
2026-04-21 21:00:00,615.7
2026-04-21 21:30:00,617.092
2026-04-21 22:00:00,512.642
2026-04-21 22:30:00,470.057
2026-04-21 23:00:00,453.871
2026-04-21 23:30:00,399.333
2026-04-22 00:00:00,273.406
2026-04-22 00:30:00,301.953
2026-04-22 01:00:00,290.595
2026-04-22 01:30:00,286.034
2026-04-22 02:00:00,275.386
2026-04-22 02:30:00,270.268
2026-04-22 03:00:00,301.96
2026-04-22 03:30:00,270.807
2026-04-22 04:00:00,310.31
2026-04-22 04:30:00,253.852
2026-04-22 05:00:00,316.669
2026-04-22 05:30:00,293.856
2026-04-22 06:00:00,259.705
2026-04-22 06:30:00,299.406
2026-04-22 07:00:00,274.431
2026-04-22 07:30:00,297.207
2026-04-22 08:00:00,292.084
2026-04-22 08:30:00,311.603
2026-04-22 09:00:00,352.596
2026-04-22 09:30:00,360.297
2026-04-22 10:00:00,342.266
2026-04-22 10:30:00,372.098
2026-04-22 11:00:00,439.66
2026-04-22 11:30:00,481.325
2026-04-22 12:00:00,501.21
2026-04-22 12:30:00,607.927
2026-04-22 13:00:00,642.103
2026-04-22 13:30:00,661.634
2026-04-22 14:00:00,714.54
2026-04-22 14:30:00,779.67
2026-04-22 15:00:00,824.777
2026-04-22 15:30:00,904.668
2026-04-22 16:00:00,928.358
2026-04-22 16:30:00,923.654
2026-04-22 17:00:00,946.198
2026-04-22 17:30:00,943.352
2026-04-22 18:00:00,905.201
2026-04-22 18:30:00,883.33
2026-04-22 19:00:00,847.928
2026-04-22 19:30:00,797.556
2026-04-22 20:00:00,713.126
2026-04-22 20:30:00,660.33
2026-04-22 21:00:00,614.551
2026-04-22 21:30:00,550.477
2026-04-22 22:00:00,481.244
2026-04-22 22:30:00,489.644
2026-04-22 23:00:00,441.551
2026-04-22 23:30:00,365.316
2026-04-23 00:00:00,272.758
2026-04-23 00:30:00,274.18
2026-04-23 01:00:00,283.347
2026-04-23 01:30:00,251.771
2026-04-23 02:00:00,245.005
2026-04-23 02:30:00,291.913
2026-04-23 03:00:00,240.682
2026-04-23 03:30:00,273.402
2026-04-23 04:00:00,271.377
2026-04-23 04:30:00,276.949
2026-04-23 05:00:00,287.143
2026-04-23 05:30:00,322.019
2026-04-23 06:00:00,243.931
2026-04-23 06:30:00,308.596
2026-04-23 07:00:00,227.885
2026-04-23 07:30:00,331.214
2026-04-23 08:00:00,253.178
2026-04-23 08:30:00,375.836
2026-04-23 09:00:00,319.316
2026-04-23 09:30:00,379.594
2026-04-23 10:00:00,397.504
2026-04-23 10:30:00,387.888
2026-04-23 11:00:00,423.897
2026-04-23 11:30:00,451.816
2026-04-23 12:00:00,537.756
2026-04-23 12:30:00,557.557
2026-04-23 13:00:00,601.291
2026-04-23 13:30:00,690.705
2026-04-23 14:00:00,710.167
2026-04-23 14:30:00,777.141
2026-04-23 15:00:00,835.751
2026-04-23 15:30:00,857.204
2026-04-23 16:00:00,891.456
2026-04-23 16:30:00,961.152
2026-04-23 17:00:00,924.144
2026-04-23 17:30:00,913.787
2026-04-23 18:00:00,899.366
2026-04-23 18:30:00,884.626
2026-04-23 19:00:00,807.227
2026-04-23 19:30:00,796.046
2026-04-23 20:00:00,738.992
2026-04-23 20:30:00,632.557
2026-04-23 21:00:00,666.622
2026-04-23 21:30:00,604.664
2026-04-23 22:00:00,498.057
2026-04-23 22:30:00,444.684
2026-04-23 23:00:00,438.592
2026-04-23 23:30:00,363.154
2026-04-24 00:00:00,312.888
2026-04-24 00:30:00,267.076
2026-04-24 01:00:00,319.343
2026-04-24 01:30:00,258.209
2026-04-24 02:00:00,276.05
2026-04-24 02:30:00,310.6
2026-04-24 03:00:00,270.95
2026-04-24 03:30:00,286.021
2026-04-24 04:00:00,306.846
2026-04-24 04:30:00,266.13
2026-04-24 05:00:00,249.281
2026-04-24 05:30:00,245.587
2026-04-24 06:00:00,298.504
2026-04-24 06:30:00,296.401
2026-04-24 07:00:00,317.23
2026-04-24 07:30:00,289.52
2026-04-24 08:00:00,268.482
2026-04-24 08:30:00,256.107
2026-04-24 09:00:00,400.759
2026-04-24 09:30:00,360.508
2026-04-24 10:00:00,373.82
2026-04-24 10:30:00,405.766
2026-04-24 11:00:00,397.107
2026-04-24 11:30:00,452.873
2026-04-24 12:00:00,561.655
2026-04-24 12:30:00,584.603
2026-04-24 13:00:00,602.676
2026-04-24 13:30:00,646.603
2026-04-24 14:00:00,719.704
2026-04-24 14:30:00,777.48
2026-04-24 15:00:00,884.302
2026-04-24 15:30:00,868.558
2026-04-24 16:00:00,874.006
2026-04-24 16:30:00,921.313
2026-04-24 17:00:00,935.858
2026-04-24 17:30:00,890.764
2026-04-24 18:00:00,913.799
2026-04-24 18:30:00,903.487
2026-04-24 19:00:00,836.54
2026-04-24 19:30:00,765.439
2026-04-24 20:00:00,719.374
2026-04-24 20:30:00,635.802
2026-04-24 21:00:00,618.42
2026-04-24 21:30:00,575.914
2026-04-24 22:00:00,495.656
2026-04-24 22:30:00,521.237
2026-04-24 23:00:00,452.698
2026-04-24 23:30:00,353.981
2026-04-25 00:00:00,100.66
2026-04-25 00:30:00,120.369
2026-04-25 01:00:00,184.305
2026-04-25 01:30:00,167.259
2026-04-25 02:00:00,185.598
2026-04-25 02:30:00,145.294
2026-04-25 03:00:00,139.859
2026-04-25 03:30:00,114.006
2026-04-25 04:00:00,154.097
2026-04-25 04:30:00,140.712
2026-04-25 05:00:00,140.162
2026-04-25 05:30:00,187.12
2026-04-25 06:00:00,144.479
2026-04-25 06:30:00,182.349
2026-04-25 07:00:00,111.456
2026-04-25 07:30:00,221.316
2026-04-25 08:00:00,148.878
2026-04-25 08:30:00,181.441
2026-04-25 09:00:00,192.768
2026-04-25 09:30:00,168.18
2026-04-25 10:00:00,213.084
2026-04-25 10:30:00,229.151
2026-04-25 11:00:00,207.274
2026-04-25 11:30:00,228.295
2026-04-25 12:00:00,270.53
2026-04-25 12:30:00,292.548
2026-04-25 13:00:00,358.146
2026-04-25 13:30:00,369.749
2026-04-25 14:00:00,379.189
2026-04-25 14:30:00,423.542
2026-04-25 15:00:00,382.032
2026-04-25 15:30:00,438.715
2026-04-25 16:00:00,477.143
2026-04-25 16:30:00,507.729
2026-04-25 17:00:00,488.204
2026-04-25 17:30:00,516.3
2026-04-25 18:00:00,491.646
2026-04-25 18:30:00,441.889
2026-04-25 19:00:00,429.697
2026-04-25 19:30:00,418.601
2026-04-25 20:00:00,369.734
2026-04-25 20:30:00,390.464
2026-04-25 21:00:00,295.6
2026-04-25 21:30:00,303.338
2026-04-25 22:00:00,287.783
2026-04-25 22:30:00,237.991
2026-04-25 23:00:00,211.633
2026-04-25 23:30:00,205.474
2026-04-26 00:00:00,165.266
2026-04-26 00:30:00,132.473
2026-04-26 01:00:00,118.252
2026-04-26 01:30:00,173.75
2026-04-26 02:00:00,154.987
2026-04-26 02:30:00,170.235
2026-04-26 03:00:00,164.079
2026-04-26 03:30:00,199.691
2026-04-26 04:00:00,173.229
2026-04-26 04:30:00,127.514
2026-04-26 05:00:00,157.786
2026-04-26 05:30:00,132.731
2026-04-26 06:00:00,136.284
2026-04-26 06:30:00,113.762
2026-04-26 07:00:00,144.005
2026-04-26 07:30:00,167.739
2026-04-26 08:00:00,156.56
2026-04-26 08:30:00,136.277
2026-04-26 09:00:00,133.036
2026-04-26 09:30:00,233.41
2026-04-26 10:00:00,200.737
2026-04-26 10:30:00,186.774
2026-04-26 11:00:00,236.648
2026-04-26 11:30:00,300.557
2026-04-26 12:00:00,284.909
2026-04-26 12:30:00,225.758
2026-04-26 13:00:00,389.625
2026-04-26 13:30:00,305.951
2026-04-26 14:00:00,375.8
2026-04-26 14:30:00,380.055
2026-04-26 15:00:00,414.698
2026-04-26 15:30:00,461.208
2026-04-26 16:00:00,418.172
2026-04-26 16:30:00,477.588
2026-04-26 17:00:00,511.894
2026-04-26 17:30:00,458.763
2026-04-26 18:00:00,435.19
2026-04-26 18:30:00,450.615
2026-04-26 19:00:00,424.74
2026-04-26 19:30:00,393.509
2026-04-26 20:00:00,351.241
2026-04-26 20:30:00,365.162
2026-04-26 21:00:00,338.2
2026-04-26 21:30:00,268.794
2026-04-26 22:00:00,246.216
2026-04-26 22:30:00,249.24
2026-04-26 23:00:00,200.979
2026-04-26 23:30:00,211.843
2026-04-27 00:00:00,315.482
2026-04-27 00:30:00,277.292
2026-04-27 01:00:00,248.458
2026-04-27 01:30:00,288.621
2026-04-27 02:00:00,274.414
2026-04-27 02:30:00,275.166
2026-04-27 03:00:00,290.914
2026-04-27 03:30:00,296.495
2026-04-27 04:00:00,280.417
2026-04-27 04:30:00,278.514
2026-04-27 05:00:00,332.413
2026-04-27 05:30:00,312.068
2026-04-27 06:00:00,304.757
2026-04-27 06:30:00,289.962
2026-04-27 07:00:00,265.545
2026-04-27 07:30:00,324.556
2026-04-27 08:00:00,307.857
2026-04-27 08:30:00,300.497
2026-04-27 09:00:00,322.981
2026-04-27 09:30:00,323.18
2026-04-27 10:00:00,396.833
2026-04-27 10:30:00,415.876
2026-04-27 11:00:00,437.431
2026-04-27 11:30:00,471.675
2026-04-27 12:00:00,501.055
2026-04-27 12:30:00,514.892
2026-04-27 13:00:00,586.442
2026-04-27 13:30:00,658.707
2026-04-27 14:00:00,710.272
2026-04-27 14:30:00,792.599
2026-04-27 15:00:00,853.361
2026-04-27 15:30:00,870.053
2026-04-27 16:00:00,938.967
2026-04-27 16:30:00,903.205
2026-04-27 17:00:00,925.862
2026-04-27 17:30:00,921.503
2026-04-27 18:00:00,931.049
2026-04-27 18:30:00,875.912
2026-04-27 19:00:00,836.412
2026-04-27 19:30:00,743.994
2026-04-27 20:00:00,710.098
2026-04-27 20:30:00,704.672
2026-04-27 21:00:00,569.882
2026-04-27 21:30:00,601.719
2026-04-27 22:00:00,530.563
2026-04-27 22:30:00,454.057
2026-04-27 23:00:00,412.089
2026-04-27 23:30:00,446.199
2026-04-28 00:00:00,314.066
2026-04-28 00:30:00,275.801
2026-04-28 01:00:00,282.163
2026-04-28 01:30:00,262.664
2026-04-28 02:00:00,282.225
2026-04-28 02:30:00,262.072
2026-04-28 03:00:00,277.067
2026-04-28 03:30:00,324.477
2026-04-28 04:00:00,277.139
2026-04-28 04:30:00,253.83
2026-04-28 05:00:00,246.665
2026-04-28 05:30:00,285.232
2026-04-28 06:00:00,264.896
2026-04-28 06:30:00,292.847
2026-04-28 07:00:00,250.201
2026-04-28 07:30:00,313.628
2026-04-28 08:00:00,277.746
2026-04-28 08:30:00,316.083
2026-04-28 09:00:00,320.602
2026-04-28 09:30:00,390.294
2026-04-28 10:00:00,374.687
2026-04-28 10:30:00,447.437
2026-04-28 11:00:00,446.909
2026-04-28 11:30:00,508.38
2026-04-28 12:00:00,512.851
2026-04-28 12:30:00,576.782
2026-04-28 13:00:00,652.232
2026-04-28 13:30:00,699.897
2026-04-28 14:00:00,745.871
2026-04-28 14:30:00,777.167
2026-04-28 15:00:00,829.104
2026-04-28 15:30:00,901.706
2026-04-28 16:00:00,937.392
2026-04-28 16:30:00,907.956
2026-04-28 17:00:00,910.656
2026-04-28 17:30:00,900.174
2026-04-28 18:00:00,924.487
2026-04-28 18:30:00,850.028
2026-04-28 19:00:00,853.513
2026-04-28 19:30:00,799.008
2026-04-28 20:00:00,718.969
2026-04-28 20:30:00,716.37
2026-04-28 21:00:00,585.209
2026-04-28 21:30:00,609.632
2026-04-28 22:00:00,526.044
2026-04-28 22:30:00,420.908
2026-04-28 23:00:00,472.688
2026-04-28 23:30:00,423.106
2026-04-29 00:00:00,268.076
2026-04-29 00:30:00,254.669
2026-04-29 01:00:00,239.572
2026-04-29 01:30:00,339.205
2026-04-29 02:00:00,255.771
2026-04-29 02:30:00,247.33
2026-04-29 03:00:00,285.729
2026-04-29 03:30:00,238.272
2026-04-29 04:00:00,254.99
2026-04-29 04:30:00,304.905
2026-04-29 05:00:00,292.43
2026-04-29 05:30:00,272.395
2026-04-29 06:00:00,284.376
2026-04-29 06:30:00,275.62
2026-04-29 07:00:00,289.139
2026-04-29 07:30:00,277.326
2026-04-29 08:00:00,289.744
2026-04-29 08:30:00,299.659
2026-04-29 09:00:00,310.913
2026-04-29 09:30:00,373.432
2026-04-29 10:00:00,389.653
2026-04-29 10:30:00,375.491
2026-04-29 11:00:00,403.031
2026-04-29 11:30:00,468.813
2026-04-29 12:00:00,571.954
2026-04-29 12:30:00,542.451
2026-04-29 13:00:00,617.735
2026-04-29 13:30:00,679.491
2026-04-29 14:00:00,729.88
2026-04-29 14:30:00,773.91
2026-04-29 15:00:00,861.95
2026-04-29 15:30:00,884.626
2026-04-29 16:00:00,924.89
2026-04-29 16:30:00,937.512
2026-04-29 17:00:00,951.599
2026-04-29 17:30:00,962.388
2026-04-29 18:00:00,937.021
2026-04-29 18:30:00,931.384
2026-04-29 19:00:00,863.507
2026-04-29 19:30:00,768.629
2026-04-29 20:00:00,753.779
2026-04-29 20:30:00,695.034
2026-04-29 21:00:00,669.773
2026-04-29 21:30:00,543.965
2026-04-29 22:00:00,532.02
2026-04-29 22:30:00,455.718
2026-04-29 23:00:00,445.704
2026-04-29 23:30:00,393.432
2026-04-30 00:00:00,290.768
2026-04-30 00:30:00,243.529
2026-04-30 01:00:00,298.629
2026-04-30 01:30:00,283.97
2026-04-30 02:00:00,282.66
2026-04-30 02:30:00,327.676
2026-04-30 03:00:00,269.469
2026-04-30 03:30:00,287.775
2026-04-30 04:00:00,282.036
2026-04-30 04:30:00,284.982
2026-04-30 05:00:00,336.37
2026-04-30 05:30:00,283.65
2026-04-30 06:00:00,269.736
2026-04-30 06:30:00,333.454
2026-04-30 07:00:00,282.997
2026-04-30 07:30:00,256.242
2026-04-30 08:00:00,285.729
2026-04-30 08:30:00,283.761
2026-04-30 09:00:00,284.061
2026-04-30 09:30:00,338.259
2026-04-30 10:00:00,368.644
2026-04-30 10:30:00,428.314
2026-04-30 11:00:00,448.626
2026-04-30 11:30:00,487.341
2026-04-30 12:00:00,495.741
2026-04-30 12:30:00,590.267
2026-04-30 13:00:00,656.546
2026-04-30 13:30:00,687.137
2026-04-30 14:00:00,743.159
2026-04-30 14:30:00,753.748
2026-04-30 15:00:00,859.434
2026-04-30 15:30:00,917.785
2026-04-30 16:00:00,911.818
2026-04-30 16:30:00,907.919
2026-04-30 17:00:00,925.2
2026-04-30 17:30:00,912.267
2026-04-30 18:00:00,894.733
2026-04-30 18:30:00,889.464
2026-04-30 19:00:00,840.06
2026-04-30 19:30:00,810.464
2026-04-30 20:00:00,741.869
2026-04-30 20:30:00,655.671
2026-04-30 21:00:00,609.248
2026-04-30 21:30:00,554.073
2026-04-30 22:00:00,513.41
2026-04-30 22:30:00,517.613
2026-04-30 23:00:00,481.763
2026-04-30 23:30:00,419.715
2026-05-01 00:00:00,317.976
2026-05-01 00:30:00,280.972
2026-05-01 01:00:00,320.526
2026-05-01 01:30:00,295.299
2026-05-01 02:00:00,355.854
2026-05-01 02:30:00,275.011
2026-05-01 03:00:00,324.901
2026-05-01 03:30:00,293.646
2026-05-01 04:00:00,315.614
2026-05-01 04:30:00,333.071
2026-05-01 05:00:00,342.865
2026-05-01 05:30:00,317.188
2026-05-01 06:00:00,339.842
2026-05-01 06:30:00,307.372
2026-05-01 07:00:00,334.6
2026-05-01 07:30:00,359.938
2026-05-01 08:00:00,352.088
2026-05-01 08:30:00,342.615
2026-05-01 09:00:00,364.843
2026-05-01 09:30:00,417.86
2026-05-01 10:00:00,391.235
2026-05-01 10:30:00,427.014
2026-05-01 11:00:00,504.182
2026-05-01 11:30:00,523.196
2026-05-01 12:00:00,549.065
2026-05-01 12:30:00,675.741
2026-05-01 13:00:00,675.07
2026-05-01 13:30:00,760.295
2026-05-01 14:00:00,812.304
2026-05-01 14:30:00,879.976
2026-05-01 15:00:00,919.21
2026-05-01 15:30:00,1004.596
2026-05-01 16:00:00,1023.951
2026-05-01 16:30:00,1067.278
2026-05-01 17:00:00,1034.771
2026-05-01 17:30:00,1096.012
2026-05-01 18:00:00,973.564
2026-05-01 18:30:00,947.111
2026-05-01 19:00:00,985.153
2026-05-01 19:30:00,899.27
2026-05-01 20:00:00,836.327
2026-05-01 20:30:00,776.062
2026-05-01 21:00:00,716.84
2026-05-01 21:30:00,649.465
2026-05-01 22:00:00,561.244
2026-05-01 22:30:00,554.63
2026-05-01 23:00:00,505.659
2026-05-01 23:30:00,486.333
2026-05-02 00:00:00,207.91
2026-05-02 00:30:00,172.069
2026-05-02 01:00:00,133.125
2026-05-02 01:30:00,208.139
2026-05-02 02:00:00,138.393
2026-05-02 02:30:00,172.334
2026-05-02 03:00:00,157.532
2026-05-02 03:30:00,153.295
2026-05-02 04:00:00,183.351
2026-05-02 04:30:00,170.649
2026-05-02 05:00:00,177.835
2026-05-02 05:30:00,145.335
2026-05-02 06:00:00,162.47
2026-05-02 06:30:00,149.207
2026-05-02 07:00:00,165.823
2026-05-02 07:30:00,171.17
2026-05-02 08:00:00,224.876
2026-05-02 08:30:00,178.557
2026-05-02 09:00:00,140.206
2026-05-02 09:30:00,238.961
2026-05-02 10:00:00,228.868
2026-05-02 10:30:00,231.048
2026-05-02 11:00:00,243.423
2026-05-02 11:30:00,254.098
2026-05-02 12:00:00,352.855
2026-05-02 12:30:00,335.121
2026-05-02 13:00:00,321.887
2026-05-02 13:30:00,406.139
2026-05-02 14:00:00,460.606
2026-05-02 14:30:00,465.369
2026-05-02 15:00:00,466.95
2026-05-02 15:30:00,488.328
2026-05-02 16:00:00,508.081
2026-05-02 16:30:00,580.238
2026-05-02 17:00:00,544.208
2026-05-02 17:30:00,500.229
2026-05-02 18:00:00,540.617
2026-05-02 18:30:00,516.63
2026-05-02 19:00:00,478.267
2026-05-02 19:30:00,435.947
2026-05-02 20:00:00,403.855
2026-05-02 20:30:00,425.112
2026-05-02 21:00:00,371.519
2026-05-02 21:30:00,345.791
2026-05-02 22:00:00,310.522
2026-05-02 22:30:00,285.963
2026-05-02 23:00:00,242.644
2026-05-02 23:30:00,229.178
2026-05-03 00:00:00,192.926
2026-05-03 00:30:00,199.172
2026-05-03 01:00:00,133.261
2026-05-03 01:30:00,158.619
2026-05-03 02:00:00,184.829
2026-05-03 02:30:00,210.937
2026-05-03 03:00:00,208.499
2026-05-03 03:30:00,144.167
2026-05-03 04:00:00,196.119
2026-05-03 04:30:00,166.004
2026-05-03 05:00:00,191.115
2026-05-03 05:30:00,185.434
2026-05-03 06:00:00,135.223
2026-05-03 06:30:00,182.195
2026-05-03 07:00:00,195.943
2026-05-03 07:30:00,173.635
2026-05-03 08:00:00,172.611
2026-05-03 08:30:00,145.75
2026-05-03 09:00:00,210.436
2026-05-03 09:30:00,209.302
2026-05-03 10:00:00,194.581
2026-05-03 10:30:00,226.177
2026-05-03 11:00:00,258.216
2026-05-03 11:30:00,263.805
2026-05-03 12:00:00,304.47
2026-05-03 12:30:00,290.076
2026-05-03 13:00:00,399.067
2026-05-03 13:30:00,398.344
2026-05-03 14:00:00,402.968
2026-05-03 14:30:00,399.965
2026-05-03 15:00:00,515.218
2026-05-03 15:30:00,527.057
2026-05-03 16:00:00,536.281
2026-05-03 16:30:00,563.788
2026-05-03 17:00:00,567.522
2026-05-03 17:30:00,547.058
2026-05-03 18:00:00,524.658
2026-05-03 18:30:00,502.676
2026-05-03 19:00:00,500.013
2026-05-03 19:30:00,496.383
2026-05-03 20:00:00,427.879
2026-05-03 20:30:00,434.858
2026-05-03 21:00:00,374.66
2026-05-03 21:30:00,343.342
2026-05-03 22:00:00,364.531
2026-05-03 22:30:00,319.088
2026-05-03 23:00:00,296.319
2026-05-03 23:30:00,214.383
2026-05-04 00:00:00,369.812
2026-05-04 00:30:00,312.958
2026-05-04 01:00:00,309.339
2026-05-04 01:30:00,261.068
2026-05-04 02:00:00,323.248
2026-05-04 02:30:00,288.08
2026-05-04 03:00:00,325.496
2026-05-04 03:30:00,286.462
2026-05-04 04:00:00,360.795
2026-05-04 04:30:00,330.208
2026-05-04 05:00:00,374.313
2026-05-04 05:30:00,293.13
2026-05-04 06:00:00,359.541
2026-05-04 06:30:00,278.866
2026-05-04 07:00:00,333.664
2026-05-04 07:30:00,319.093
2026-05-04 08:00:00,332.587
2026-05-04 08:30:00,342.936
2026-05-04 09:00:00,348.951
2026-05-04 09:30:00,360.976
2026-05-04 10:00:00,407.47
2026-05-04 10:30:00,453.523
2026-05-04 11:00:00,518.234
2026-05-04 11:30:00,541.559
2026-05-04 12:00:00,614.555
2026-05-04 12:30:00,605.016
2026-05-04 13:00:00,691.736
2026-05-04 13:30:00,783.056
2026-05-04 14:00:00,836.372
2026-05-04 14:30:00,865.889
2026-05-04 15:00:00,964.677
2026-05-04 15:30:00,973.458
2026-05-04 16:00:00,1001.746
2026-05-04 16:30:00,1054.86
2026-05-04 17:00:00,1050.154
2026-05-04 17:30:00,1029.614
2026-05-04 18:00:00,1007.259
2026-05-04 18:30:00,959.995
2026-05-04 19:00:00,931.432
2026-05-04 19:30:00,914.919
2026-05-04 20:00:00,833.906
2026-05-04 20:30:00,789.245
2026-05-04 21:00:00,715.462
2026-05-04 21:30:00,626.665
2026-05-04 22:00:00,544.163
2026-05-04 22:30:00,511.004
2026-05-04 23:00:00,472.361
2026-05-04 23:30:00,431.907
2026-05-05 00:00:00,339.533
2026-05-05 00:30:00,339.278
2026-05-05 01:00:00,370.323
2026-05-05 01:30:00,295.956
2026-05-05 02:00:00,355.027
2026-05-05 02:30:00,354.945
2026-05-05 03:00:00,309.483
2026-05-05 03:30:00,327.34
2026-05-05 04:00:00,346.87
2026-05-05 04:30:00,314.946
2026-05-05 05:00:00,313.906
2026-05-05 05:30:00,303.022
2026-05-05 06:00:00,261.811
2026-05-05 06:30:00,325.696
2026-05-05 07:00:00,310.715
2026-05-05 07:30:00,307.999
2026-05-05 08:00:00,354.34
2026-05-05 08:30:00,319.566
2026-05-05 09:00:00,391.971
2026-05-05 09:30:00,404.558
2026-05-05 10:00:00,408.526
2026-05-05 10:30:00,449.039
2026-05-05 11:00:00,459.386
2026-05-05 11:30:00,552.933
2026-05-05 12:00:00,590.075
2026-05-05 12:30:00,648.517
2026-05-05 13:00:00,715.107
2026-05-05 13:30:00,749.22
2026-05-05 14:00:00,789.816
2026-05-05 14:30:00,911.352
2026-05-05 15:00:00,958.544
2026-05-05 15:30:00,973.355
2026-05-05 16:00:00,1031.408
2026-05-05 16:30:00,1074.136
2026-05-05 17:00:00,1078.468
2026-05-05 17:30:00,1028.573
2026-05-05 18:00:00,983.961
2026-05-05 18:30:00,953.809
2026-05-05 19:00:00,933.533
2026-05-05 19:30:00,923.977
2026-05-05 20:00:00,809.581
2026-05-05 20:30:00,750.372
2026-05-05 21:00:00,687.137
2026-05-05 21:30:00,628.677
2026-05-05 22:00:00,585.111
2026-05-05 22:30:00,502.174
2026-05-05 23:00:00,516.251
2026-05-05 23:30:00,447.001
2026-05-06 00:00:00,376.985
2026-05-06 00:30:00,285.674
2026-05-06 01:00:00,354.773
2026-05-06 01:30:00,349.833
2026-05-06 02:00:00,304.799
2026-05-06 02:30:00,305.287
2026-05-06 03:00:00,292.257
2026-05-06 03:30:00,292.756
2026-05-06 04:00:00,315.837
2026-05-06 04:30:00,316.936
2026-05-06 05:00:00,277.257
2026-05-06 05:30:00,376.043
2026-05-06 06:00:00,314.324
2026-05-06 06:30:00,325.574
2026-05-06 07:00:00,312.806
2026-05-06 07:30:00,328.208
2026-05-06 08:00:00,334.839
2026-05-06 08:30:00,355.775
2026-05-06 09:00:00,371.454
2026-05-06 09:30:00,412.59
2026-05-06 10:00:00,424.211
2026-05-06 10:30:00,468.229
2026-05-06 11:00:00,488.897
2026-05-06 11:30:00,539.956
2026-05-06 12:00:00,579.359
2026-05-06 12:30:00,667.048
2026-05-06 13:00:00,710.625
2026-05-06 13:30:00,761.329
2026-05-06 14:00:00,823.094
2026-05-06 14:30:00,884.688
2026-05-06 15:00:00,942.087
2026-05-06 15:30:00,985.33
2026-05-06 16:00:00,1007.209
2026-05-06 16:30:00,1061.809
2026-05-06 17:00:00,1070.702
2026-05-06 17:30:00,1087.283
2026-05-06 18:00:00,1006.089
2026-05-06 18:30:00,1003.4
2026-05-06 19:00:00,893.597
2026-05-06 19:30:00,908.145
2026-05-06 20:00:00,791.378
2026-05-06 20:30:00,740.672
2026-05-06 21:00:00,710.866
2026-05-06 21:30:00,626.433
2026-05-06 22:00:00,566.433
2026-05-06 22:30:00,522.055
2026-05-06 23:00:00,507.383
2026-05-06 23:30:00,427.3
2026-05-07 00:00:00,313.653
2026-05-07 00:30:00,305.547
2026-05-07 01:00:00,335.524
2026-05-07 01:30:00,336.247
2026-05-07 02:00:00,269.209
2026-05-07 02:30:00,341.291
2026-05-07 03:00:00,300.02
2026-05-07 03:30:00,321.409
2026-05-07 04:00:00,292.379
2026-05-07 04:30:00,325.697
2026-05-07 05:00:00,381.1
2026-05-07 05:30:00,321.885
2026-05-07 06:00:00,309.315
2026-05-07 06:30:00,318.13
2026-05-07 07:00:00,291.736
2026-05-07 07:30:00,371.107
2026-05-07 08:00:00,351.608
2026-05-07 08:30:00,329.626
2026-05-07 09:00:00,346.411
2026-05-07 09:30:00,392.85
2026-05-07 10:00:00,441.831
2026-05-07 10:30:00,421.847
2026-05-07 11:00:00,516.977
2026-05-07 11:30:00,531.884
2026-05-07 12:00:00,562.135
2026-05-07 12:30:00,630.278
2026-05-07 13:00:00,746.274
2026-05-07 13:30:00,730.575
2026-05-07 14:00:00,809.495
2026-05-07 14:30:00,911.233
2026-05-07 15:00:00,946.737
2026-05-07 15:30:00,966.958
2026-05-07 16:00:00,1045.3
2026-05-07 16:30:00,1067.994
2026-05-07 17:00:00,1058.285
2026-05-07 17:30:00,1027.377
2026-05-07 18:00:00,1009.723
2026-05-07 18:30:00,993.856
2026-05-07 19:00:00,908.527
2026-05-07 19:30:00,920.613
2026-05-07 20:00:00,870.297
2026-05-07 20:30:00,759.382
2026-05-07 21:00:00,711.463
2026-05-07 21:30:00,671.616
2026-05-07 22:00:00,634.28
2026-05-07 22:30:00,573.1
2026-05-07 23:00:00,445.753
2026-05-07 23:30:00,442.733
2026-05-08 00:00:00,327.524
2026-05-08 00:30:00,302.658
2026-05-08 01:00:00,359.595
2026-05-08 01:30:00,355.784
2026-05-08 02:00:00,294.692
2026-05-08 02:30:00,311.104
2026-05-08 03:00:00,296.55
2026-05-08 03:30:00,310.623
2026-05-08 04:00:00,310.216
2026-05-08 04:30:00,340.275
2026-05-08 05:00:00,295.104
2026-05-08 05:30:00,253.287
2026-05-08 06:00:00,280.698
2026-05-08 06:30:00,298.227
2026-05-08 07:00:00,312.07
2026-05-08 07:30:00,339.562
2026-05-08 08:00:00,316.791
2026-05-08 08:30:00,325.571
2026-05-08 09:00:00,348.583
2026-05-08 09:30:00,364.577
2026-05-08 10:00:00,404.669
2026-05-08 10:30:00,435.69
2026-05-08 11:00:00,506.368
2026-05-08 11:30:00,509.437
2026-05-08 12:00:00,576.451
2026-05-08 12:30:00,628.345
2026-05-08 13:00:00,722.782
2026-05-08 13:30:00,761.423
2026-05-08 14:00:00,854.06
2026-05-08 14:30:00,858.609
2026-05-08 15:00:00,940.092
2026-05-08 15:30:00,972.342
2026-05-08 16:00:00,990.529
2026-05-08 16:30:00,1040.999
2026-05-08 17:00:00,1093.323
2026-05-08 17:30:00,1021.364
2026-05-08 18:00:00,1017.994
2026-05-08 18:30:00,953.934
2026-05-08 19:00:00,904.845
2026-05-08 19:30:00,867.737
2026-05-08 20:00:00,816.543
2026-05-08 20:30:00,755.141
2026-05-08 21:00:00,696.909
2026-05-08 21:30:00,600.762
2026-05-08 22:00:00,569.743
2026-05-08 22:30:00,546.719
2026-05-08 23:00:00,455.186
2026-05-08 23:30:00,441.743
2026-05-09 00:00:00,171.125
2026-05-09 00:30:00,144.25
2026-05-09 01:00:00,172.352
2026-05-09 01:30:00,125.797
2026-05-09 02:00:00,186.058
2026-05-09 02:30:00,173.03
2026-05-09 03:00:00,165.342
2026-05-09 03:30:00,192.181
2026-05-09 04:00:00,156.009
2026-05-09 04:30:00,149.091
2026-05-09 05:00:00,199.318
2026-05-09 05:30:00,211.746
2026-05-09 06:00:00,149.486
2026-05-09 06:30:00,165.602
2026-05-09 07:00:00,196.926
2026-05-09 07:30:00,172.186
2026-05-09 08:00:00,193.633
2026-05-09 08:30:00,204.551
2026-05-09 09:00:00,179.288
2026-05-09 09:30:00,214.565
2026-05-09 10:00:00,217.481
2026-05-09 10:30:00,203.902
2026-05-09 11:00:00,229.612
2026-05-09 11:30:00,261.461
2026-05-09 12:00:00,327.617
2026-05-09 12:30:00,357.859
2026-05-09 13:00:00,384.079
2026-05-09 13:30:00,408.949
2026-05-09 14:00:00,440.773
2026-05-09 14:30:00,468.397
2026-05-09 15:00:00,499.679
2026-05-09 15:30:00,524.989
2026-05-09 16:00:00,495.903
2026-05-09 16:30:00,522.441
2026-05-09 17:00:00,520.277
2026-05-09 17:30:00,569.876
2026-05-09 18:00:00,572.366
2026-05-09 18:30:00,458.878
2026-05-09 19:00:00,528.61
2026-05-09 19:30:00,463.626
2026-05-09 20:00:00,455.77
2026-05-09 20:30:00,410.607
2026-05-09 21:00:00,401.341
2026-05-09 21:30:00,339.068
2026-05-09 22:00:00,270.317
2026-05-09 22:30:00,275.129
2026-05-09 23:00:00,267.245
2026-05-09 23:30:00,228.924
2026-05-10 00:00:00,180.247
2026-05-10 00:30:00,162.165
2026-05-10 01:00:00,148.926
2026-05-10 01:30:00,136.676
2026-05-10 02:00:00,154.052
2026-05-10 02:30:00,168.999
2026-05-10 03:00:00,114.966
2026-05-10 03:30:00,144.559
2026-05-10 04:00:00,114.326
2026-05-10 04:30:00,149.111
2026-05-10 05:00:00,194.937
2026-05-10 05:30:00,136.074
2026-05-10 06:00:00,184.401
2026-05-10 06:30:00,239.666
2026-05-10 07:00:00,207.139
2026-05-10 07:30:00,177.477
2026-05-10 08:00:00,200.229
2026-05-10 08:30:00,150.799
2026-05-10 09:00:00,154.011
2026-05-10 09:30:00,204.801
2026-05-10 10:00:00,227.601
2026-05-10 10:30:00,261.683
2026-05-10 11:00:00,240.135
2026-05-10 11:30:00,282.606
2026-05-10 12:00:00,308.381
2026-05-10 12:30:00,330.54
2026-05-10 13:00:00,363.519
2026-05-10 13:30:00,376.578
2026-05-10 14:00:00,437.445
2026-05-10 14:30:00,466.334
2026-05-10 15:00:00,478.489
2026-05-10 15:30:00,529.749
2026-05-10 16:00:00,556.71
2026-05-10 16:30:00,559.131
2026-05-10 17:00:00,519.939
2026-05-10 17:30:00,544.688
2026-05-10 18:00:00,508.228
2026-05-10 18:30:00,515.518
2026-05-10 19:00:00,466.801
2026-05-10 19:30:00,493.387
2026-05-10 20:00:00,450.035
2026-05-10 20:30:00,426.771
2026-05-10 21:00:00,391.624
2026-05-10 21:30:00,327.06
2026-05-10 22:00:00,293.763
2026-05-10 22:30:00,321.314
2026-05-10 23:00:00,250.226
2026-05-10 23:30:00,200.459
2026-05-11 00:00:00,340.194
2026-05-11 00:30:00,318.608
2026-05-11 01:00:00,352.675
2026-05-11 01:30:00,321.124
2026-05-11 02:00:00,314.591
2026-05-11 02:30:00,353.317
2026-05-11 03:00:00,276.828
2026-05-11 03:30:00,300.867
2026-05-11 04:00:00,293.668
2026-05-11 04:30:00,261.542
2026-05-11 05:00:00,339.145
2026-05-11 05:30:00,304.77
2026-05-11 06:00:00,343.446
2026-05-11 06:30:00,333.661
2026-05-11 07:00:00,343.641
2026-05-11 07:30:00,323.498
2026-05-11 08:00:00,324.679
2026-05-11 08:30:00,358.093
2026-05-11 09:00:00,394.798
2026-05-11 09:30:00,391.209
2026-05-11 10:00:00,400.983
2026-05-11 10:30:00,420.646
2026-05-11 11:00:00,494.246
2026-05-11 11:30:00,520.323
2026-05-11 12:00:00,583.598
2026-05-11 12:30:00,636.001
2026-05-11 13:00:00,691.449
2026-05-11 13:30:00,772.625
2026-05-11 14:00:00,841.655
2026-05-11 14:30:00,936.551
2026-05-11 15:00:00,960.275
2026-05-11 15:30:00,1026.581
2026-05-11 16:00:00,1000.715
2026-05-11 16:30:00,1002.663
2026-05-11 17:00:00,1049.639
2026-05-11 17:30:00,1064.137
2026-05-11 18:00:00,1038.709
2026-05-11 18:30:00,1017.024
2026-05-11 19:00:00,877.912
2026-05-11 19:30:00,918.743
2026-05-11 20:00:00,836.179
2026-05-11 20:30:00,726.68
2026-05-11 21:00:00,720.648
2026-05-11 21:30:00,646.208
2026-05-11 22:00:00,594.922
2026-05-11 22:30:00,559.153
2026-05-11 23:00:00,499.899
2026-05-11 23:30:00,413.801
2026-05-12 00:00:00,311.431
2026-05-12 00:30:00,274.573
2026-05-12 01:00:00,331.253
2026-05-12 01:30:00,349.999
2026-05-12 02:00:00,284.054
2026-05-12 02:30:00,298.377
2026-05-12 03:00:00,293.23
2026-05-12 03:30:00,304.154
2026-05-12 04:00:00,326.163
2026-05-12 04:30:00,305.342
2026-05-12 05:00:00,333.629
2026-05-12 05:30:00,345.34
2026-05-12 06:00:00,348.356
2026-05-12 06:30:00,295.98
2026-05-12 07:00:00,363.11
2026-05-12 07:30:00,371.535
2026-05-12 08:00:00,382.602
2026-05-12 08:30:00,351.903
2026-05-12 09:00:00,353.023
2026-05-12 09:30:00,367.862
2026-05-12 10:00:00,390.986
2026-05-12 10:30:00,450.914
2026-05-12 11:00:00,510.338
2026-05-12 11:30:00,566.839
2026-05-12 12:00:00,573.252
2026-05-12 12:30:00,641.003
2026-05-12 13:00:00,699.955
2026-05-12 13:30:00,749.398
2026-05-12 14:00:00,846.186
2026-05-12 14:30:00,896.49
2026-05-12 15:00:00,944.871
2026-05-12 15:30:00,995.697
2026-05-12 16:00:00,1036.567
2026-05-12 16:30:00,1057.823
2026-05-12 17:00:00,1029.038
2026-05-12 17:30:00,1065.095
2026-05-12 18:00:00,1027.564
2026-05-12 18:30:00,975.874
2026-05-12 19:00:00,947.181
2026-05-12 19:30:00,896.031
2026-05-12 20:00:00,854.837
2026-05-12 20:30:00,739.127
2026-05-12 21:00:00,735.685
2026-05-12 21:30:00,642.55
2026-05-12 22:00:00,572.738
2026-05-12 22:30:00,520.756
2026-05-12 23:00:00,464.108
2026-05-12 23:30:00,407.099
2026-05-13 00:00:00,331.942
2026-05-13 00:30:00,364.536
2026-05-13 01:00:00,274.586
2026-05-13 01:30:00,291.289
2026-05-13 02:00:00,333.88
2026-05-13 02:30:00,314.023
2026-05-13 03:00:00,336.15
2026-05-13 03:30:00,312.958
2026-05-13 04:00:00,301.336
2026-05-13 04:30:00,310.773
2026-05-13 05:00:00,257.764
2026-05-13 05:30:00,290.119
2026-05-13 06:00:00,344.519
2026-05-13 06:30:00,353.732
2026-05-13 07:00:00,363.616
2026-05-13 07:30:00,345.905
2026-05-13 08:00:00,287.384
2026-05-13 08:30:00,339.973
2026-05-13 09:00:00,404.935
2026-05-13 09:30:00,433.045
2026-05-13 10:00:00,452.597
2026-05-13 10:30:00,444.716
2026-05-13 11:00:00,456.478
2026-05-13 11:30:00,533.159
2026-05-13 12:00:00,585.762
2026-05-13 12:30:00,681.11
2026-05-13 13:00:00,708.255
2026-05-13 13:30:00,765.697
2026-05-13 14:00:00,829.629
2026-05-13 14:30:00,897.415
2026-05-13 15:00:00,956.987
2026-05-13 15:30:00,968.626
2026-05-13 16:00:00,994.74
2026-05-13 16:30:00,1076.951
2026-05-13 17:00:00,1008.974
2026-05-13 17:30:00,1083.63
2026-05-13 18:00:00,973.413
2026-05-13 18:30:00,972.126
2026-05-13 19:00:00,965.622
2026-05-13 19:30:00,887.427
2026-05-13 20:00:00,794.88
2026-05-13 20:30:00,775.941
2026-05-13 21:00:00,704.235
2026-05-13 21:30:00,636.569
2026-05-13 22:00:00,569.793
2026-05-13 22:30:00,533.31
2026-05-13 23:00:00,474.594
2026-05-13 23:30:00,511.485
2026-05-14 00:00:00,309.007
2026-05-14 00:30:00,305.67
2026-05-14 01:00:00,301.485
2026-05-14 01:30:00,359.473
2026-05-14 02:00:00,274.114
2026-05-14 02:30:00,324.149
2026-05-14 03:00:00,309.307
2026-05-14 03:30:00,279.917
2026-05-14 04:00:00,295.375
2026-05-14 04:30:00,324.343
2026-05-14 05:00:00,295.706
2026-05-14 05:30:00,325.195
2026-05-14 06:00:00,364.041
2026-05-14 06:30:00,328.199
2026-05-14 07:00:00,292.124
2026-05-14 07:30:00,313.713
2026-05-14 08:00:00,336.65
2026-05-14 08:30:00,347.043
2026-05-14 09:00:00,375.619
2026-05-14 09:30:00,400.28
2026-05-14 10:00:00,461.794
2026-05-14 10:30:00,450.529
2026-05-14 11:00:00,460.337
2026-05-14 11:30:00,563.02
2026-05-14 12:00:00,616.967
2026-05-14 12:30:00,647.782
2026-05-14 13:00:00,696.4
2026-05-14 13:30:00,780.844
2026-05-14 14:00:00,822.515
2026-05-14 14:30:00,836.026
2026-05-14 15:00:00,955.413
2026-05-14 15:30:00,1009.046
2026-05-14 16:00:00,1057.207
2026-05-14 16:30:00,1024.418
2026-05-14 17:00:00,1055.654
2026-05-14 17:30:00,1048.882
2026-05-14 18:00:00,1023.315
2026-05-14 18:30:00,989.611
2026-05-14 19:00:00,942.254
2026-05-14 19:30:00,892.712
2026-05-14 20:00:00,846.309
2026-05-14 20:30:00,795.788
2026-05-14 21:00:00,683.652
2026-05-14 21:30:00,637.663
2026-05-14 22:00:00,574.826
2026-05-14 22:30:00,520.033
2026-05-14 23:00:00,448.741
2026-05-14 23:30:00,451.227
2026-05-15 00:00:00,326.99
2026-05-15 00:30:00,311.136
2026-05-15 01:00:00,314.802
2026-05-15 01:30:00,325.51
2026-05-15 02:00:00,350.369
2026-05-15 02:30:00,304.67
2026-05-15 03:00:00,285.999
2026-05-15 03:30:00,313.241
2026-05-15 04:00:00,362.941
2026-05-15 04:30:00,287.396
2026-05-15 05:00:00,333.569
2026-05-15 05:30:00,347.654
2026-05-15 06:00:00,261.673
2026-05-15 06:30:00,334.19
2026-05-15 07:00:00,343.547
2026-05-15 07:30:00,328.2
2026-05-15 08:00:00,327.624
2026-05-15 08:30:00,341.082
2026-05-15 09:00:00,363.605
2026-05-15 09:30:00,384.916
2026-05-15 10:00:00,406.262
2026-05-15 10:30:00,442.01
2026-05-15 11:00:00,518.912
2026-05-15 11:30:00,503.814
2026-05-15 12:00:00,541.665
2026-05-15 12:30:00,672.14
2026-05-15 13:00:00,697.759
2026-05-15 13:30:00,755.575
2026-05-15 14:00:00,825.012
2026-05-15 14:30:00,892.65
2026-05-15 15:00:00,928.224
2026-05-15 15:30:00,999.388
2026-05-15 16:00:00,997.124
2026-05-15 16:30:00,1035.141
2026-05-15 17:00:00,994.633
2026-05-15 17:30:00,1071.993
2026-05-15 18:00:00,1016.778
2026-05-15 18:30:00,1003.492
2026-05-15 19:00:00,953.24
2026-05-15 19:30:00,901.164
2026-05-15 20:00:00,827.598
2026-05-15 20:30:00,774.986
2026-05-15 21:00:00,678.528
2026-05-15 21:30:00,612.691
2026-05-15 22:00:00,582.864
2026-05-15 22:30:00,517.181
2026-05-15 23:00:00,524.779
2026-05-15 23:30:00,460.0
2026-05-16 00:00:00,145.892
2026-05-16 00:30:00,157.019
2026-05-16 01:00:00,167.139
2026-05-16 01:30:00,162.126
2026-05-16 02:00:00,170.641
2026-05-16 02:30:00,165.601
2026-05-16 03:00:00,129.184
2026-05-16 03:30:00,110.288
2026-05-16 04:00:00,154.903
2026-05-16 04:30:00,178.55
2026-05-16 05:00:00,155.945
2026-05-16 05:30:00,196.641
2026-05-16 06:00:00,165.65
2026-05-16 06:30:00,202.376
2026-05-16 07:00:00,199.598
2026-05-16 07:30:00,200.421
2026-05-16 08:00:00,148.681
2026-05-16 08:30:00,185.47
2026-05-16 09:00:00,223.915
2026-05-16 09:30:00,210.892
2026-05-16 10:00:00,231.495
2026-05-16 10:30:00,199.626
2026-05-16 11:00:00,302.324
2026-05-16 11:30:00,257.987
2026-05-16 12:00:00,254.543
2026-05-16 12:30:00,325.047
2026-05-16 13:00:00,304.144
2026-05-16 13:30:00,370.818
2026-05-16 14:00:00,494.415
2026-05-16 14:30:00,451.957
2026-05-16 15:00:00,453.795
2026-05-16 15:30:00,513.737
2026-05-16 16:00:00,508.569
2026-05-16 16:30:00,563.81
2026-05-16 17:00:00,523.761
2026-05-16 17:30:00,548.965
2026-05-16 18:00:00,502.337
2026-05-16 18:30:00,578.08
2026-05-16 19:00:00,502.08
2026-05-16 19:30:00,457.82
2026-05-16 20:00:00,423.128
2026-05-16 20:30:00,384.106
2026-05-16 21:00:00,346.308
2026-05-16 21:30:00,314.115
2026-05-16 22:00:00,346.362
2026-05-16 22:30:00,263.956
2026-05-16 23:00:00,201.118
2026-05-16 23:30:00,205.174
2026-05-17 00:00:00,186.997
2026-05-17 00:30:00,157.499
2026-05-17 01:00:00,160.462
2026-05-17 01:30:00,193.071
2026-05-17 02:00:00,144.418
2026-05-17 02:30:00,179.696
2026-05-17 03:00:00,147.253
2026-05-17 03:30:00,178.458
2026-05-17 04:00:00,154.465
2026-05-17 04:30:00,158.499
2026-05-17 05:00:00,185.508
2026-05-17 05:30:00,184.428
2026-05-17 06:00:00,162.686
2026-05-17 06:30:00,156.655
2026-05-17 07:00:00,210.779
2026-05-17 07:30:00,188.872
2026-05-17 08:00:00,168.99
2026-05-17 08:30:00,168.714
2026-05-17 09:00:00,218.968
2026-05-17 09:30:00,206.969
2026-05-17 10:00:00,213.547
2026-05-17 10:30:00,237.198
2026-05-17 11:00:00,262.799
2026-05-17 11:30:00,276.354
2026-05-17 12:00:00,334.496
2026-05-17 12:30:00,365.308
2026-05-17 13:00:00,378.628
2026-05-17 13:30:00,432.314
2026-05-17 14:00:00,430.664
2026-05-17 14:30:00,478.716
2026-05-17 15:00:00,514.601
2026-05-17 15:30:00,538.58
2026-05-17 16:00:00,553.914
2026-05-17 16:30:00,557.977
2026-05-17 17:00:00,594.928
2026-05-17 17:30:00,528.705
2026-05-17 18:00:00,527.133
2026-05-17 18:30:00,507.742
2026-05-17 19:00:00,480.288
2026-05-17 19:30:00,411.738
2026-05-17 20:00:00,464.824
2026-05-17 20:30:00,372.295
2026-05-17 21:00:00,369.577
2026-05-17 21:30:00,298.278
2026-05-17 22:00:00,319.921
2026-05-17 22:30:00,258.136
2026-05-17 23:00:00,225.955
2026-05-17 23:30:00,239.182
2026-05-18 00:00:00,297.489
2026-05-18 00:30:00,300.66
2026-05-18 01:00:00,319.321
2026-05-18 01:30:00,335.049
2026-05-18 02:00:00,294.631
2026-05-18 02:30:00,290.384
2026-05-18 03:00:00,315.876
2026-05-18 03:30:00,328.983
2026-05-18 04:00:00,352.421
2026-05-18 04:30:00,289.636
2026-05-18 05:00:00,309.367
2026-05-18 05:30:00,348.1
2026-05-18 06:00:00,370.139
2026-05-18 06:30:00,299.107
2026-05-18 07:00:00,309.992
2026-05-18 07:30:00,344.411
2026-05-18 08:00:00,329.342
2026-05-18 08:30:00,336.868
2026-05-18 09:00:00,377.931
2026-05-18 09:30:00,431.204
2026-05-18 10:00:00,385.794
2026-05-18 10:30:00,488.08
2026-05-18 11:00:00,474.773
2026-05-18 11:30:00,542.82
2026-05-18 12:00:00,625.163
2026-05-18 12:30:00,650.104
2026-05-18 13:00:00,695.123
2026-05-18 13:30:00,783.235
2026-05-18 14:00:00,823.463
2026-05-18 14:30:00,900.452
2026-05-18 15:00:00,936.209
2026-05-18 15:30:00,1008.268
2026-05-18 16:00:00,986.324
2026-05-18 16:30:00,1017.349
2026-05-18 17:00:00,1014.777
2026-05-18 17:30:00,1041.276
2026-05-18 18:00:00,982.942
2026-05-18 18:30:00,969.444
2026-05-18 19:00:00,913.638
2026-05-18 19:30:00,924.41
2026-05-18 20:00:00,803.025
2026-05-18 20:30:00,733.117
2026-05-18 21:00:00,708.768
2026-05-18 21:30:00,684.141
2026-05-18 22:00:00,582.49
2026-05-18 22:30:00,533.207
2026-05-18 23:00:00,521.411
2026-05-18 23:30:00,472.578
2026-05-19 00:00:00,325.642
2026-05-19 00:30:00,300.455
2026-05-19 01:00:00,326.425
2026-05-19 01:30:00,281.03
2026-05-19 02:00:00,299.499
2026-05-19 02:30:00,350.95
2026-05-19 03:00:00,347.839
2026-05-19 03:30:00,326.439
2026-05-19 04:00:00,267.618
2026-05-19 04:30:00,286.213
2026-05-19 05:00:00,300.329
2026-05-19 05:30:00,314.413
2026-05-19 06:00:00,289.551
2026-05-19 06:30:00,317.776
2026-05-19 07:00:00,372.644
2026-05-19 07:30:00,344.904
2026-05-19 08:00:00,349.256
2026-05-19 08:30:00,330.41
2026-05-19 09:00:00,330.844
2026-05-19 09:30:00,361.764
2026-05-19 10:00:00,376.546
2026-05-19 10:30:00,452.498
2026-05-19 11:00:00,498.739
2026-05-19 11:30:00,510.043
2026-05-19 12:00:00,589.089
2026-05-19 12:30:00,678.696
2026-05-19 13:00:00,751.502
2026-05-19 13:30:00,784.541
2026-05-19 14:00:00,823.421
2026-05-19 14:30:00,905.871
2026-05-19 15:00:00,975.121
2026-05-19 15:30:00,936.559
2026-05-19 16:00:00,1058.232
2026-05-19 16:30:00,1029.072
2026-05-19 17:00:00,1036.626
2026-05-19 17:30:00,1033.813
2026-05-19 18:00:00,1029.182
2026-05-19 18:30:00,958.958
2026-05-19 19:00:00,934.205
2026-05-19 19:30:00,900.551
2026-05-19 20:00:00,833.256
2026-05-19 20:30:00,774.801
2026-05-19 21:00:00,694.461
2026-05-19 21:30:00,659.313
2026-05-19 22:00:00,611.802
2026-05-19 22:30:00,559.086
2026-05-19 23:00:00,499.832
2026-05-19 23:30:00,474.094
2026-05-20 00:00:00,336.784
2026-05-20 00:30:00,381.926
2026-05-20 01:00:00,345.478
2026-05-20 01:30:00,312.831
2026-05-20 02:00:00,292.299
2026-05-20 02:30:00,308.635
2026-05-20 03:00:00,306.995
2026-05-20 03:30:00,328.287
2026-05-20 04:00:00,298.346
2026-05-20 04:30:00,346.223
2026-05-20 05:00:00,282.577
2026-05-20 05:30:00,277.893
2026-05-20 06:00:00,317.434
2026-05-20 06:30:00,302.87
2026-05-20 07:00:00,297.006
2026-05-20 07:30:00,318.956
2026-05-20 08:00:00,324.748
2026-05-20 08:30:00,356.102
2026-05-20 09:00:00,356.307
2026-05-20 09:30:00,378.99
2026-05-20 10:00:00,418.409
2026-05-20 10:30:00,475.978
2026-05-20 11:00:00,525.911
2026-05-20 11:30:00,537.869
2026-05-20 12:00:00,591.03
2026-05-20 12:30:00,637.391
2026-05-20 13:00:00,714.591
2026-05-20 13:30:00,775.036
2026-05-20 14:00:00,860.938
2026-05-20 14:30:00,840.201
2026-05-20 15:00:00,935.463
2026-05-20 15:30:00,995.219
2026-05-20 16:00:00,1020.523
2026-05-20 16:30:00,1019.207
2026-05-20 17:00:00,1017.516
2026-05-20 17:30:00,1062.845
2026-05-20 18:00:00,1002.257
2026-05-20 18:30:00,942.867
2026-05-20 19:00:00,962.74
2026-05-20 19:30:00,898.893
2026-05-20 20:00:00,824.895
2026-05-20 20:30:00,742.417
2026-05-20 21:00:00,699.724
2026-05-20 21:30:00,672.36
2026-05-20 22:00:00,545.024
2026-05-20 22:30:00,495.076
2026-05-20 23:00:00,473.448
2026-05-20 23:30:00,449.956
2026-05-21 00:00:00,302.6
2026-05-21 00:30:00,331.084
2026-05-21 01:00:00,342.247
2026-05-21 01:30:00,322.019
2026-05-21 02:00:00,329.102
2026-05-21 02:30:00,321.966
2026-05-21 03:00:00,315.527
2026-05-21 03:30:00,283.163
2026-05-21 04:00:00,290.152
2026-05-21 04:30:00,282.646
2026-05-21 05:00:00,313.603
2026-05-21 05:30:00,324.513
2026-05-21 06:00:00,284.58
2026-05-21 06:30:00,325.749
2026-05-21 07:00:00,306.582
2026-05-21 07:30:00,308.153
2026-05-21 08:00:00,328.152
2026-05-21 08:30:00,327.837
2026-05-21 09:00:00,386.985
2026-05-21 09:30:00,388.268
2026-05-21 10:00:00,438.911
2026-05-21 10:30:00,439.534
2026-05-21 11:00:00,479.0
2026-05-21 11:30:00,581.01
2026-05-21 12:00:00,544.815
2026-05-21 12:30:00,674.083
2026-05-21 13:00:00,743.923
2026-05-21 13:30:00,784.426
2026-05-21 14:00:00,819.53
2026-05-21 14:30:00,923.091
2026-05-21 15:00:00,933.282
2026-05-21 15:30:00,969.095
2026-05-21 16:00:00,1011.474
2026-05-21 16:30:00,1028.432
2026-05-21 17:00:00,1026.334
2026-05-21 17:30:00,1070.437
2026-05-21 18:00:00,1001.844
2026-05-21 18:30:00,985.998
2026-05-21 19:00:00,905.231
2026-05-21 19:30:00,888.189
2026-05-21 20:00:00,798.894
2026-05-21 20:30:00,735.768
2026-05-21 21:00:00,699.828
2026-05-21 21:30:00,668.395
2026-05-21 22:00:00,596.402
2026-05-21 22:30:00,546.903
2026-05-21 23:00:00,485.894
2026-05-21 23:30:00,442.231
2026-05-22 00:00:00,334.786
2026-05-22 00:30:00,300.934
2026-05-22 01:00:00,335.887
2026-05-22 01:30:00,345.948
2026-05-22 02:00:00,294.056
2026-05-22 02:30:00,297.802
2026-05-22 03:00:00,301.647
2026-05-22 03:30:00,278.827
2026-05-22 04:00:00,304.117
2026-05-22 04:30:00,348.955
2026-05-22 05:00:00,291.177
2026-05-22 05:30:00,351.836
2026-05-22 06:00:00,309.976
2026-05-22 06:30:00,376.785
2026-05-22 07:00:00,311.417
2026-05-22 07:30:00,331.284
2026-05-22 08:00:00,321.031
2026-05-22 08:30:00,338.656
2026-05-22 09:00:00,405.273
2026-05-22 09:30:00,404.332
2026-05-22 10:00:00,444.251
2026-05-22 10:30:00,417.732
2026-05-22 11:00:00,505.513
2026-05-22 11:30:00,509.889
2026-05-22 12:00:00,551.958
2026-05-22 12:30:00,647.94
2026-05-22 13:00:00,708.273
2026-05-22 13:30:00,766.614
2026-05-22 14:00:00,845.731
2026-05-22 14:30:00,909.258
2026-05-22 15:00:00,978.069
2026-05-22 15:30:00,956.981
2026-05-22 16:00:00,1058.731
2026-05-22 16:30:00,1089.744
2026-05-22 17:00:00,1040.844
2026-05-22 17:30:00,1000.974
2026-05-22 18:00:00,986.593
2026-05-22 18:30:00,975.193
2026-05-22 19:00:00,991.679
2026-05-22 19:30:00,887.846
2026-05-22 20:00:00,812.362
2026-05-22 20:30:00,748.145
2026-05-22 21:00:00,669.492
2026-05-22 21:30:00,663.835
2026-05-22 22:00:00,583.09
2026-05-22 22:30:00,586.671
2026-05-22 23:00:00,504.847
2026-05-22 23:30:00,471.37
2026-05-23 00:00:00,157.751
2026-05-23 00:30:00,136.531
2026-05-23 01:00:00,141.974
2026-05-23 01:30:00,129.594
2026-05-23 02:00:00,186.607
2026-05-23 02:30:00,154.262
2026-05-23 03:00:00,187.763
2026-05-23 03:30:00,167.459
2026-05-23 04:00:00,156.923
2026-05-23 04:30:00,135.298
2026-05-23 05:00:00,172.545
2026-05-23 05:30:00,160.261
2026-05-23 06:00:00,189.377
2026-05-23 06:30:00,150.56
2026-05-23 07:00:00,186.203
2026-05-23 07:30:00,215.16
2026-05-23 08:00:00,185.582
2026-05-23 08:30:00,204.674
2026-05-23 09:00:00,207.643
2026-05-23 09:30:00,251.536
2026-05-23 10:00:00,226.925
2026-05-23 10:30:00,251.822
2026-05-23 11:00:00,253.447
2026-05-23 11:30:00,258.411
2026-05-23 12:00:00,274.199
2026-05-23 12:30:00,365.498
2026-05-23 13:00:00,340.122
2026-05-23 13:30:00,416.592
2026-05-23 14:00:00,440.852
2026-05-23 14:30:00,484.402
2026-05-23 15:00:00,476.622
2026-05-23 15:30:00,493.336
2026-05-23 16:00:00,540.473
2026-05-23 16:30:00,534.889
2026-05-23 17:00:00,515.224
2026-05-23 17:30:00,590.66
2026-05-23 18:00:00,511.229
2026-05-23 18:30:00,488.264
2026-05-23 19:00:00,483.436
2026-05-23 19:30:00,492.779
2026-05-23 20:00:00,376.284
2026-05-23 20:30:00,427.193
2026-05-23 21:00:00,342.544
2026-05-23 21:30:00,340.438
2026-05-23 22:00:00,287.503
2026-05-23 22:30:00,327.569
2026-05-23 23:00:00,257.469
2026-05-23 23:30:00,216.621
2026-05-24 00:00:00,156.276
2026-05-24 00:30:00,166.048
2026-05-24 01:00:00,168.256
2026-05-24 01:30:00,174.795
2026-05-24 02:00:00,163.812
2026-05-24 02:30:00,129.456
2026-05-24 03:00:00,155.444
2026-05-24 03:30:00,179.227
2026-05-24 04:00:00,147.496
2026-05-24 04:30:00,181.357
2026-05-24 05:00:00,165.797
2026-05-24 05:30:00,160.283
2026-05-24 06:00:00,196.676
2026-05-24 06:30:00,124.992
2026-05-24 07:00:00,153.917
2026-05-24 07:30:00,204.95
2026-05-24 08:00:00,224.52
2026-05-24 08:30:00,242.191
2026-05-24 09:00:00,194.605
2026-05-24 09:30:00,215.531
2026-05-24 10:00:00,238.072
2026-05-24 10:30:00,266.2
2026-05-24 11:00:00,262.181
2026-05-24 11:30:00,300.925
2026-05-24 12:00:00,315.898
2026-05-24 12:30:00,346.88
2026-05-24 13:00:00,342.372
2026-05-24 13:30:00,389.715
2026-05-24 14:00:00,417.383
2026-05-24 14:30:00,431.735
2026-05-24 15:00:00,448.199
2026-05-24 15:30:00,502.514
2026-05-24 16:00:00,524.417
2026-05-24 16:30:00,544.823
2026-05-24 17:00:00,559.893
2026-05-24 17:30:00,546.9
2026-05-24 18:00:00,524.591
2026-05-24 18:30:00,490.226
2026-05-24 19:00:00,511.416
2026-05-24 19:30:00,458.912
2026-05-24 20:00:00,419.607
2026-05-24 20:30:00,393.284
2026-05-24 21:00:00,347.013
2026-05-24 21:30:00,320.558
2026-05-24 22:00:00,290.342
2026-05-24 22:30:00,270.588
2026-05-24 23:00:00,270.748
2026-05-24 23:30:00,244.501
2026-05-25 00:00:00,353.675
2026-05-25 00:30:00,345.307
2026-05-25 01:00:00,363.937
2026-05-25 01:30:00,329.028
2026-05-25 02:00:00,328.668
2026-05-25 02:30:00,302.978
2026-05-25 03:00:00,335.94
2026-05-25 03:30:00,299.099
2026-05-25 04:00:00,279.091
2026-05-25 04:30:00,354.577
2026-05-25 05:00:00,286.087
2026-05-25 05:30:00,329.677
2026-05-25 06:00:00,298.803
2026-05-25 06:30:00,352.101
2026-05-25 07:00:00,360.036
2026-05-25 07:30:00,348.113
2026-05-25 08:00:00,374.945
2026-05-25 08:30:00,356.032
2026-05-25 09:00:00,427.673
2026-05-25 09:30:00,411.123
2026-05-25 10:00:00,396.017
2026-05-25 10:30:00,452.362
2026-05-25 11:00:00,485.329
2026-05-25 11:30:00,527.914
2026-05-25 12:00:00,543.963
2026-05-25 12:30:00,651.642
2026-05-25 13:00:00,667.916
2026-05-25 13:30:00,702.145
2026-05-25 14:00:00,819.192
2026-05-25 14:30:00,868.521
2026-05-25 15:00:00,919.787
2026-05-25 15:30:00,909.162
2026-05-25 16:00:00,999.909
2026-05-25 16:30:00,1038.346
2026-05-25 17:00:00,1034.146
2026-05-25 17:30:00,1052.37
2026-05-25 18:00:00,1055.997
2026-05-25 18:30:00,999.649
2026-05-25 19:00:00,966.986
2026-05-25 19:30:00,915.147
2026-05-25 20:00:00,802.321
2026-05-25 20:30:00,776.258
2026-05-25 21:00:00,727.439
2026-05-25 21:30:00,631.072
2026-05-25 22:00:00,565.626
2026-05-25 22:30:00,547.435
2026-05-25 23:00:00,452.101
2026-05-25 23:30:00,423.422
2026-05-26 00:00:00,298.338
2026-05-26 00:30:00,326.277
2026-05-26 01:00:00,320.499
2026-05-26 01:30:00,340.859
2026-05-26 02:00:00,292.044
2026-05-26 02:30:00,290.777
2026-05-26 03:00:00,328.387
2026-05-26 03:30:00,295.535
2026-05-26 04:00:00,300.764
2026-05-26 04:30:00,270.0
2026-05-26 05:00:00,324.587
2026-05-26 05:30:00,357.238
2026-05-26 06:00:00,295.079
2026-05-26 06:30:00,349.477
2026-05-26 07:00:00,326.977
2026-05-26 07:30:00,290.748
2026-05-26 08:00:00,321.417
2026-05-26 08:30:00,331.937
2026-05-26 09:00:00,363.906
2026-05-26 09:30:00,402.956
2026-05-26 10:00:00,464.754
2026-05-26 10:30:00,414.843
2026-05-26 11:00:00,477.022
2026-05-26 11:30:00,511.775
2026-05-26 12:00:00,553.692
2026-05-26 12:30:00,644.357
2026-05-26 13:00:00,702.597
2026-05-26 13:30:00,719.935
2026-05-26 14:00:00,828.246
2026-05-26 14:30:00,857.284
2026-05-26 15:00:00,941.621
2026-05-26 15:30:00,1018.477
2026-05-26 16:00:00,1032.757
2026-05-26 16:30:00,1047.125
2026-05-26 17:00:00,1036.781
2026-05-26 17:30:00,1044.358
2026-05-26 18:00:00,1035.262
2026-05-26 18:30:00,998.344
2026-05-26 19:00:00,938.845
2026-05-26 19:30:00,892.853
2026-05-26 20:00:00,794.878
2026-05-26 20:30:00,746.922
2026-05-26 21:00:00,720.249
2026-05-26 21:30:00,663.022
2026-05-26 22:00:00,587.731
2026-05-26 22:30:00,571.149
2026-05-26 23:00:00,501.842
2026-05-26 23:30:00,444.794
2026-05-27 00:00:00,284.513
2026-05-27 00:30:00,350.982
2026-05-27 01:00:00,334.284
2026-05-27 01:30:00,360.007
2026-05-27 02:00:00,369.262
2026-05-27 02:30:00,282.99
2026-05-27 03:00:00,283.181
2026-05-27 03:30:00,243.922
2026-05-27 04:00:00,338.811
2026-05-27 04:30:00,332.831
2026-05-27 05:00:00,319.761
2026-05-27 05:30:00,288.052
2026-05-27 06:00:00,318.586
2026-05-27 06:30:00,328.552
2026-05-27 07:00:00,348.03
2026-05-27 07:30:00,341.708
2026-05-27 08:00:00,360.38
2026-05-27 08:30:00,352.745
2026-05-27 09:00:00,401.356
2026-05-27 09:30:00,408.262
2026-05-27 10:00:00,388.858
2026-05-27 10:30:00,485.352
2026-05-27 11:00:00,519.781
2026-05-27 11:30:00,545.812
2026-05-27 12:00:00,592.409
2026-05-27 12:30:00,683.436
2026-05-27 13:00:00,661.727
2026-05-27 13:30:00,796.311
2026-05-27 14:00:00,815.887
2026-05-27 14:30:00,914.798
2026-05-27 15:00:00,944.335
2026-05-27 15:30:00,955.666
2026-05-27 16:00:00,1008.767
2026-05-27 16:30:00,1068.23
2026-05-27 17:00:00,1044.745
2026-05-27 17:30:00,1027.149
2026-05-27 18:00:00,1005.476
2026-05-27 18:30:00,1002.796
2026-05-27 19:00:00,985.092
2026-05-27 19:30:00,833.896
2026-05-27 20:00:00,897.809
2026-05-27 20:30:00,770.374
2026-05-27 21:00:00,717.066
2026-05-27 21:30:00,631.064
2026-05-27 22:00:00,585.304
2026-05-27 22:30:00,538.988
2026-05-27 23:00:00,462.915
2026-05-27 23:30:00,430.48
2026-05-28 00:00:00,344.621
2026-05-28 00:30:00,276.205
2026-05-28 01:00:00,326.052
2026-05-28 01:30:00,305.786
2026-05-28 02:00:00,291.073
2026-05-28 02:30:00,364.462
2026-05-28 03:00:00,291.427
2026-05-28 03:30:00,287.249
2026-05-28 04:00:00,311.178
2026-05-28 04:30:00,297.205
2026-05-28 05:00:00,317.476
2026-05-28 05:30:00,322.591
2026-05-28 06:00:00,326.678
2026-05-28 06:30:00,320.837
2026-05-28 07:00:00,310.908
2026-05-28 07:30:00,350.968
2026-05-28 08:00:00,340.993
2026-05-28 08:30:00,343.458
2026-05-28 09:00:00,408.819
2026-05-28 09:30:00,389.436
2026-05-28 10:00:00,445.831
2026-05-28 10:30:00,481.293
2026-05-28 11:00:00,521.334
2026-05-28 11:30:00,551.454
2026-05-28 12:00:00,585.376
2026-05-28 12:30:00,640.37
2026-05-28 13:00:00,696.457
2026-05-28 13:30:00,711.108
2026-05-28 14:00:00,845.762
2026-05-28 14:30:00,893.53
2026-05-28 15:00:00,961.964
2026-05-28 15:30:00,983.814
2026-05-28 16:00:00,1037.801
2026-05-28 16:30:00,1008.249
2026-05-28 17:00:00,1020.768
2026-05-28 17:30:00,980.781
2026-05-28 18:00:00,1017.822
2026-05-28 18:30:00,967.426
2026-05-28 19:00:00,918.741
2026-05-28 19:30:00,895.785
2026-05-28 20:00:00,817.154
2026-05-28 20:30:00,729.453
2026-05-28 21:00:00,766.179
2026-05-28 21:30:00,641.045
2026-05-28 22:00:00,558.312
2026-05-28 22:30:00,517.429
2026-05-28 23:00:00,484.813
2026-05-28 23:30:00,446.241
2026-05-29 00:00:00,347.561
2026-05-29 00:30:00,313.028
2026-05-29 01:00:00,361.406
2026-05-29 01:30:00,304.239
2026-05-29 02:00:00,325.752
2026-05-29 02:30:00,340.713
2026-05-29 03:00:00,345.168
2026-05-29 03:30:00,348.298
2026-05-29 04:00:00,309.052
2026-05-29 04:30:00,316.282
2026-05-29 05:00:00,255.331
2026-05-29 05:30:00,313.805
2026-05-29 06:00:00,348.093
2026-05-29 06:30:00,346.355
2026-05-29 07:00:00,326.3
2026-05-29 07:30:00,377.362
2026-05-29 08:00:00,334.185
2026-05-29 08:30:00,337.945
2026-05-29 09:00:00,360.115
2026-05-29 09:30:00,364.407
2026-05-29 10:00:00,434.091
2026-05-29 10:30:00,457.834
2026-05-29 11:00:00,504.391
2026-05-29 11:30:00,523.816
2026-05-29 12:00:00,583.94
2026-05-29 12:30:00,587.51
2026-05-29 13:00:00,711.966
2026-05-29 13:30:00,767.751
2026-05-29 14:00:00,800.279
2026-05-29 14:30:00,884.802
2026-05-29 15:00:00,934.879
2026-05-29 15:30:00,1030.847
2026-05-29 16:00:00,994.652
2026-05-29 16:30:00,1050.972
2026-05-29 17:00:00,1022.731
2026-05-29 17:30:00,1028.74
2026-05-29 18:00:00,1028.101
2026-05-29 18:30:00,981.455
2026-05-29 19:00:00,941.176
2026-05-29 19:30:00,895.737
2026-05-29 20:00:00,815.45
2026-05-29 20:30:00,787.384
2026-05-29 21:00:00,694.923
2026-05-29 21:30:00,639.532
2026-05-29 22:00:00,594.424
2026-05-29 22:30:00,539.85
2026-05-29 23:00:00,505.248
2026-05-29 23:30:00,458.546
2026-05-30 00:00:00,175.529
2026-05-30 00:30:00,155.673
2026-05-30 01:00:00,137.094
2026-05-30 01:30:00,128.135
2026-05-30 02:00:00,122.079
2026-05-30 02:30:00,207.953
2026-05-30 03:00:00,108.631
2026-05-30 03:30:00,193.904
2026-05-30 04:00:00,143.721
2026-05-30 04:30:00,194.199
2026-05-30 05:00:00,109.941
2026-05-30 05:30:00,159.85
2026-05-30 06:00:00,203.173
2026-05-30 06:30:00,186.276
2026-05-30 07:00:00,162.369
2026-05-30 07:30:00,125.565
2026-05-30 08:00:00,145.706
2026-05-30 08:30:00,219.77
2026-05-30 09:00:00,184.64
2026-05-30 09:30:00,202.288
2026-05-30 10:00:00,224.724
2026-05-30 10:30:00,201.752
2026-05-30 11:00:00,264.536
2026-05-30 11:30:00,267.281
2026-05-30 12:00:00,311.746
2026-05-30 12:30:00,319.373
2026-05-30 13:00:00,326.003
2026-05-30 13:30:00,387.261
2026-05-30 14:00:00,446.471
2026-05-30 14:30:00,471.309
2026-05-30 15:00:00,490.263
2026-05-30 15:30:00,535.558
2026-05-30 16:00:00,525.924
2026-05-30 16:30:00,543.604
2026-05-30 17:00:00,534.006
2026-05-30 17:30:00,566.112
2026-05-30 18:00:00,538.302
2026-05-30 18:30:00,499.181
2026-05-30 19:00:00,452.264
2026-05-30 19:30:00,489.082
2026-05-30 20:00:00,411.85
2026-05-30 20:30:00,399.747
2026-05-30 21:00:00,424.146
2026-05-30 21:30:00,353.862
2026-05-30 22:00:00,344.682
2026-05-30 22:30:00,264.318
2026-05-30 23:00:00,281.128
2026-05-30 23:30:00,234.99
2026-05-31 00:00:00,172.954
2026-05-31 00:30:00,214.328
2026-05-31 01:00:00,156.848
2026-05-31 01:30:00,164.307
2026-05-31 02:00:00,141.267
2026-05-31 02:30:00,186.097
2026-05-31 03:00:00,149.935
2026-05-31 03:30:00,189.629
2026-05-31 04:00:00,122.995
2026-05-31 04:30:00,178.254
2026-05-31 05:00:00,148.912
2026-05-31 05:30:00,183.99
2026-05-31 06:00:00,166.483
2026-05-31 06:30:00,155.062
2026-05-31 07:00:00,161.136
2026-05-31 07:30:00,152.88
2026-05-31 08:00:00,199.713
2026-05-31 08:30:00,158.825
2026-05-31 09:00:00,186.669
2026-05-31 09:30:00,212.715
2026-05-31 10:00:00,257.973
2026-05-31 10:30:00,234.091
2026-05-31 11:00:00,248.291
2026-05-31 11:30:00,284.612
2026-05-31 12:00:00,252.567
2026-05-31 12:30:00,303.859
2026-05-31 13:00:00,355.947
2026-05-31 13:30:00,380.122
2026-05-31 14:00:00,390.431
2026-05-31 14:30:00,482.902
2026-05-31 15:00:00,495.983
2026-05-31 15:30:00,516.611
2026-05-31 16:00:00,513.664
2026-05-31 16:30:00,544.182
2026-05-31 17:00:00,558.861
2026-05-31 17:30:00,535.575
2026-05-31 18:00:00,542.128
2026-05-31 18:30:00,493.203
2026-05-31 19:00:00,491.926
2026-05-31 19:30:00,490.02
2026-05-31 20:00:00,461.252
2026-05-31 20:30:00,431.136
2026-05-31 21:00:00,372.47
2026-05-31 21:30:00,334.615
2026-05-31 22:00:00,293.184
2026-05-31 22:30:00,232.584
2026-05-31 23:00:00,220.731
2026-05-31 23:30:00,230.122
2026-06-01 00:00:00,348.526
2026-06-01 00:30:00,386.546
2026-06-01 01:00:00,384.124
2026-06-01 01:30:00,334.118
2026-06-01 02:00:00,371.784
2026-06-01 02:30:00,339.481
2026-06-01 03:00:00,368.613
2026-06-01 03:30:00,371.935
2026-06-01 04:00:00,383.227
2026-06-01 04:30:00,340.491
2026-06-01 05:00:00,379.165
2026-06-01 05:30:00,308.536
2026-06-01 06:00:00,390.11
2026-06-01 06:30:00,360.561
2026-06-01 07:00:00,366.142
2026-06-01 07:30:00,322.459
2026-06-01 08:00:00,373.604
2026-06-01 08:30:00,430.658
2026-06-01 09:00:00,403.911
2026-06-01 09:30:00,455.439
2026-06-01 10:00:00,467.526
2026-06-01 10:30:00,529.01
2026-06-01 11:00:00,550.181
2026-06-01 11:30:00,572.31
2026-06-01 12:00:00,654.123
2026-06-01 12:30:00,755.828
2026-06-01 13:00:00,795.795
2026-06-01 13:30:00,850.376
2026-06-01 14:00:00,979.382
2026-06-01 14:30:00,1018.452
2026-06-01 15:00:00,1069.996
2026-06-01 15:30:00,1108.148
2026-06-01 16:00:00,1156.873
2026-06-01 16:30:00,1181.664
2026-06-01 17:00:00,1116.18
2026-06-01 17:30:00,1172.469
2026-06-01 18:00:00,1134.596
2026-06-01 18:30:00,1087.72
2026-06-01 19:00:00,1044.692
2026-06-01 19:30:00,950.575
2026-06-01 20:00:00,877.873
2026-06-01 20:30:00,884.45
2026-06-01 21:00:00,794.908
2026-06-01 21:30:00,655.472
2026-06-01 22:00:00,638.302
2026-06-01 22:30:00,617.619
2026-06-01 23:00:00,538.393
2026-06-01 23:30:00,533.568
2026-06-02 00:00:00,377.477
2026-06-02 00:30:00,317.322
2026-06-02 01:00:00,347.671
2026-06-02 01:30:00,340.078
2026-06-02 02:00:00,316.595
2026-06-02 02:30:00,315.051
2026-06-02 03:00:00,331.397
2026-06-02 03:30:00,335.761
2026-06-02 04:00:00,359.256
2026-06-02 04:30:00,378.912
2026-06-02 05:00:00,366.649
2026-06-02 05:30:00,374.116
2026-06-02 06:00:00,351.04
2026-06-02 06:30:00,376.261
2026-06-02 07:00:00,362.526
2026-06-02 07:30:00,362.358
2026-06-02 08:00:00,430.748
2026-06-02 08:30:00,338.509
2026-06-02 09:00:00,367.746
2026-06-02 09:30:00,447.17
2026-06-02 10:00:00,460.037
2026-06-02 10:30:00,466.519
2026-06-02 11:00:00,519.028
2026-06-02 11:30:00,572.495
2026-06-02 12:00:00,675.02
2026-06-02 12:30:00,746.108
2026-06-02 13:00:00,824.343
2026-06-02 13:30:00,813.562
2026-06-02 14:00:00,888.81
2026-06-02 14:30:00,953.581
2026-06-02 15:00:00,1081.8
2026-06-02 15:30:00,1110.645
2026-06-02 16:00:00,1140.621
2026-06-02 16:30:00,1168.336
2026-06-02 17:00:00,1169.331
2026-06-02 17:30:00,1134.567
2026-06-02 18:00:00,1151.445
2026-06-02 18:30:00,1095.561
2026-06-02 19:00:00,1019.57
2026-06-02 19:30:00,1003.829
2026-06-02 20:00:00,912.344
2026-06-02 20:30:00,858.975
2026-06-02 21:00:00,780.23
2026-06-02 21:30:00,738.082
2026-06-02 22:00:00,658.215
2026-06-02 22:30:00,573.513
2026-06-02 23:00:00,553.443
2026-06-02 23:30:00,511.311
2026-06-03 00:00:00,364.016
2026-06-03 00:30:00,377.137
2026-06-03 01:00:00,335.855
2026-06-03 01:30:00,367.978
2026-06-03 02:00:00,308.206
2026-06-03 02:30:00,348.408
2026-06-03 03:00:00,344.681
2026-06-03 03:30:00,387.98
2026-06-03 04:00:00,348.267
2026-06-03 04:30:00,368.007
2026-06-03 05:00:00,309.763
2026-06-03 05:30:00,346.563
2026-06-03 06:00:00,336.546
2026-06-03 06:30:00,423.074
2026-06-03 07:00:00,349.565
2026-06-03 07:30:00,375.227
2026-06-03 08:00:00,386.485
2026-06-03 08:30:00,357.034
2026-06-03 09:00:00,401.427
2026-06-03 09:30:00,447.721
2026-06-03 10:00:00,468.805
2026-06-03 10:30:00,444.933
2026-06-03 11:00:00,531.218
2026-06-03 11:30:00,621.126
2026-06-03 12:00:00,667.417
2026-06-03 12:30:00,746.248
2026-06-03 13:00:00,758.713
2026-06-03 13:30:00,885.311
2026-06-03 14:00:00,921.878
2026-06-03 14:30:00,1029.277
2026-06-03 15:00:00,1049.661
2026-06-03 15:30:00,1049.028
2026-06-03 16:00:00,1159.847
2026-06-03 16:30:00,1151.508
2026-06-03 17:00:00,1161.344
2026-06-03 17:30:00,1126.268
2026-06-03 18:00:00,1179.171
2026-06-03 18:30:00,1087.187
2026-06-03 19:00:00,1088.954
2026-06-03 19:30:00,978.691
2026-06-03 20:00:00,899.795
2026-06-03 20:30:00,886.276
2026-06-03 21:00:00,781.521
2026-06-03 21:30:00,714.208
2026-06-03 22:00:00,620.671
2026-06-03 22:30:00,584.165
2026-06-03 23:00:00,556.111
2026-06-03 23:30:00,469.964
2026-06-04 00:00:00,337.756
2026-06-04 00:30:00,340.729
2026-06-04 01:00:00,352.915
2026-06-04 01:30:00,388.269
2026-06-04 02:00:00,343.827
2026-06-04 02:30:00,334.145
2026-06-04 03:00:00,420.207
2026-06-04 03:30:00,340.955
2026-06-04 04:00:00,347.409
2026-06-04 04:30:00,343.861
2026-06-04 05:00:00,346.888
2026-06-04 05:30:00,357.301
2026-06-04 06:00:00,380.725
2026-06-04 06:30:00,371.286
2026-06-04 07:00:00,393.163
2026-06-04 07:30:00,399.495
2026-06-04 08:00:00,388.535
2026-06-04 08:30:00,406.179
2026-06-04 09:00:00,442.297
2026-06-04 09:30:00,409.822
2026-06-04 10:00:00,529.117
2026-06-04 10:30:00,489.629
2026-06-04 11:00:00,536.619
2026-06-04 11:30:00,565.308
2026-06-04 12:00:00,623.158
2026-06-04 12:30:00,740.148
2026-06-04 13:00:00,840.109
2026-06-04 13:30:00,839.107
2026-06-04 14:00:00,931.671
2026-06-04 14:30:00,994.976
2026-06-04 15:00:00,1074.584
2026-06-04 15:30:00,1155.682
2026-06-04 16:00:00,1176.64
2026-06-04 16:30:00,1156.629
2026-06-04 17:00:00,1183.969
2026-06-04 17:30:00,1178.297
2026-06-04 18:00:00,1138.114
2026-06-04 18:30:00,1072.816
2026-06-04 19:00:00,1029.609
2026-06-04 19:30:00,1018.176
2026-06-04 20:00:00,954.271
2026-06-04 20:30:00,848.098
2026-06-04 21:00:00,789.881
2026-06-04 21:30:00,745.729
2026-06-04 22:00:00,610.105
2026-06-04 22:30:00,584.446
2026-06-04 23:00:00,595.84
2026-06-04 23:30:00,509.926
2026-06-05 00:00:00,323.002
2026-06-05 00:30:00,354.172
2026-06-05 01:00:00,376.79
2026-06-05 01:30:00,287.617
2026-06-05 02:00:00,355.733
2026-06-05 02:30:00,342.097
2026-06-05 03:00:00,310.498
2026-06-05 03:30:00,353.832
2026-06-05 04:00:00,348.763
2026-06-05 04:30:00,352.205
2026-06-05 05:00:00,345.101
2026-06-05 05:30:00,329.823
2026-06-05 06:00:00,321.335
2026-06-05 06:30:00,343.919
2026-06-05 07:00:00,387.716
2026-06-05 07:30:00,379.221
2026-06-05 08:00:00,381.591
2026-06-05 08:30:00,370.777
2026-06-05 09:00:00,405.23
2026-06-05 09:30:00,456.031
2026-06-05 10:00:00,479.282
2026-06-05 10:30:00,490.513
2026-06-05 11:00:00,480.108
2026-06-05 11:30:00,578.734
2026-06-05 12:00:00,640.644
2026-06-05 12:30:00,693.12
2026-06-05 13:00:00,773.025
2026-06-05 13:30:00,873.701
2026-06-05 14:00:00,922.056
2026-06-05 14:30:00,1014.214
2026-06-05 15:00:00,1011.869
2026-06-05 15:30:00,1092.588
2026-06-05 16:00:00,1090.14
2026-06-05 16:30:00,1151.931
2026-06-05 17:00:00,1144.609
2026-06-05 17:30:00,1194.627
2026-06-05 18:00:00,1148.859
2026-06-05 18:30:00,1125.585
2026-06-05 19:00:00,1038.844
2026-06-05 19:30:00,963.979
2026-06-05 20:00:00,896.699
2026-06-05 20:30:00,859.924
2026-06-05 21:00:00,828.608
2026-06-05 21:30:00,726.107
2026-06-05 22:00:00,643.342
2026-06-05 22:30:00,590.886
2026-06-05 23:00:00,544.611
2026-06-05 23:30:00,553.109
2026-06-06 00:00:00,213.481
2026-06-06 00:30:00,189.144
2026-06-06 01:00:00,185.396
2026-06-06 01:30:00,190.149
2026-06-06 02:00:00,195.046
2026-06-06 02:30:00,172.402
2026-06-06 03:00:00,161.703
2026-06-06 03:30:00,208.733
2026-06-06 04:00:00,183.681
2026-06-06 04:30:00,207.178
2026-06-06 05:00:00,225.134
2026-06-06 05:30:00,197.801
2026-06-06 06:00:00,194.97
2026-06-06 06:30:00,267.823
2026-06-06 07:00:00,195.618
2026-06-06 07:30:00,166.902
2026-06-06 08:00:00,192.296
2026-06-06 08:30:00,245.113
2026-06-06 09:00:00,183.226
2026-06-06 09:30:00,208.742
2026-06-06 10:00:00,270.325
2026-06-06 10:30:00,254.48
2026-06-06 11:00:00,280.848
2026-06-06 11:30:00,336.549
2026-06-06 12:00:00,321.489
2026-06-06 12:30:00,335.5
2026-06-06 13:00:00,372.622
2026-06-06 13:30:00,458.254
2026-06-06 14:00:00,486.432
2026-06-06 14:30:00,497.211
2026-06-06 15:00:00,516.811
2026-06-06 15:30:00,565.347
2026-06-06 16:00:00,619.993
2026-06-06 16:30:00,583.654
2026-06-06 17:00:00,592.223
2026-06-06 17:30:00,574.787
2026-06-06 18:00:00,582.895
2026-06-06 18:30:00,580.563
2026-06-06 19:00:00,598.66
2026-06-06 19:30:00,519.97
2026-06-06 20:00:00,478.612
2026-06-06 20:30:00,465.283
2026-06-06 21:00:00,424.75
2026-06-06 21:30:00,357.773
2026-06-06 22:00:00,396.961
2026-06-06 22:30:00,309.105
2026-06-06 23:00:00,289.514
2026-06-06 23:30:00,275.054
2026-06-07 00:00:00,191.288
2026-06-07 00:30:00,220.78
2026-06-07 01:00:00,167.905
2026-06-07 01:30:00,202.25
2026-06-07 02:00:00,186.804
2026-06-07 02:30:00,207.3
2026-06-07 03:00:00,177.43
2026-06-07 03:30:00,174.167
2026-06-07 04:00:00,201.433
2026-06-07 04:30:00,192.41
2026-06-07 05:00:00,163.472
2026-06-07 05:30:00,218.426
2026-06-07 06:00:00,204.319
2026-06-07 06:30:00,185.962
2026-06-07 07:00:00,178.736
2026-06-07 07:30:00,203.268
2026-06-07 08:00:00,215.839
2026-06-07 08:30:00,166.469
2026-06-07 09:00:00,224.973
2026-06-07 09:30:00,243.867
2026-06-07 10:00:00,183.853
2026-06-07 10:30:00,266.175
2026-06-07 11:00:00,300.97
2026-06-07 11:30:00,324.237
2026-06-07 12:00:00,359.471
2026-06-07 12:30:00,364.025
2026-06-07 13:00:00,381.347
2026-06-07 13:30:00,398.716
2026-06-07 14:00:00,507.259
2026-06-07 14:30:00,532.102
2026-06-07 15:00:00,574.993
2026-06-07 15:30:00,553.983
2026-06-07 16:00:00,612.176
2026-06-07 16:30:00,566.983
2026-06-07 17:00:00,587.053
2026-06-07 17:30:00,607.699
2026-06-07 18:00:00,608.66
2026-06-07 18:30:00,614.087
2026-06-07 19:00:00,539.779
2026-06-07 19:30:00,492.882
2026-06-07 20:00:00,457.025
2026-06-07 20:30:00,426.513
2026-06-07 21:00:00,462.87
2026-06-07 21:30:00,391.136
2026-06-07 22:00:00,367.223
2026-06-07 22:30:00,303.74
2026-06-07 23:00:00,283.563
2026-06-07 23:30:00,278.752
2026-06-08 00:00:00,338.588
2026-06-08 00:30:00,343.958
2026-06-08 01:00:00,334.387
2026-06-08 01:30:00,340.093
2026-06-08 02:00:00,352.551
2026-06-08 02:30:00,330.865
2026-06-08 03:00:00,358.697
2026-06-08 03:30:00,358.899
2026-06-08 04:00:00,347.694
2026-06-08 04:30:00,332.121
2026-06-08 05:00:00,356.431
2026-06-08 05:30:00,342.734
2026-06-08 06:00:00,358.87
2026-06-08 06:30:00,388.64
2026-06-08 07:00:00,334.912
2026-06-08 07:30:00,427.732
2026-06-08 08:00:00,381.508
2026-06-08 08:30:00,407.067
2026-06-08 09:00:00,395.759
2026-06-08 09:30:00,466.158
2026-06-08 10:00:00,463.521
2026-06-08 10:30:00,492.59
2026-06-08 11:00:00,531.005
2026-06-08 11:30:00,588.893
2026-06-08 12:00:00,663.17
2026-06-08 12:30:00,720.118
2026-06-08 13:00:00,782.358
2026-06-08 13:30:00,835.502
2026-06-08 14:00:00,903.759
2026-06-08 14:30:00,977.95
2026-06-08 15:00:00,1061.085
2026-06-08 15:30:00,1116.771
2026-06-08 16:00:00,1158.542
2026-06-08 16:30:00,1162.559
2026-06-08 17:00:00,1180.339
2026-06-08 17:30:00,1158.384
2026-06-08 18:00:00,1095.059
2026-06-08 18:30:00,1094.816
2026-06-08 19:00:00,1040.195
2026-06-08 19:30:00,963.496
2026-06-08 20:00:00,908.803
2026-06-08 20:30:00,856.665
2026-06-08 21:00:00,755.023
2026-06-08 21:30:00,698.028
2026-06-08 22:00:00,691.409
2026-06-08 22:30:00,555.537
2026-06-08 23:00:00,540.814
2026-06-08 23:30:00,473.286
2026-06-09 00:00:00,332.442
2026-06-09 00:30:00,346.297
2026-06-09 01:00:00,326.565
2026-06-09 01:30:00,365.628
2026-06-09 02:00:00,385.105
2026-06-09 02:30:00,372.449
2026-06-09 03:00:00,377.163
2026-06-09 03:30:00,317.291
2026-06-09 04:00:00,346.098
2026-06-09 04:30:00,364.493
2026-06-09 05:00:00,375.587
2026-06-09 05:30:00,399.191
2026-06-09 06:00:00,384.431
2026-06-09 06:30:00,383.599
2026-06-09 07:00:00,432.075
2026-06-09 07:30:00,375.802
2026-06-09 08:00:00,376.094
2026-06-09 08:30:00,401.205
2026-06-09 09:00:00,391.702
2026-06-09 09:30:00,439.293
2026-06-09 10:00:00,423.491
2026-06-09 10:30:00,489.205
2026-06-09 11:00:00,542.51
2026-06-09 11:30:00,619.346
2026-06-09 12:00:00,680.489
2026-06-09 12:30:00,691.707
2026-06-09 13:00:00,835.255
2026-06-09 13:30:00,856.997
2026-06-09 14:00:00,928.989
2026-06-09 14:30:00,949.029
2026-06-09 15:00:00,1034.077
2026-06-09 15:30:00,1126.46
2026-06-09 16:00:00,1142.86
2026-06-09 16:30:00,1165.291
2026-06-09 17:00:00,1176.429
2026-06-09 17:30:00,1126.515
2026-06-09 18:00:00,1136.201
2026-06-09 18:30:00,1135.423
2026-06-09 19:00:00,1076.746
2026-06-09 19:30:00,986.342
2026-06-09 20:00:00,962.08
2026-06-09 20:30:00,821.81
2026-06-09 21:00:00,759.062
2026-06-09 21:30:00,762.388
2026-06-09 22:00:00,667.161
2026-06-09 22:30:00,588.383
2026-06-09 23:00:00,544.01
2026-06-09 23:30:00,482.278
2026-06-10 00:00:00,358.148
2026-06-10 00:30:00,356.175
2026-06-10 01:00:00,351.751
2026-06-10 01:30:00,322.286
2026-06-10 02:00:00,357.945
2026-06-10 02:30:00,338.17
2026-06-10 03:00:00,326.898
2026-06-10 03:30:00,383.453
2026-06-10 04:00:00,406.418
2026-06-10 04:30:00,401.373
2026-06-10 05:00:00,370.06
2026-06-10 05:30:00,348.717
2026-06-10 06:00:00,355.946
2026-06-10 06:30:00,371.327
2026-06-10 07:00:00,355.729
2026-06-10 07:30:00,406.365
2026-06-10 08:00:00,332.428
2026-06-10 08:30:00,389.378
2026-06-10 09:00:00,434.605
2026-06-10 09:30:00,416.473
2026-06-10 10:00:00,460.658
2026-06-10 10:30:00,517.284
2026-06-10 11:00:00,583.35
2026-06-10 11:30:00,563.257
2026-06-10 12:00:00,618.51
2026-06-10 12:30:00,692.147
2026-06-10 13:00:00,744.916
2026-06-10 13:30:00,816.628
2026-06-10 14:00:00,898.672
2026-06-10 14:30:00,1020.309
2026-06-10 15:00:00,1041.776
2026-06-10 15:30:00,1100.999
2026-06-10 16:00:00,1114.729
2026-06-10 16:30:00,1178.434
2026-06-10 17:00:00,1217.644
2026-06-10 17:30:00,1140.405
2026-06-10 18:00:00,1181.735
2026-06-10 18:30:00,1109.325
2026-06-10 19:00:00,1050.0
2026-06-10 19:30:00,999.475
2026-06-10 20:00:00,932.751
2026-06-10 20:30:00,899.715
2026-06-10 21:00:00,796.36
2026-06-10 21:30:00,729.325
2026-06-10 22:00:00,642.174
2026-06-10 22:30:00,616.582
2026-06-10 23:00:00,521.472
2026-06-10 23:30:00,505.168
2026-06-11 00:00:00,423.315
2026-06-11 00:30:00,288.636
2026-06-11 01:00:00,357.083
2026-06-11 01:30:00,358.071
2026-06-11 02:00:00,345.624
2026-06-11 02:30:00,346.294
2026-06-11 03:00:00,353.833
2026-06-11 03:30:00,345.484
2026-06-11 04:00:00,357.725
2026-06-11 04:30:00,340.617
2026-06-11 05:00:00,404.367
2026-06-11 05:30:00,349.057
2026-06-11 06:00:00,371.945
2026-06-11 06:30:00,344.461
2026-06-11 07:00:00,389.564
2026-06-11 07:30:00,391.731
2026-06-11 08:00:00,393.802
2026-06-11 08:30:00,371.088
2026-06-11 09:00:00,395.768
2026-06-11 09:30:00,479.757
2026-06-11 10:00:00,447.575
2026-06-11 10:30:00,518.466
2026-06-11 11:00:00,521.776
2026-06-11 11:30:00,620.815
2026-06-11 12:00:00,635.551
2026-06-11 12:30:00,691.718
2026-06-11 13:00:00,765.546
2026-06-11 13:30:00,839.443
2026-06-11 14:00:00,933.105
2026-06-11 14:30:00,991.206
2026-06-11 15:00:00,1022.199
2026-06-11 15:30:00,1099.516
2026-06-11 16:00:00,1110.028
2026-06-11 16:30:00,1178.685
2026-06-11 17:00:00,1191.423
2026-06-11 17:30:00,1161.997
2026-06-11 18:00:00,1145.407
2026-06-11 18:30:00,1144.018
2026-06-11 19:00:00,1045.638
2026-06-11 19:30:00,965.865
2026-06-11 20:00:00,937.468
2026-06-11 20:30:00,824.971
2026-06-11 21:00:00,778.09
2026-06-11 21:30:00,700.823
2026-06-11 22:00:00,635.166
2026-06-11 22:30:00,589.353
2026-06-11 23:00:00,567.891
2026-06-11 23:30:00,530.085
2026-06-12 00:00:00,374.388
2026-06-12 00:30:00,359.649
2026-06-12 01:00:00,344.811
2026-06-12 01:30:00,292.334
2026-06-12 02:00:00,360.518
2026-06-12 02:30:00,294.424
2026-06-12 03:00:00,303.463
2026-06-12 03:30:00,347.742
2026-06-12 04:00:00,358.789
2026-06-12 04:30:00,341.53
2026-06-12 05:00:00,392.196
2026-06-12 05:30:00,366.909
2026-06-12 06:00:00,351.47
2026-06-12 06:30:00,395.844
2026-06-12 07:00:00,405.363
2026-06-12 07:30:00,386.209
2026-06-12 08:00:00,363.939
2026-06-12 08:30:00,383.014
2026-06-12 09:00:00,378.41
2026-06-12 09:30:00,436.542
2026-06-12 10:00:00,440.411
2026-06-12 10:30:00,494.216
2026-06-12 11:00:00,551.908
2026-06-12 11:30:00,546.012
2026-06-12 12:00:00,621.118
2026-06-12 12:30:00,703.126
2026-06-12 13:00:00,782.041
2026-06-12 13:30:00,840.94
2026-06-12 14:00:00,916.225
2026-06-12 14:30:00,971.817
2026-06-12 15:00:00,1013.343
2026-06-12 15:30:00,1086.846
2026-06-12 16:00:00,1133.287
2026-06-12 16:30:00,1154.836
2026-06-12 17:00:00,1173.545
2026-06-12 17:30:00,1173.068
2026-06-12 18:00:00,1155.659
2026-06-12 18:30:00,1084.376
2026-06-12 19:00:00,1010.183
2026-06-12 19:30:00,1021.262
2026-06-12 20:00:00,932.624
2026-06-12 20:30:00,829.421
2026-06-12 21:00:00,790.297
2026-06-12 21:30:00,742.497
2026-06-12 22:00:00,695.941
2026-06-12 22:30:00,601.87
2026-06-12 23:00:00,571.885
2026-06-12 23:30:00,472.203
2026-06-13 00:00:00,181.743
2026-06-13 00:30:00,174.27
2026-06-13 01:00:00,191.216
2026-06-13 01:30:00,222.945
2026-06-13 02:00:00,188.937
2026-06-13 02:30:00,159.29
2026-06-13 03:00:00,151.219
2026-06-13 03:30:00,224.072
2026-06-13 04:00:00,195.976
2026-06-13 04:30:00,194.662
2026-06-13 05:00:00,175.387
2026-06-13 05:30:00,191.482
2026-06-13 06:00:00,161.333
2026-06-13 06:30:00,197.497
2026-06-13 07:00:00,161.071
2026-06-13 07:30:00,185.183
2026-06-13 08:00:00,183.254
2026-06-13 08:30:00,124.887
2026-06-13 09:00:00,206.911
2026-06-13 09:30:00,205.082
2026-06-13 10:00:00,237.404
2026-06-13 10:30:00,261.314
2026-06-13 11:00:00,327.803
2026-06-13 11:30:00,317.332
2026-06-13 12:00:00,347.763
2026-06-13 12:30:00,384.605
2026-06-13 13:00:00,429.139
2026-06-13 13:30:00,455.067
2026-06-13 14:00:00,486.997
2026-06-13 14:30:00,532.306
2026-06-13 15:00:00,485.115
2026-06-13 15:30:00,624.338
2026-06-13 16:00:00,631.824
2026-06-13 16:30:00,609.978
2026-06-13 17:00:00,573.465
2026-06-13 17:30:00,634.808
2026-06-13 18:00:00,574.733
2026-06-13 18:30:00,585.458
2026-06-13 19:00:00,513.708
2026-06-13 19:30:00,570.185
2026-06-13 20:00:00,443.898
2026-06-13 20:30:00,445.434
2026-06-13 21:00:00,354.29
2026-06-13 21:30:00,371.184
2026-06-13 22:00:00,328.778
2026-06-13 22:30:00,338.144
2026-06-13 23:00:00,272.97
2026-06-13 23:30:00,289.736
2026-06-14 00:00:00,157.038
2026-06-14 00:30:00,175.596
2026-06-14 01:00:00,176.104
2026-06-14 01:30:00,195.055
2026-06-14 02:00:00,191.899
2026-06-14 02:30:00,200.788
2026-06-14 03:00:00,189.476
2026-06-14 03:30:00,199.461
2026-06-14 04:00:00,160.684
2026-06-14 04:30:00,193.18
2026-06-14 05:00:00,224.185
2026-06-14 05:30:00,142.786
2026-06-14 06:00:00,198.232
2026-06-14 06:30:00,204.736
2026-06-14 07:00:00,226.972
2026-06-14 07:30:00,212.316
2026-06-14 08:00:00,201.835
2026-06-14 08:30:00,217.073
2026-06-14 09:00:00,197.205
2026-06-14 09:30:00,217.854
2026-06-14 10:00:00,209.272
2026-06-14 10:30:00,298.446
2026-06-14 11:00:00,294.858
2026-06-14 11:30:00,286.812
2026-06-14 12:00:00,346.194
2026-06-14 12:30:00,401.198
2026-06-14 13:00:00,432.164
2026-06-14 13:30:00,420.519
2026-06-14 14:00:00,401.608
2026-06-14 14:30:00,524.41
2026-06-14 15:00:00,523.609
2026-06-14 15:30:00,587.67
2026-06-14 16:00:00,615.837
2026-06-14 16:30:00,632.391
2026-06-14 17:00:00,652.409
2026-06-14 17:30:00,635.459
2026-06-14 18:00:00,635.819
2026-06-14 18:30:00,606.588
2026-06-14 19:00:00,582.436
2026-06-14 19:30:00,513.504
2026-06-14 20:00:00,447.721
2026-06-14 20:30:00,505.766
2026-06-14 21:00:00,408.918
2026-06-14 21:30:00,402.932
2026-06-14 22:00:00,325.653
2026-06-14 22:30:00,333.813
2026-06-14 23:00:00,222.48
2026-06-14 23:30:00,251.009
2026-06-15 00:00:00,348.773
2026-06-15 00:30:00,362.805
2026-06-15 01:00:00,378.055
2026-06-15 01:30:00,323.926
2026-06-15 02:00:00,367.825
2026-06-15 02:30:00,382.074
2026-06-15 03:00:00,410.195
2026-06-15 03:30:00,369.45
2026-06-15 04:00:00,340.687
2026-06-15 04:30:00,321.013
2026-06-15 05:00:00,399.537
2026-06-15 05:30:00,373.79
2026-06-15 06:00:00,357.156
2026-06-15 06:30:00,320.691
2026-06-15 07:00:00,342.956
2026-06-15 07:30:00,389.178
2026-06-15 08:00:00,392.167
2026-06-15 08:30:00,348.113
2026-06-15 09:00:00,430.393
2026-06-15 09:30:00,398.391
2026-06-15 10:00:00,500.512
2026-06-15 10:30:00,507.657
2026-06-15 11:00:00,533.808
2026-06-15 11:30:00,620.359
2026-06-15 12:00:00,661.549
2026-06-15 12:30:00,748.92
2026-06-15 13:00:00,785.366
2026-06-15 13:30:00,856.758
2026-06-15 14:00:00,915.857
2026-06-15 14:30:00,996.046
2026-06-15 15:00:00,1092.027
2026-06-15 15:30:00,1087.645
2026-06-15 16:00:00,1154.815
2026-06-15 16:30:00,1140.585
2026-06-15 17:00:00,1119.082
2026-06-15 17:30:00,1167.782
2026-06-15 18:00:00,1147.876
2026-06-15 18:30:00,1097.463
2026-06-15 19:00:00,1012.179
2026-06-15 19:30:00,997.079
2026-06-15 20:00:00,929.646
2026-06-15 20:30:00,831.068
2026-06-15 21:00:00,749.517
2026-06-15 21:30:00,709.488
2026-06-15 22:00:00,669.035
2026-06-15 22:30:00,606.021
2026-06-15 23:00:00,523.372
2026-06-15 23:30:00,505.866
2026-06-16 00:00:00,373.411
2026-06-16 00:30:00,321.924
2026-06-16 01:00:00,352.833
2026-06-16 01:30:00,384.771
2026-06-16 02:00:00,319.453
2026-06-16 02:30:00,380.296
2026-06-16 03:00:00,392.027
2026-06-16 03:30:00,346.229
2026-06-16 04:00:00,343.6
2026-06-16 04:30:00,378.634
2026-06-16 05:00:00,349.154
2026-06-16 05:30:00,296.529
2026-06-16 06:00:00,355.235
2026-06-16 06:30:00,372.947
2026-06-16 07:00:00,384.737
2026-06-16 07:30:00,351.379
2026-06-16 08:00:00,376.576
2026-06-16 08:30:00,421.194
2026-06-16 09:00:00,413.078
2026-06-16 09:30:00,399.384
2026-06-16 10:00:00,497.603
2026-06-16 10:30:00,497.091
2026-06-16 11:00:00,572.674
2026-06-16 11:30:00,560.719
2026-06-16 12:00:00,649.687
2026-06-16 12:30:00,728.541
2026-06-16 13:00:00,781.176
2026-06-16 13:30:00,823.712
2026-06-16 14:00:00,863.318
2026-06-16 14:30:00,1027.553
2026-06-16 15:00:00,1055.779
2026-06-16 15:30:00,1129.384
2026-06-16 16:00:00,1161.833
2026-06-16 16:30:00,1177.517
2026-06-16 17:00:00,1162.717
2026-06-16 17:30:00,1174.84
2026-06-16 18:00:00,1174.429
2026-06-16 18:30:00,1102.29
2026-06-16 19:00:00,1097.121
2026-06-16 19:30:00,951.986
2026-06-16 20:00:00,882.815
2026-06-16 20:30:00,877.99
2026-06-16 21:00:00,762.886
2026-06-16 21:30:00,766.881
2026-06-16 22:00:00,686.145
2026-06-16 22:30:00,635.294
2026-06-16 23:00:00,567.504
2026-06-16 23:30:00,479.404
2026-06-17 00:00:00,309.749
2026-06-17 00:30:00,388.623
2026-06-17 01:00:00,313.765
2026-06-17 01:30:00,390.902
2026-06-17 02:00:00,368.067
2026-06-17 02:30:00,349.501
2026-06-17 03:00:00,362.599
2026-06-17 03:30:00,363.416
2026-06-17 04:00:00,347.115
2026-06-17 04:30:00,388.449
2026-06-17 05:00:00,388.592
2026-06-17 05:30:00,359.248
2026-06-17 06:00:00,342.705
2026-06-17 06:30:00,393.835
2026-06-17 07:00:00,315.671
2026-06-17 07:30:00,384.492
2026-06-17 08:00:00,401.81
2026-06-17 08:30:00,376.062
2026-06-17 09:00:00,438.923
2026-06-17 09:30:00,436.943
2026-06-17 10:00:00,453.019
2026-06-17 10:30:00,526.524
2026-06-17 11:00:00,518.251
2026-06-17 11:30:00,617.335
2026-06-17 12:00:00,603.153
2026-06-17 12:30:00,722.94
2026-06-17 13:00:00,784.45
2026-06-17 13:30:00,839.795
2026-06-17 14:00:00,932.729
2026-06-17 14:30:00,987.482
2026-06-17 15:00:00,1075.946
2026-06-17 15:30:00,1114.218
2026-06-17 16:00:00,1149.933
2026-06-17 16:30:00,1169.892
2026-06-17 17:00:00,1158.946
2026-06-17 17:30:00,1155.051
2026-06-17 18:00:00,1144.821
2026-06-17 18:30:00,1095.88
2026-06-17 19:00:00,1077.364
2026-06-17 19:30:00,991.808
2026-06-17 20:00:00,932.387
2026-06-17 20:30:00,818.221
2026-06-17 21:00:00,806.935
2026-06-17 21:30:00,701.268
2026-06-17 22:00:00,626.645
2026-06-17 22:30:00,636.76
2026-06-17 23:00:00,562.834
2026-06-17 23:30:00,526.871
2026-06-18 00:00:00,362.595
2026-06-18 00:30:00,348.912
2026-06-18 01:00:00,344.264
2026-06-18 01:30:00,370.758
2026-06-18 02:00:00,379.639
2026-06-18 02:30:00,349.703
2026-06-18 03:00:00,403.361
2026-06-18 03:30:00,346.851
2026-06-18 04:00:00,317.325
2026-06-18 04:30:00,309.769
2026-06-18 05:00:00,311.613
2026-06-18 05:30:00,345.012
2026-06-18 06:00:00,351.905
2026-06-18 06:30:00,378.251
2026-06-18 07:00:00,365.52
2026-06-18 07:30:00,394.479
2026-06-18 08:00:00,384.443
2026-06-18 08:30:00,397.109
2026-06-18 09:00:00,400.14
2026-06-18 09:30:00,473.167
2026-06-18 10:00:00,428.375
2026-06-18 10:30:00,509.976
2026-06-18 11:00:00,540.852
2026-06-18 11:30:00,615.149
2026-06-18 12:00:00,652.191
2026-06-18 12:30:00,716.013
2026-06-18 13:00:00,776.688
2026-06-18 13:30:00,888.119
2026-06-18 14:00:00,923.048
2026-06-18 14:30:00,1038.713
2026-06-18 15:00:00,1056.384
2026-06-18 15:30:00,1100.758
2026-06-18 16:00:00,1134.983
2026-06-18 16:30:00,1176.702
2026-06-18 17:00:00,1156.04
2026-06-18 17:30:00,1166.239
2026-06-18 18:00:00,1138.819
2026-06-18 18:30:00,1108.346
2026-06-18 19:00:00,1058.329
2026-06-18 19:30:00,999.522
2026-06-18 20:00:00,925.361
2026-06-18 20:30:00,892.511
2026-06-18 21:00:00,793.919
2026-06-18 21:30:00,780.947
2026-06-18 22:00:00,653.958
2026-06-18 22:30:00,619.578
2026-06-18 23:00:00,527.242
2026-06-18 23:30:00,537.463
2026-06-19 00:00:00,333.626
2026-06-19 00:30:00,362.637
2026-06-19 01:00:00,344.644
2026-06-19 01:30:00,362.58
2026-06-19 02:00:00,345.456
2026-06-19 02:30:00,331.676
2026-06-19 03:00:00,344.758
2026-06-19 03:30:00,390.324
2026-06-19 04:00:00,363.857
2026-06-19 04:30:00,320.586
2026-06-19 05:00:00,381.192
2026-06-19 05:30:00,333.069
2026-06-19 06:00:00,376.289
2026-06-19 06:30:00,375.016
2026-06-19 07:00:00,381.643
2026-06-19 07:30:00,419.724
2026-06-19 08:00:00,362.605
2026-06-19 08:30:00,412.041
2026-06-19 09:00:00,446.068
2026-06-19 09:30:00,421.519
2026-06-19 10:00:00,448.018
2026-06-19 10:30:00,495.264
2026-06-19 11:00:00,553.512
2026-06-19 11:30:00,560.343
2026-06-19 12:00:00,666.496
2026-06-19 12:30:00,680.588
2026-06-19 13:00:00,815.688
2026-06-19 13:30:00,866.132
2026-06-19 14:00:00,970.817
2026-06-19 14:30:00,1006.191
2026-06-19 15:00:00,1041.959
2026-06-19 15:30:00,1080.248
2026-06-19 16:00:00,1144.588
2026-06-19 16:30:00,1161.839
2026-06-19 17:00:00,1200.403
2026-06-19 17:30:00,1139.38
2026-06-19 18:00:00,1189.139
2026-06-19 18:30:00,1132.084
2026-06-19 19:00:00,1044.49
2026-06-19 19:30:00,1034.417
2026-06-19 20:00:00,903.41
2026-06-19 20:30:00,858.427
2026-06-19 21:00:00,751.443
2026-06-19 21:30:00,761.962
2026-06-19 22:00:00,611.527
2026-06-19 22:30:00,559.594
2026-06-19 23:00:00,529.525
2026-06-19 23:30:00,535.501
2026-06-20 00:00:00,206.512
2026-06-20 00:30:00,185.696
2026-06-20 01:00:00,208.125
2026-06-20 01:30:00,179.78
2026-06-20 02:00:00,193.25
2026-06-20 02:30:00,224.025
2026-06-20 03:00:00,176.639
2026-06-20 03:30:00,163.768
2026-06-20 04:00:00,194.89
2026-06-20 04:30:00,201.967
2026-06-20 05:00:00,186.741
2026-06-20 05:30:00,209.87
2026-06-20 06:00:00,180.975
2026-06-20 06:30:00,191.006
2026-06-20 07:00:00,199.807
2026-06-20 07:30:00,201.349
2026-06-20 08:00:00,239.659
2026-06-20 08:30:00,215.56
2026-06-20 09:00:00,207.983
2026-06-20 09:30:00,240.753
2026-06-20 10:00:00,267.886
2026-06-20 10:30:00,280.626
2026-06-20 11:00:00,301.575
2026-06-20 11:30:00,272.263
2026-06-20 12:00:00,277.097
2026-06-20 12:30:00,404.096
2026-06-20 13:00:00,418.316
2026-06-20 13:30:00,443.17
2026-06-20 14:00:00,497.312
2026-06-20 14:30:00,562.708
2026-06-20 15:00:00,581.119
2026-06-20 15:30:00,596.167
2026-06-20 16:00:00,569.912
2026-06-20 16:30:00,585.63
2026-06-20 17:00:00,549.13
2026-06-20 17:30:00,620.388
2026-06-20 18:00:00,619.796
2026-06-20 18:30:00,601.866
2026-06-20 19:00:00,562.666
2026-06-20 19:30:00,510.674
2026-06-20 20:00:00,465.847
2026-06-20 20:30:00,423.075
2026-06-20 21:00:00,403.259
2026-06-20 21:30:00,347.769
2026-06-20 22:00:00,383.309
2026-06-20 22:30:00,277.155
2026-06-20 23:00:00,278.678
2026-06-20 23:30:00,212.865
2026-06-21 00:00:00,190.055
2026-06-21 00:30:00,182.585
2026-06-21 01:00:00,173.732
2026-06-21 01:30:00,159.346
2026-06-21 02:00:00,182.751
2026-06-21 02:30:00,169.12
2026-06-21 03:00:00,179.383
2026-06-21 03:30:00,231.864
2026-06-21 04:00:00,187.435
2026-06-21 04:30:00,196.781
2026-06-21 05:00:00,172.368
2026-06-21 05:30:00,165.175
2026-06-21 06:00:00,185.433
2026-06-21 06:30:00,250.415
2026-06-21 07:00:00,183.257
2026-06-21 07:30:00,203.201
2026-06-21 08:00:00,178.617
2026-06-21 08:30:00,137.439
2026-06-21 09:00:00,195.835
2026-06-21 09:30:00,287.071
2026-06-21 10:00:00,257.549
2026-06-21 10:30:00,302.294
2026-06-21 11:00:00,274.911
2026-06-21 11:30:00,250.794
2026-06-21 12:00:00,311.692
2026-06-21 12:30:00,382.14
2026-06-21 13:00:00,413.285
2026-06-21 13:30:00,443.449
2026-06-21 14:00:00,466.698
2026-06-21 14:30:00,538.018
2026-06-21 15:00:00,533.247
2026-06-21 15:30:00,579.807
2026-06-21 16:00:00,596.964
2026-06-21 16:30:00,595.337
2026-06-21 17:00:00,586.758
2026-06-21 17:30:00,593.866
2026-06-21 18:00:00,638.921
2026-06-21 18:30:00,599.923
2026-06-21 19:00:00,571.29
2026-06-21 19:30:00,494.864
2026-06-21 20:00:00,444.012
2026-06-21 20:30:00,471.122
2026-06-21 21:00:00,429.963
2026-06-21 21:30:00,375.646
2026-06-21 22:00:00,330.146
2026-06-21 22:30:00,273.116
2026-06-21 23:00:00,305.289
2026-06-21 23:30:00,290.924
2026-06-22 00:00:00,334.256
2026-06-22 00:30:00,332.175
2026-06-22 01:00:00,382.281
2026-06-22 01:30:00,335.233
2026-06-22 02:00:00,395.803
2026-06-22 02:30:00,348.681
2026-06-22 03:00:00,341.884
2026-06-22 03:30:00,352.912
2026-06-22 04:00:00,342.509
2026-06-22 04:30:00,380.962
2026-06-22 05:00:00,375.953
2026-06-22 05:30:00,382.56
2026-06-22 06:00:00,362.318
2026-06-22 06:30:00,349.778
2026-06-22 07:00:00,366.009
2026-06-22 07:30:00,362.752
2026-06-22 08:00:00,419.986
2026-06-22 08:30:00,421.828
2026-06-22 09:00:00,412.29
2026-06-22 09:30:00,414.44
2026-06-22 10:00:00,505.183
2026-06-22 10:30:00,505.86
2026-06-22 11:00:00,542.139
2026-06-22 11:30:00,634.346
2026-06-22 12:00:00,639.963
2026-06-22 12:30:00,707.824
2026-06-22 13:00:00,777.585
2026-06-22 13:30:00,820.373
2026-06-22 14:00:00,930.882
2026-06-22 14:30:00,970.413
2026-06-22 15:00:00,1035.31
2026-06-22 15:30:00,1082.604
2026-06-22 16:00:00,1123.939
2026-06-22 16:30:00,1141.623
2026-06-22 17:00:00,1176.93
2026-06-22 17:30:00,1158.706
2026-06-22 18:00:00,1139.816
2026-06-22 18:30:00,1159.059
2026-06-22 19:00:00,1045.689
2026-06-22 19:30:00,1004.595
2026-06-22 20:00:00,940.957
2026-06-22 20:30:00,851.716
2026-06-22 21:00:00,790.199
2026-06-22 21:30:00,716.315
2026-06-22 22:00:00,657.775
2026-06-22 22:30:00,580.942
2026-06-22 23:00:00,533.038
2026-06-22 23:30:00,502.866
2026-06-23 00:00:00,301.935
2026-06-23 00:30:00,388.642
2026-06-23 01:00:00,405.276
2026-06-23 01:30:00,355.539
2026-06-23 02:00:00,367.963
2026-06-23 02:30:00,378.434
2026-06-23 03:00:00,318.431
2026-06-23 03:30:00,374.991
2026-06-23 04:00:00,341.514
2026-06-23 04:30:00,410.075
2026-06-23 05:00:00,349.101
2026-06-23 05:30:00,378.061
2026-06-23 06:00:00,353.245
2026-06-23 06:30:00,416.104
2026-06-23 07:00:00,353.426
2026-06-23 07:30:00,402.522
2026-06-23 08:00:00,398.988
2026-06-23 08:30:00,406.879
2026-06-23 09:00:00,420.303
2026-06-23 09:30:00,420.927
2026-06-23 10:00:00,402.011
2026-06-23 10:30:00,529.303
2026-06-23 11:00:00,533.172
2026-06-23 11:30:00,624.845
2026-06-23 12:00:00,661.504
2026-06-23 12:30:00,745.804
2026-06-23 13:00:00,803.402
2026-06-23 13:30:00,791.67
2026-06-23 14:00:00,938.361
2026-06-23 14:30:00,980.88
2026-06-23 15:00:00,1078.703
2026-06-23 15:30:00,1114.995
2026-06-23 16:00:00,1153.69
2026-06-23 16:30:00,1155.79
2026-06-23 17:00:00,1147.935
2026-06-23 17:30:00,1151.773
2026-06-23 18:00:00,1093.619
2026-06-23 18:30:00,1085.456
2026-06-23 19:00:00,1012.974
2026-06-23 19:30:00,953.528
2026-06-23 20:00:00,925.9
2026-06-23 20:30:00,866.639
2026-06-23 21:00:00,782.559
2026-06-23 21:30:00,703.328
2026-06-23 22:00:00,629.026
2026-06-23 22:30:00,587.675
2026-06-23 23:00:00,524.838
2026-06-23 23:30:00,500.873
2026-06-24 00:00:00,313.195
2026-06-24 00:30:00,368.773
2026-06-24 01:00:00,337.078
2026-06-24 01:30:00,360.686
2026-06-24 02:00:00,373.507
2026-06-24 02:30:00,359.604
2026-06-24 03:00:00,371.526
2026-06-24 03:30:00,300.118
2026-06-24 04:00:00,339.854
2026-06-24 04:30:00,380.384
2026-06-24 05:00:00,366.538
2026-06-24 05:30:00,401.568
2026-06-24 06:00:00,400.315
2026-06-24 06:30:00,368.676
2026-06-24 07:00:00,359.936
2026-06-24 07:30:00,349.434
2026-06-24 08:00:00,371.426
2026-06-24 08:30:00,386.565
2026-06-24 09:00:00,399.747
2026-06-24 09:30:00,414.644
2026-06-24 10:00:00,476.701
2026-06-24 10:30:00,544.859
2026-06-24 11:00:00,568.725
2026-06-24 11:30:00,587.545
2026-06-24 12:00:00,678.062
2026-06-24 12:30:00,724.464
2026-06-24 13:00:00,782.337
2026-06-24 13:30:00,850.71
2026-06-24 14:00:00,917.99
2026-06-24 14:30:00,1005.748
2026-06-24 15:00:00,1053.07
2026-06-24 15:30:00,1082.004
2026-06-24 16:00:00,1119.195
2026-06-24 16:30:00,1170.243
2026-06-24 17:00:00,1181.466
2026-06-24 17:30:00,1154.767
2026-06-24 18:00:00,1110.316
2026-06-24 18:30:00,1131.489
2026-06-24 19:00:00,1075.543
2026-06-24 19:30:00,939.787
2026-06-24 20:00:00,956.478
2026-06-24 20:30:00,848.063
2026-06-24 21:00:00,788.104
2026-06-24 21:30:00,744.253
2026-06-24 22:00:00,694.025
2026-06-24 22:30:00,620.677
2026-06-24 23:00:00,551.419
2026-06-24 23:30:00,468.052
2026-06-25 00:00:00,300.577
2026-06-25 00:30:00,373.194
2026-06-25 01:00:00,384.805
2026-06-25 01:30:00,330.914
2026-06-25 02:00:00,344.582
2026-06-25 02:30:00,337.476
2026-06-25 03:00:00,336.95
2026-06-25 03:30:00,378.658
2026-06-25 04:00:00,357.634
2026-06-25 04:30:00,347.078
2026-06-25 05:00:00,420.245
2026-06-25 05:30:00,319.496
2026-06-25 06:00:00,371.403
2026-06-25 06:30:00,334.962
2026-06-25 07:00:00,362.299
2026-06-25 07:30:00,377.111
2026-06-25 08:00:00,404.436
2026-06-25 08:30:00,390.242
2026-06-25 09:00:00,405.404
2026-06-25 09:30:00,430.625
2026-06-25 10:00:00,439.663
2026-06-25 10:30:00,518.251
2026-06-25 11:00:00,552.427
2026-06-25 11:30:00,606.484
2026-06-25 12:00:00,650.973
2026-06-25 12:30:00,710.975
2026-06-25 13:00:00,812.744
2026-06-25 13:30:00,878.832
2026-06-25 14:00:00,958.358
2026-06-25 14:30:00,998.787
2026-06-25 15:00:00,1083.395
2026-06-25 15:30:00,1089.812
2026-06-25 16:00:00,1133.595
2026-06-25 16:30:00,1192.473
2026-06-25 17:00:00,1191.836
2026-06-25 17:30:00,1155.334
2026-06-25 18:00:00,1112.46
2026-06-25 18:30:00,1095.115
2026-06-25 19:00:00,1032.456
2026-06-25 19:30:00,1032.584
2026-06-25 20:00:00,941.989
2026-06-25 20:30:00,834.14
2026-06-25 21:00:00,757.23
2026-06-25 21:30:00,696.339
2026-06-25 22:00:00,638.741
2026-06-25 22:30:00,591.438
2026-06-25 23:00:00,573.257
2026-06-25 23:30:00,478.28
2026-06-26 00:00:00,408.471
2026-06-26 00:30:00,327.658
2026-06-26 01:00:00,316.028
2026-06-26 01:30:00,393.488
2026-06-26 02:00:00,384.358
2026-06-26 02:30:00,346.849
2026-06-26 03:00:00,361.081
2026-06-26 03:30:00,361.948
2026-06-26 04:00:00,355.593
2026-06-26 04:30:00,320.395
2026-06-26 05:00:00,291.758
2026-06-26 05:30:00,334.239
2026-06-26 06:00:00,403.109
2026-06-26 06:30:00,407.572
2026-06-26 07:00:00,359.689
2026-06-26 07:30:00,349.446
2026-06-26 08:00:00,390.274
2026-06-26 08:30:00,407.746
2026-06-26 09:00:00,429.596
2026-06-26 09:30:00,374.427
2026-06-26 10:00:00,545.606
2026-06-26 10:30:00,530.755
2026-06-26 11:00:00,540.447
2026-06-26 11:30:00,577.643
2026-06-26 12:00:00,677.394
2026-06-26 12:30:00,728.182
2026-06-26 13:00:00,785.658
2026-06-26 13:30:00,864.746
2026-06-26 14:00:00,920.17
2026-06-26 14:30:00,999.518
2026-06-26 15:00:00,1067.737
2026-06-26 15:30:00,1108.797
2026-06-26 16:00:00,1145.889
2026-06-26 16:30:00,1197.417
2026-06-26 17:00:00,1130.822
2026-06-26 17:30:00,1142.649
2026-06-26 18:00:00,1139.28
2026-06-26 18:30:00,1081.968
2026-06-26 19:00:00,1039.677
2026-06-26 19:30:00,1021.665
2026-06-26 20:00:00,919.264
2026-06-26 20:30:00,807.557
2026-06-26 21:00:00,772.771
2026-06-26 21:30:00,717.25
2026-06-26 22:00:00,653.704
2026-06-26 22:30:00,609.506
2026-06-26 23:00:00,557.253
2026-06-26 23:30:00,498.973
2026-06-27 00:00:00,152.815
2026-06-27 00:30:00,171.616
2026-06-27 01:00:00,167.083
2026-06-27 01:30:00,175.538
2026-06-27 02:00:00,199.969
2026-06-27 02:30:00,192.834
2026-06-27 03:00:00,203.405
2026-06-27 03:30:00,173.326
2026-06-27 04:00:00,220.84
2026-06-27 04:30:00,200.281
2026-06-27 05:00:00,186.786
2026-06-27 05:30:00,199.869
2026-06-27 06:00:00,169.113
2026-06-27 06:30:00,135.098
2026-06-27 07:00:00,175.275
2026-06-27 07:30:00,212.852
2026-06-27 08:00:00,201.332
2026-06-27 08:30:00,202.9
2026-06-27 09:00:00,194.385
2026-06-27 09:30:00,178.658
2026-06-27 10:00:00,278.285
2026-06-27 10:30:00,256.073
2026-06-27 11:00:00,272.866
2026-06-27 11:30:00,292.924
2026-06-27 12:00:00,370.773
2026-06-27 12:30:00,394.248
2026-06-27 13:00:00,383.163
2026-06-27 13:30:00,472.823
2026-06-27 14:00:00,476.327
2026-06-27 14:30:00,499.262
2026-06-27 15:00:00,538.44
2026-06-27 15:30:00,552.529
2026-06-27 16:00:00,559.058
2026-06-27 16:30:00,623.953
2026-06-27 17:00:00,603.272
2026-06-27 17:30:00,619.98
2026-06-27 18:00:00,599.261
2026-06-27 18:30:00,585.825
2026-06-27 19:00:00,494.631
2026-06-27 19:30:00,492.856
2026-06-27 20:00:00,494.188
2026-06-27 20:30:00,411.839
2026-06-27 21:00:00,416.671
2026-06-27 21:30:00,337.447
2026-06-27 22:00:00,339.821
2026-06-27 22:30:00,349.964
2026-06-27 23:00:00,302.969
2026-06-27 23:30:00,215.002
2026-06-28 00:00:00,203.85
2026-06-28 00:30:00,228.201
2026-06-28 01:00:00,252.578
2026-06-28 01:30:00,194.542
2026-06-28 02:00:00,148.579
2026-06-28 02:30:00,193.599
2026-06-28 03:00:00,222.706
2026-06-28 03:30:00,178.251
2026-06-28 04:00:00,209.209
2026-06-28 04:30:00,162.47
2026-06-28 05:00:00,193.289
2026-06-28 05:30:00,122.546
2026-06-28 06:00:00,162.248
2026-06-28 06:30:00,187.664
2026-06-28 07:00:00,181.358
2026-06-28 07:30:00,161.65
2026-06-28 08:00:00,186.835
2026-06-28 08:30:00,214.562
2026-06-28 09:00:00,213.425
2026-06-28 09:30:00,229.077
2026-06-28 10:00:00,260.963
2026-06-28 10:30:00,252.691
2026-06-28 11:00:00,317.584
2026-06-28 11:30:00,284.983
2026-06-28 12:00:00,387.61
2026-06-28 12:30:00,400.041
2026-06-28 13:00:00,398.444
2026-06-28 13:30:00,436.477
2026-06-28 14:00:00,485.122
2026-06-28 14:30:00,529.492
2026-06-28 15:00:00,573.144
2026-06-28 15:30:00,538.597
2026-06-28 16:00:00,603.016
2026-06-28 16:30:00,551.637
2026-06-28 17:00:00,604.357
2026-06-28 17:30:00,640.898
2026-06-28 18:00:00,556.64
2026-06-28 18:30:00,532.131
2026-06-28 19:00:00,551.301
2026-06-28 19:30:00,549.211
2026-06-28 20:00:00,488.089
2026-06-28 20:30:00,396.094
2026-06-28 21:00:00,365.266
2026-06-28 21:30:00,374.658
2026-06-28 22:00:00,309.929
2026-06-28 22:30:00,313.132
2026-06-28 23:00:00,288.504
2026-06-28 23:30:00,249.027
2026-06-29 00:00:00,396.602
2026-06-29 00:30:00,366.002
2026-06-29 01:00:00,381.544
2026-06-29 01:30:00,374.294
2026-06-29 02:00:00,347.574
2026-06-29 02:30:00,346.546
2026-06-29 03:00:00,344.107
2026-06-29 03:30:00,368.812
2026-06-29 04:00:00,335.916
2026-06-29 04:30:00,395.933
2026-06-29 05:00:00,335.161
2026-06-29 05:30:00,360.719
2026-06-29 06:00:00,351.978
2026-06-29 06:30:00,349.917
2026-06-29 07:00:00,420.544
2026-06-29 07:30:00,362.418
2026-06-29 08:00:00,375.703
2026-06-29 08:30:00,380.168
2026-06-29 09:00:00,415.604
2026-06-29 09:30:00,435.07
2026-06-29 10:00:00,438.681
2026-06-29 10:30:00,491.834
2026-06-29 11:00:00,560.635
2026-06-29 11:30:00,621.28
2026-06-29 12:00:00,653.311
2026-06-29 12:30:00,717.272
2026-06-29 13:00:00,774.329
2026-06-29 13:30:00,840.727
2026-06-29 14:00:00,899.999
2026-06-29 14:30:00,950.555
2026-06-29 15:00:00,1032.017
2026-06-29 15:30:00,1122.816
2026-06-29 16:00:00,1128.006
2026-06-29 16:30:00,1153.945
2026-06-29 17:00:00,1161.613
2026-06-29 17:30:00,1193.713
2026-06-29 18:00:00,1115.406
2026-06-29 18:30:00,1107.141
2026-06-29 19:00:00,1047.866
2026-06-29 19:30:00,991.17
2026-06-29 20:00:00,929.097
2026-06-29 20:30:00,854.717
2026-06-29 21:00:00,803.18
2026-06-29 21:30:00,715.066
2026-06-29 22:00:00,696.321
2026-06-29 22:30:00,596.717
2026-06-29 23:00:00,502.807
2026-06-29 23:30:00,518.401
2026-06-30 00:00:00,361.035
2026-06-30 00:30:00,352.054
2026-06-30 01:00:00,344.765
2026-06-30 01:30:00,298.414
2026-06-30 02:00:00,302.655
2026-06-30 02:30:00,392.595
2026-06-30 03:00:00,336.91
2026-06-30 03:30:00,375.925
2026-06-30 04:00:00,312.099
2026-06-30 04:30:00,326.636
2026-06-30 05:00:00,370.773
2026-06-30 05:30:00,352.794
2026-06-30 06:00:00,371.147
2026-06-30 06:30:00,360.846
2026-06-30 07:00:00,361.043
2026-06-30 07:30:00,356.394
2026-06-30 08:00:00,353.471
2026-06-30 08:30:00,431.839
2026-06-30 09:00:00,453.761
2026-06-30 09:30:00,411.635
2026-06-30 10:00:00,439.06
2026-06-30 10:30:00,493.749
2026-06-30 11:00:00,553.904
2026-06-30 11:30:00,591.06
2026-06-30 12:00:00,665.199
2026-06-30 12:30:00,714.566
2026-06-30 13:00:00,780.489
2026-06-30 13:30:00,913.615
2026-06-30 14:00:00,909.858
2026-06-30 14:30:00,1030.47
2026-06-30 15:00:00,1085.75
2026-06-30 15:30:00,1112.817
2026-06-30 16:00:00,1090.463
2026-06-30 16:30:00,1163.372
2026-06-30 17:00:00,1157.883
2026-06-30 17:30:00,1163.098
2026-06-30 18:00:00,1112.042
2026-06-30 18:30:00,1119.121
2026-06-30 19:00:00,1074.203
2026-06-30 19:30:00,1018.722
2026-06-30 20:00:00,913.434
2026-06-30 20:30:00,826.802
2026-06-30 21:00:00,792.146
2026-06-30 21:30:00,759.699
2026-06-30 22:00:00,654.446
2026-06-30 22:30:00,606.913
2026-06-30 23:00:00,539.52
2026-06-30 23:30:00,489.857
